metric,insurer,line,value_type,year_quarter,value
direct_losses,0000,нс и оглс,base,2022-07-01,1.5445945088200002
direct_losses,0000,нс и оглс,base,2023-07-01,1.6150079097600003
direct_losses,0000,нс и оглс,base,2024-07-01,1.80510443947
direct_losses,0001,дмс,base,2020-07-01,3.95578047633
direct_losses,0001,дмс,base,2021-07-01,5.64559728799
direct_losses,0001,дмс,base,2022-07-01,5.58173889213
direct_losses,0001,дмс,base,2023-07-01,5.38934864752
direct_losses,0001,дмс,base,2024-07-01,6.05724260753
direct_losses,0001,нс и оглс,base,2020-07-01,0.9418805366899998
direct_losses,0001,нс и оглс,base,2021-07-01,1.05160396949
direct_losses,0001,нс и оглс,base,2022-07-01,1.2326907408199999
direct_losses,0001,нс и оглс,base,2023-07-01,1.07505427612
direct_losses,0001,нс и оглс,base,2024-07-01,0.95264988989
direct_losses,0001,осаго,base,2020-07-01,11.827985122309999
direct_losses,0001,осаго,base,2021-07-01,13.79013841301
direct_losses,0001,осаго,base,2022-07-01,16.68834867315
direct_losses,0001,осаго,base,2023-07-01,8.766742497220001
direct_losses,0001,осаго,base,2024-07-01,10.427293362220002
direct_losses,0013,дмс,base,2022-07-01,0.09046843868999979
direct_losses,0055,дмс,base,2020-07-01,0.039529712009999995
direct_losses,0055,нс и оглс,base,2020-07-01,0.0028852983799999
direct_losses,0141,дмс,base,2020-07-01,0.3662750914199999
direct_losses,0141,дмс,base,2021-07-01,0.47934781829
direct_losses,0141,дмс,base,2022-07-01,0.47928735888999996
direct_losses,0141,дмс,base,2023-07-01,0.38123737028999993
direct_losses,0141,дмс,base,2024-07-01,0.4094666005199999
direct_losses,0141,нс и оглс,base,2020-07-01,0.003780125
direct_losses,0141,нс и оглс,base,2021-07-01,0.00732665
direct_losses,0141,нс и оглс,base,2022-07-01,0.00580168
direct_losses,0141,нс и оглс,base,2023-07-01,0.007707049999999899
direct_losses,0141,нс и оглс,base,2024-07-01,0.00605105
direct_losses,0141,осаго,base,2020-07-01,0.0137517373699999
direct_losses,0141,осаго,base,2021-07-01,0.02618809911
direct_losses,0141,осаго,base,2022-07-01,0.0268390076999999
direct_losses,0141,осаго,base,2023-07-01,0.0174765337199998
direct_losses,0141,осаго,base,2024-07-01,0.0142274699099999
direct_losses,0177,дмс,base,2020-07-01,0.0023905367199999
direct_losses,0177,дмс,base,2021-07-01,0.0011064569999999
direct_losses,0177,нс и оглс,base,2020-07-01,0.038453175879999996
direct_losses,0177,нс и оглс,base,2021-07-01,0.00834757416
direct_losses,0177,осаго,base,2020-07-01,1.19445545475
direct_losses,0177,осаго,base,2021-07-01,0.6501219581699998
direct_losses,0191,нс и оглс,base,2020-07-01,0.20900411283999978
direct_losses,0191,нс и оглс,base,2021-07-01,0.23063496126999988
direct_losses,0191,нс и оглс,base,2022-07-01,0.60970195225
direct_losses,0191,нс и оглс,base,2023-07-01,0.8218398767499999
direct_losses,0191,нс и оглс,base,2024-07-01,1.55084233268
direct_losses,0191,осаго,base,2020-07-01,1.1682084098199998
direct_losses,0191,осаго,base,2021-07-01,0.79864895292
direct_losses,0191,осаго,base,2022-07-01,2.3469455625
direct_losses,0191,осаго,base,2023-07-01,3.22252909622
direct_losses,0191,осаго,base,2024-07-01,5.76707403397
direct_losses,0206,дмс,base,2020-07-01,0.02054925676
direct_losses,0206,дмс,base,2021-07-01,0.0213498856799999
direct_losses,0206,дмс,base,2022-07-01,0.03947091177
direct_losses,0206,дмс,base,2023-07-01,0.0305817379
direct_losses,0206,дмс,base,2024-07-01,0.0436493756599999
direct_losses,0206,нс и оглс,base,2020-07-01,0.0009052099999999
direct_losses,0206,нс и оглс,base,2021-07-01,0.0011317
direct_losses,0206,нс и оглс,base,2022-07-01,0.0012624
direct_losses,0206,нс и оглс,base,2023-07-01,0.0017488
direct_losses,0206,нс и оглс,base,2024-07-01,0.00224085
direct_losses,0212,нс и оглс,base,2020-07-01,0.00035835676999999995
direct_losses,0212,нс и оглс,base,2021-07-01,0.0004991611000000001
direct_losses,0212,нс и оглс,base,2022-07-01,0.00018197789000000002
direct_losses,0290,дмс,base,2020-07-01,0.0191088403199998
direct_losses,0290,дмс,base,2021-07-01,0.047554052779999904
direct_losses,0290,дмс,base,2022-07-01,0.0106530061199999
direct_losses,0290,дмс,base,2023-07-01,0.0142731218299999
direct_losses,0290,дмс,base,2024-07-01,0.03356876384
direct_losses,0290,нс и оглс,base,2020-07-01,0.13696772197
direct_losses,0290,нс и оглс,base,2021-07-01,0.14232518735999988
direct_losses,0290,нс и оглс,base,2022-07-01,0.11911761913999991
direct_losses,0290,нс и оглс,base,2023-07-01,0.1077220381399999
direct_losses,0290,нс и оглс,base,2024-07-01,0.11927585076
direct_losses,0290,осаго,base,2024-07-01,0.5667525448
direct_losses,0348,дмс,base,2020-07-01,0.00163713707
direct_losses,0348,дмс,base,2021-07-01,0.0024460054
direct_losses,0348,дмс,base,2022-07-01,0.0031081035199999
direct_losses,0348,дмс,base,2023-07-01,0.0039028534999998995
direct_losses,0348,дмс,base,2024-07-01,0.0019097413500000003
direct_losses,0397,дмс,base,2020-07-01,0.0436565869499998
direct_losses,0397,дмс,base,2021-07-01,0.03429558862
direct_losses,0397,дмс,base,2022-07-01,0.0859102508299999
direct_losses,0397,дмс,base,2023-07-01,0.1419928127899999
direct_losses,0397,дмс,base,2024-07-01,0.1217215918599999
direct_losses,0397,нс и оглс,base,2020-07-01,0.0151123169199999
direct_losses,0397,нс и оглс,base,2021-07-01,0.0181738484999999
direct_losses,0397,нс и оглс,base,2022-07-01,0.012839859669999999
direct_losses,0397,нс и оглс,base,2023-07-01,0.0245819050399999
direct_losses,0397,нс и оглс,base,2024-07-01,0.0174846024699998
direct_losses,0397,осаго,base,2020-07-01,0.9172023964899998
direct_losses,0397,осаго,base,2021-07-01,1.22173415591
direct_losses,0397,осаго,base,2022-07-01,1.69295238139
direct_losses,0397,осаго,base,2023-07-01,1.7945005418400002
direct_losses,0397,осаго,base,2024-07-01,1.2998568970900002
direct_losses,0436,дмс,base,2024-07-01,0.00028269
direct_losses,0436,нс и оглс,base,2020-07-01,0.000162094
direct_losses,0436,нс и оглс,base,2022-07-01,0.0008214392500000001
direct_losses,0436,нс и оглс,base,2023-07-01,0.021321806299999902
direct_losses,0436,нс и оглс,base,2024-07-01,0.09769827869
direct_losses,0448,дмс,base,2020-07-01,0.0038570996899999
direct_losses,0448,дмс,base,2021-07-01,0.0034843249799999
direct_losses,0448,дмс,base,2022-07-01,0.0043098543199999
direct_losses,0448,дмс,base,2023-07-01,0.0063385530699999
direct_losses,0448,дмс,base,2024-07-01,0.0048728506099999
direct_losses,0473,дмс,base,2020-07-01,0.0003365855
direct_losses,0507,дмс,base,2020-07-01,0.00403966331
direct_losses,0507,дмс,base,2021-07-01,0.00313939909
direct_losses,0507,нс и оглс,base,2020-07-01,0.00661090364
direct_losses,0507,нс и оглс,base,2021-07-01,0.00573725665
direct_losses,0518,дмс,base,2020-07-01,0.13460144469
direct_losses,0518,дмс,base,2021-07-01,0.1935762139099999
direct_losses,0518,дмс,base,2022-07-01,0.17946218608999986
direct_losses,0518,дмс,base,2023-07-01,0.20122590569999999
direct_losses,0518,дмс,base,2024-07-01,0.1956252049399999
direct_losses,0518,нс и оглс,base,2020-07-01,0.0010178146699998999
direct_losses,0518,нс и оглс,base,2021-07-01,0.011395930700000001
direct_losses,0518,нс и оглс,base,2022-07-01,0.0049708254599999
direct_losses,0518,нс и оглс,base,2023-07-01,0.00114717585
direct_losses,0518,нс и оглс,base,2024-07-01,0.0007888399999999
direct_losses,0518,осаго,base,2020-07-01,0.17949599777999992
direct_losses,0518,осаго,base,2021-07-01,0.19810217342999992
direct_losses,0518,осаго,base,2022-07-01,0.2207727483399999
direct_losses,0518,осаго,base,2023-07-01,0.2760056997099999
direct_losses,0518,осаго,base,2024-07-01,0.38511768097999977
direct_losses,0574,дмс,base,2020-07-01,0.055829221199999904
direct_losses,0574,дмс,base,2021-07-01,0.00850848415
direct_losses,0574,нс и оглс,base,2020-07-01,0.00177674198
direct_losses,0574,нс и оглс,base,2021-07-01,0.00077184
direct_losses,0585,дмс,base,2020-07-01,0.0137334471999999
direct_losses,0585,дмс,base,2021-07-01,0.0186562168999999
direct_losses,0585,дмс,base,2022-07-01,0.02388784197
direct_losses,0585,дмс,base,2023-07-01,0.02992122741
direct_losses,0585,дмс,base,2024-07-01,0.033825977539999996
direct_losses,0585,нс и оглс,base,2020-07-01,0.0215331065999999
direct_losses,0585,нс и оглс,base,2021-07-01,0.0124717573599999
direct_losses,0585,нс и оглс,base,2022-07-01,0.0052418850499999
direct_losses,0585,нс и оглс,base,2023-07-01,0.0068052911399999
direct_losses,0585,нс и оглс,base,2024-07-01,0.00749227324
direct_losses,0585,осаго,base,2020-07-01,0.1888893008099999
direct_losses,0585,осаго,base,2021-07-01,0.2083397135299999
direct_losses,0585,осаго,base,2022-07-01,0.20071167921999988
direct_losses,0585,осаго,base,2023-07-01,0.1168367643899999
direct_losses,0585,осаго,base,2024-07-01,0.1041932079699999
direct_losses,0621,дмс,base,2020-07-01,3.04678940109
direct_losses,0621,дмс,base,2021-07-01,4.77834934715
direct_losses,0621,дмс,base,2022-07-01,4.55168880275
direct_losses,0621,дмс,base,2023-07-01,5.204374684039999
direct_losses,0621,дмс,base,2024-07-01,7.15812459113
direct_losses,0621,нс и оглс,base,2020-07-01,0.84536388329
direct_losses,0621,нс и оглс,base,2021-07-01,1.1191179036799999
direct_losses,0621,нс и оглс,base,2022-07-01,1.43470997425
direct_losses,0621,нс и оглс,base,2023-07-01,1.5443726348999998
direct_losses,0621,нс и оглс,base,2024-07-01,2.30069983397
direct_losses,0621,осаго,base,2020-07-01,11.14925144611
direct_losses,0621,осаго,base,2021-07-01,10.155782512770001
direct_losses,0621,осаго,base,2022-07-01,8.44512861895
direct_losses,0621,осаго,base,2023-07-01,12.3262890062
direct_losses,0621,осаго,base,2024-07-01,17.130927413989998
direct_losses,0630,дмс,base,2020-07-01,0.1069830749999999
direct_losses,0630,дмс,base,2021-07-01,0.1226647915999999
direct_losses,0630,дмс,base,2022-07-01,0.13936436504
direct_losses,0630,дмс,base,2023-07-01,0.1742205643299998
direct_losses,0630,дмс,base,2024-07-01,0.2478597153
direct_losses,0630,нс и оглс,base,2020-07-01,0.0147830397899999
direct_losses,0630,нс и оглс,base,2021-07-01,0.046547432539999996
direct_losses,0630,нс и оглс,base,2022-07-01,0.03605803782
direct_losses,0630,нс и оглс,base,2023-07-01,0.0156025106499999
direct_losses,0630,нс и оглс,base,2024-07-01,0.0180949645299999
direct_losses,0630,осаго,base,2020-07-01,1.3512547037400002
direct_losses,0630,осаго,base,2021-07-01,1.63939553772
direct_losses,0630,осаго,base,2022-07-01,0.93337683149
direct_losses,0630,осаго,base,2023-07-01,0.9256823056599999
direct_losses,0630,осаго,base,2024-07-01,1.16453439707
direct_losses,0667,дмс,base,2020-07-01,0.01916183998
direct_losses,0667,дмс,base,2021-07-01,0.0320114949
direct_losses,0667,дмс,base,2022-07-01,0.11326335619
direct_losses,0667,дмс,base,2023-07-01,0.1342982060699999
direct_losses,0667,нс и оглс,base,2020-07-01,0.05374576355
direct_losses,0667,нс и оглс,base,2021-07-01,0.0717836034999999
direct_losses,0667,нс и оглс,base,2022-07-01,0.1096378705999999
direct_losses,0667,нс и оглс,base,2023-07-01,0.0830022459399999
direct_losses,0758,дмс,base,2020-07-01,0.0594346822299999
direct_losses,0758,дмс,base,2021-07-01,0.1421624384
direct_losses,0915,дмс,base,2020-07-01,0.0952018028099999
direct_losses,0915,дмс,base,2021-07-01,0.12004871722
direct_losses,0915,дмс,base,2022-07-01,0.2462916745399999
direct_losses,0915,дмс,base,2023-07-01,0.3170169081799999
direct_losses,0915,дмс,base,2024-07-01,0.38511325973
direct_losses,0915,нс и оглс,base,2020-07-01,0.0909275611299999
direct_losses,0915,нс и оглс,base,2021-07-01,0.0940553462
direct_losses,0915,нс и оглс,base,2022-07-01,0.13483701224
direct_losses,0915,нс и оглс,base,2023-07-01,0.1417958939699998
direct_losses,0915,нс и оглс,base,2024-07-01,0.2100392470299999
direct_losses,0915,осаго,base,2020-07-01,0.12111969981000001
direct_losses,0915,осаго,base,2021-07-01,0.1375712749199999
direct_losses,0915,осаго,base,2022-07-01,0.1101692198099999
direct_losses,0915,осаго,base,2023-07-01,0.1078915585399999
direct_losses,0915,осаго,base,2024-07-01,0.1403699408999998
direct_losses,0928,дмс,base,2020-07-01,5.078912137210001
direct_losses,0928,дмс,base,2021-07-01,5.2550904446699995
direct_losses,0928,дмс,base,2022-07-01,6.6104503981
direct_losses,0928,дмс,base,2023-07-01,7.6674885817
direct_losses,0928,дмс,base,2024-07-01,7.9977341954300005
direct_losses,0928,нс и оглс,base,2020-07-01,0.3504502431099999
direct_losses,0928,нс и оглс,base,2021-07-01,0.52154089718
direct_losses,0928,нс и оглс,base,2022-07-01,1.04057523724
direct_losses,0928,нс и оглс,base,2023-07-01,1.2495124197
direct_losses,0928,нс и оглс,base,2024-07-01,1.49311104895
direct_losses,0928,осаго,base,2020-07-01,11.09895652955
direct_losses,0928,осаго,base,2021-07-01,11.321353528829999
direct_losses,0928,осаго,base,2022-07-01,14.784767900159999
direct_losses,0928,осаго,base,2023-07-01,22.016885555149997
direct_losses,0928,осаго,base,2024-07-01,25.003999744380003
direct_losses,0983,дмс,base,2020-07-01,0.00143857415
direct_losses,0983,нс и оглс,base,2020-07-01,0.0086589908899998
direct_losses,1083,дмс,base,2020-07-01,0.11886986169
direct_losses,1083,дмс,base,2021-07-01,0.09561498565000001
direct_losses,1083,дмс,base,2022-07-01,0.09778416026
direct_losses,1083,дмс,base,2023-07-01,0.0348008848199999
direct_losses,1083,нс и оглс,base,2020-07-01,0.0784670566399999
direct_losses,1083,нс и оглс,base,2021-07-01,0.15570927788
direct_losses,1083,нс и оглс,base,2022-07-01,0.1185808126299999
direct_losses,1083,нс и оглс,base,2023-07-01,0.1487373354399999
direct_losses,1083,осаго,base,2020-07-01,1.04147675804
direct_losses,1083,осаго,base,2021-07-01,1.1268140356699998
direct_losses,1083,осаго,base,2022-07-01,1.32652784796
direct_losses,1083,осаго,base,2023-07-01,1.20390613925
direct_losses,1182,дмс,base,2020-07-01,0.04564495529
direct_losses,1182,дмс,base,2021-07-01,0.07761046932
direct_losses,1182,дмс,base,2022-07-01,0.1513237395999999
direct_losses,1182,дмс,base,2023-07-01,0.1604897430199999
direct_losses,1182,дмс,base,2024-07-01,0.1655102251099999
direct_losses,1182,нс и оглс,base,2020-07-01,0.00479581296
direct_losses,1182,нс и оглс,base,2021-07-01,0.012590758149999898
direct_losses,1182,нс и оглс,base,2022-07-01,0.0234814143999999
direct_losses,1182,нс и оглс,base,2023-07-01,0.0268597374999999
direct_losses,1182,нс и оглс,base,2024-07-01,0.0321201232799999
direct_losses,1208,дмс,base,2020-07-01,32.4450711593
direct_losses,1208,дмс,base,2021-07-01,42.20075030934
direct_losses,1208,дмс,base,2022-07-01,43.96723051314
direct_losses,1208,дмс,base,2023-07-01,49.33722907447
direct_losses,1208,дмс,base,2024-07-01,54.47980635188999
direct_losses,1208,нс и оглс,base,2020-07-01,8.63682900481
direct_losses,1208,нс и оглс,base,2021-07-01,14.37593732891
direct_losses,1208,нс и оглс,base,2022-07-01,6.286572015960001
direct_losses,1208,нс и оглс,base,2023-07-01,5.87451809077
direct_losses,1208,нс и оглс,base,2024-07-01,6.523765517679999
direct_losses,1208,осаго,base,2020-07-01,6.05451840614
direct_losses,1208,осаго,base,2021-07-01,6.02182782931
direct_losses,1208,осаго,base,2022-07-01,6.997340514639999
direct_losses,1208,осаго,base,2023-07-01,7.93969400552
direct_losses,1208,осаго,base,2024-07-01,9.247253531670001
direct_losses,1209,дмс,base,2020-07-01,10.00697990226
direct_losses,1209,дмс,base,2021-07-01,12.892945666460001
direct_losses,1209,дмс,base,2022-07-01,15.49873748819
direct_losses,1209,дмс,base,2023-07-01,14.95351744956
direct_losses,1209,дмс,base,2024-07-01,15.15458525995
direct_losses,1209,нс и оглс,base,2020-07-01,0.83518855615
direct_losses,1209,нс и оглс,base,2021-07-01,1.02985605885
direct_losses,1209,нс и оглс,base,2022-07-01,1.12079900843
direct_losses,1209,нс и оглс,base,2023-07-01,1.1166120070599999
direct_losses,1209,нс и оглс,base,2024-07-01,1.33806620972
direct_losses,1209,осаго,base,2020-07-01,12.087477634379999
direct_losses,1209,осаго,base,2021-07-01,17.75952352376
direct_losses,1209,осаго,base,2022-07-01,18.128433914429998
direct_losses,1209,осаго,base,2023-07-01,17.13310488063
direct_losses,1209,осаго,base,2024-07-01,19.51718447724
direct_losses,1216,дмс,base,2020-07-01,0.2701569501599999
direct_losses,1216,дмс,base,2021-07-01,0.3445667620999999
direct_losses,1216,дмс,base,2022-07-01,0.3270547416799999
direct_losses,1216,дмс,base,2023-07-01,0.3252219048399999
direct_losses,1216,дмс,base,2024-07-01,0.44202857321
direct_losses,1216,нс и оглс,base,2020-07-01,0.00771833273
direct_losses,1216,нс и оглс,base,2021-07-01,0.0064183390599998995
direct_losses,1216,нс и оглс,base,2022-07-01,0.007999765259999899
direct_losses,1216,нс и оглс,base,2023-07-01,0.0037291202
direct_losses,1216,нс и оглс,base,2024-07-01,0.004308342639999799
direct_losses,1216,осаго,base,2020-07-01,0.52410969601
direct_losses,1216,осаго,base,2021-07-01,0.6145881263
direct_losses,1216,осаго,base,2022-07-01,0.4680621816499999
direct_losses,1216,осаго,base,2023-07-01,0.2891033821299998
direct_losses,1216,осаго,base,2024-07-01,0.3023283081599999
direct_losses,1284,дмс,base,2020-07-01,2.92909032607
direct_losses,1284,дмс,base,2021-07-01,3.47165253139
direct_losses,1284,дмс,base,2022-07-01,4.4825441775799995
direct_losses,1284,дмс,base,2023-07-01,5.068005008969999
direct_losses,1284,дмс,base,2024-07-01,6.001090069
direct_losses,1284,нс и оглс,base,2020-07-01,0.2311066672599999
direct_losses,1284,нс и оглс,base,2021-07-01,0.7210036441799998
direct_losses,1284,нс и оглс,base,2022-07-01,1.01685607606
direct_losses,1284,нс и оглс,base,2023-07-01,1.2188878184599998
direct_losses,1284,нс и оглс,base,2024-07-01,1.64517457534
direct_losses,1284,осаго,base,2020-07-01,3.2345292601800004
direct_losses,1284,осаго,base,2021-07-01,3.66149320333
direct_losses,1284,осаго,base,2022-07-01,5.34319364942
direct_losses,1284,осаго,base,2023-07-01,6.01490957106
direct_losses,1284,осаго,base,2024-07-01,6.5209326155000005
direct_losses,1307,дмс,base,2020-07-01,1.85632390335
direct_losses,1307,дмс,base,2021-07-01,2.04034093979
direct_losses,1307,дмс,base,2022-07-01,2.14880967005
direct_losses,1307,дмс,base,2023-07-01,1.7567311549500002
direct_losses,1307,дмс,base,2024-07-01,1.8687829907500002
direct_losses,1307,нс и оглс,base,2020-07-01,0.2729584913399999
direct_losses,1307,нс и оглс,base,2021-07-01,0.22433865053000002
direct_losses,1307,нс и оглс,base,2022-07-01,0.3423905966899999
direct_losses,1307,нс и оглс,base,2023-07-01,0.35587205352
direct_losses,1307,нс и оглс,base,2024-07-01,0.2849001702
direct_losses,1307,осаго,base,2020-07-01,3.4944587527200004
direct_losses,1307,осаго,base,2021-07-01,5.0450198531499995
direct_losses,1307,осаго,base,2022-07-01,4.411201806079999
direct_losses,1307,осаго,base,2023-07-01,3.5302186880199997
direct_losses,1307,осаго,base,2024-07-01,4.22604543357
direct_losses,1336,дмс,base,2020-07-01,0.4057285926399999
direct_losses,1336,дмс,base,2021-07-01,0.53362876615
direct_losses,1336,дмс,base,2022-07-01,0.53564297475
direct_losses,1336,дмс,base,2023-07-01,0.59229676524
direct_losses,1336,дмс,base,2024-07-01,0.65084587245
direct_losses,1336,нс и оглс,base,2020-07-01,0.0002432
direct_losses,1336,нс и оглс,base,2021-07-01,0.0002148
direct_losses,1336,нс и оглс,base,2022-07-01,0.00112225
direct_losses,1336,нс и оглс,base,2023-07-01,0.0012129999999999999
direct_losses,1336,нс и оглс,base,2024-07-01,0.00025625
direct_losses,1372,дмс,base,2020-07-01,0.00032077
direct_losses,1412,дмс,base,2020-07-01,0.0032914857799999997
direct_losses,1412,дмс,base,2021-07-01,0.00309059087
direct_losses,1412,дмс,base,2022-07-01,0.004797058769999699
direct_losses,1412,дмс,base,2023-07-01,0.00777997569
direct_losses,1412,дмс,base,2024-07-01,0.00932744621
direct_losses,1412,нс и оглс,base,2020-07-01,0.00407322572
direct_losses,1412,нс и оглс,base,2021-07-01,0.0065435758999998
direct_losses,1412,нс и оглс,base,2022-07-01,0.00853442703
direct_losses,1412,нс и оглс,base,2023-07-01,0.0055705547099999
direct_losses,1412,нс и оглс,base,2024-07-01,0.01046690523
direct_losses,1427,дмс,base,2020-07-01,0.6344211373499997
direct_losses,1427,дмс,base,2021-07-01,0.74905986377
direct_losses,1427,дмс,base,2022-07-01,0.72432105355
direct_losses,1427,дмс,base,2023-07-01,0.51902333643
direct_losses,1427,дмс,base,2024-07-01,0.0782637002999998
direct_losses,1427,нс и оглс,base,2020-07-01,0.21523661096999988
direct_losses,1427,нс и оглс,base,2021-07-01,0.2818265924199999
direct_losses,1427,нс и оглс,base,2022-07-01,0.31809600429
direct_losses,1427,нс и оглс,base,2023-07-01,0.26926511754
direct_losses,1427,нс и оглс,base,2024-07-01,0.3595925140899999
direct_losses,1427,осаго,base,2020-07-01,2.9155237664199998
direct_losses,1427,осаго,base,2021-07-01,3.15913887342
direct_losses,1427,осаго,base,2022-07-01,2.7597871292
direct_losses,1427,осаго,base,2023-07-01,3.60740461293
direct_losses,1427,осаго,base,2024-07-01,3.6593685197399997
direct_losses,1580,дмс,base,2020-07-01,0.0097715835699999
direct_losses,1580,дмс,base,2021-07-01,0.0003976661799999
direct_losses,1580,дмс,base,2022-07-01,0.0016984518699999004
direct_losses,1580,дмс,base,2023-07-01,0.0096993786
direct_losses,1580,дмс,base,2024-07-01,0.01938921624
direct_losses,1580,нс и оглс,base,2021-07-01,0.00090317907
direct_losses,1580,нс и оглс,base,2022-07-01,0.0024487606299999
direct_losses,1580,нс и оглс,base,2023-07-01,0.0030857385899999996
direct_losses,1580,нс и оглс,base,2024-07-01,0.0065640892799999
direct_losses,1587,нс и оглс,base,2020-07-01,0.00040674
direct_losses,1587,нс и оглс,base,2021-07-01,0.0005786749999999001
direct_losses,1587,нс и оглс,base,2022-07-01,0.00036578500000000004
direct_losses,1587,нс и оглс,base,2023-07-01,0.00014602499999999999
direct_losses,1587,нс и оглс,base,2024-07-01,9.5925e-05
direct_losses,1587,осаго,base,2020-07-01,0.4549339315899999
direct_losses,1587,осаго,base,2021-07-01,0.7606828517399998
direct_losses,1587,осаго,base,2022-07-01,0.53010602896
direct_losses,1587,осаго,base,2023-07-01,0.0687288227099999
direct_losses,1587,осаго,base,2024-07-01,0.0144307428299999
direct_losses,1623,дмс,base,2022-07-01,0.00191808331
direct_losses,1623,дмс,base,2023-07-01,0.0026852380499999
direct_losses,1623,дмс,base,2024-07-01,0.051183009210000005
direct_losses,1623,нс и оглс,base,2020-07-01,0.00855215417
direct_losses,1623,нс и оглс,base,2021-07-01,0.0049387338799999
direct_losses,1623,нс и оглс,base,2022-07-01,0.0096932017699999
direct_losses,1623,нс и оглс,base,2023-07-01,0.01566485211
direct_losses,1623,нс и оглс,base,2024-07-01,0.1196383175099998
direct_losses,1643,дмс,base,2020-07-01,0.1292673823
direct_losses,1643,дмс,base,2021-07-01,0.16997515778
direct_losses,1643,дмс,base,2022-07-01,0.0859662669999999
direct_losses,1675,дмс,base,2020-07-01,0.3905970931799999
direct_losses,1675,дмс,base,2021-07-01,0.27036429599
direct_losses,1675,дмс,base,2022-07-01,0.5989944034799999
direct_losses,1675,дмс,base,2023-07-01,0.80896532275
direct_losses,1675,дмс,base,2024-07-01,0.9340395800499999
direct_losses,1675,нс и оглс,base,2020-07-01,0.0220161247499999
direct_losses,1675,нс и оглс,base,2021-07-01,0.13682597294999999
direct_losses,1675,нс и оглс,base,2022-07-01,0.86996092843
direct_losses,1675,нс и оглс,base,2023-07-01,1.00335532549
direct_losses,1675,нс и оглс,base,2024-07-01,0.9791005130899999
direct_losses,1675,осаго,base,2020-07-01,0.42711483882
direct_losses,1675,осаго,base,2021-07-01,0.68972175318
direct_losses,1675,осаго,base,2022-07-01,1.09151354468
direct_losses,1675,осаго,base,2023-07-01,0.9072608975299998
direct_losses,1675,осаго,base,2024-07-01,0.63633551002
direct_losses,1688,нс и оглс,base,2020-07-01,0.00378894
direct_losses,1820,дмс,base,2020-07-01,0.0086720211199998
direct_losses,1820,дмс,base,2021-07-01,0.01582457228
direct_losses,1820,дмс,base,2022-07-01,0.0124443547899999
direct_losses,1820,дмс,base,2023-07-01,0.0146697589
direct_losses,1820,дмс,base,2024-07-01,0.01906938768
direct_losses,1820,нс и оглс,base,2020-07-01,1.0833e-05
direct_losses,1820,нс и оглс,base,2021-07-01,0.00057752707
direct_losses,1820,нс и оглс,base,2024-07-01,0.00015
direct_losses,1820,осаго,base,2020-07-01,0.0007534733700000001
direct_losses,1820,осаго,base,2021-07-01,0.0003853829999999
direct_losses,1834,дмс,base,2020-07-01,0.8765972714199999
direct_losses,1834,дмс,base,2021-07-01,1.0921346118999997
direct_losses,1834,дмс,base,2022-07-01,1.21906796963
direct_losses,1834,дмс,base,2023-07-01,1.2768273885399999
direct_losses,1834,дмс,base,2024-07-01,1.44171067559
direct_losses,1834,нс и оглс,base,2020-07-01,0.3170821734999998
direct_losses,1834,нс и оглс,base,2021-07-01,0.39059578451
direct_losses,1834,нс и оглс,base,2022-07-01,0.4673515080199999
direct_losses,1834,нс и оглс,base,2023-07-01,0.44959599653999993
direct_losses,1834,нс и оглс,base,2024-07-01,0.43090569084999997
direct_losses,1834,осаго,base,2020-07-01,2.0142106553400003
direct_losses,1834,осаго,base,2021-07-01,2.25701768929
direct_losses,1834,осаго,base,2022-07-01,2.04016573252
direct_losses,1834,осаго,base,2023-07-01,2.0135792181800003
direct_losses,1834,осаго,base,2024-07-01,2.4186717687
direct_losses,1858,дмс,base,2020-07-01,0.01044043446
direct_losses,1858,дмс,base,2021-07-01,0.007526863229999899
direct_losses,1858,дмс,base,2022-07-01,0.01182164141
direct_losses,1858,дмс,base,2023-07-01,0.0019711363799999
direct_losses,1858,дмс,base,2024-07-01,0.0017141107999999
direct_losses,1858,нс и оглс,base,2020-07-01,0.0009849947499999
direct_losses,1858,нс и оглс,base,2021-07-01,0.0009374097799998999
direct_losses,1858,нс и оглс,base,2022-07-01,0.0010287034199999
direct_losses,1858,нс и оглс,base,2023-07-01,0.0005922439499999
direct_losses,1858,нс и оглс,base,2024-07-01,0.00031191019999999995
direct_losses,1858,осаго,base,2020-07-01,0.72721715845
direct_losses,1858,осаго,base,2021-07-01,0.7821141870499998
direct_losses,1858,осаго,base,2022-07-01,0.62148083126
direct_losses,1858,осаго,base,2023-07-01,0.4644677312599999
direct_losses,1858,осаго,base,2024-07-01,0.38128771703
direct_losses,2027,дмс,base,2020-07-01,5.0766740000000006e-05
direct_losses,2027,дмс,base,2021-07-01,5.183509999999999e-05
direct_losses,2027,дмс,base,2022-07-01,7.236623000000001e-05
direct_losses,2027,дмс,base,2023-07-01,0.00064836
direct_losses,2027,дмс,base,2024-07-01,0.0061012549899999
direct_losses,2027,нс и оглс,base,2020-07-01,0.0035972787799999
direct_losses,2027,нс и оглс,base,2021-07-01,0.00290753353
direct_losses,2027,нс и оглс,base,2022-07-01,0.0020827722699999
direct_losses,2027,нс и оглс,base,2023-07-01,0.00479855033
direct_losses,2027,нс и оглс,base,2024-07-01,0.00420217121
direct_losses,2027,осаго,base,2020-07-01,0.37301808338
direct_losses,2027,осаго,base,2021-07-01,0.4669790412799999
direct_losses,2027,осаго,base,2022-07-01,0.5357471424399999
direct_losses,2027,осаго,base,2023-07-01,0.5213164474399998
direct_losses,2027,осаго,base,2024-07-01,0.86491249098
direct_losses,2031,дмс,base,2024-07-01,4e-06
direct_losses,2042,дмс,base,2020-07-01,0.0018624110899999999
direct_losses,2042,дмс,base,2021-07-01,0.0009490252799998
direct_losses,2042,дмс,base,2022-07-01,0.00345020927
direct_losses,2042,дмс,base,2023-07-01,0.0035295215199999
direct_losses,2042,дмс,base,2024-07-01,0.00478721531
direct_losses,2042,нс и оглс,base,2020-07-01,0.00909502243
direct_losses,2042,нс и оглс,base,2021-07-01,0.0075310047199999
direct_losses,2042,нс и оглс,base,2022-07-01,0.023619829979999903
direct_losses,2042,нс и оглс,base,2023-07-01,0.0245762977099999
direct_losses,2042,нс и оглс,base,2024-07-01,0.0109322157699999
direct_losses,2144,дмс,base,2020-07-01,0.0174894675499999
direct_losses,2144,дмс,base,2021-07-01,0.0170368231
direct_losses,2144,дмс,base,2022-07-01,0.022132803039999798
direct_losses,2144,нс и оглс,base,2020-07-01,0.000113003
direct_losses,2144,нс и оглс,base,2021-07-01,0.0008043249999999999
direct_losses,2144,нс и оглс,base,2022-07-01,0.0022405740799999
direct_losses,2182,дмс,base,2020-07-01,0.0198672155499999
direct_losses,2182,нс и оглс,base,2020-07-01,0.0074357272399999
direct_losses,2182,осаго,base,2020-07-01,1.0299642871099999
direct_losses,2239,дмс,base,2020-07-01,7.9458124980200004
direct_losses,2239,дмс,base,2021-07-01,9.77987970437
direct_losses,2239,дмс,base,2022-07-01,11.92501732313
direct_losses,2239,дмс,base,2023-07-01,15.34449631013
direct_losses,2239,дмс,base,2024-07-01,18.33522117589
direct_losses,2239,нс и оглс,base,2020-07-01,1.08053325009
direct_losses,2239,нс и оглс,base,2021-07-01,2.00319489926
direct_losses,2239,нс и оглс,base,2022-07-01,2.34965212744
direct_losses,2239,нс и оглс,base,2023-07-01,2.1004878044699997
direct_losses,2239,нс и оглс,base,2024-07-01,2.31354208971
direct_losses,2239,осаго,base,2020-07-01,14.171518266030002
direct_losses,2239,осаго,base,2021-07-01,15.45909892005
direct_losses,2239,осаго,base,2022-07-01,18.096275984400002
direct_losses,2239,осаго,base,2023-07-01,16.42865138657
direct_losses,2239,осаго,base,2024-07-01,24.14246422595
direct_losses,2243,дмс,base,2020-07-01,0.0353906283599999
direct_losses,2243,дмс,base,2021-07-01,0.039851528409999795
direct_losses,2243,нс и оглс,base,2020-07-01,0.014573571229999898
direct_losses,2243,нс и оглс,base,2021-07-01,0.0087846990499999
direct_losses,2243,осаго,base,2020-07-01,3.7101170040600007
direct_losses,2243,осаго,base,2021-07-01,5.68728886341
direct_losses,2346,дмс,base,2020-07-01,0.04475101578
direct_losses,2346,дмс,base,2021-07-01,0.0630539269799999
direct_losses,2346,дмс,base,2022-07-01,0.0522428562499998
direct_losses,2346,дмс,base,2023-07-01,0.06424728376
direct_losses,2346,дмс,base,2024-07-01,0.0724585568299999
direct_losses,2346,нс и оглс,base,2020-07-01,0.0175993053099999
direct_losses,2346,нс и оглс,base,2021-07-01,0.0132823249599999
direct_losses,2346,нс и оглс,base,2022-07-01,0.0322259264699999
direct_losses,2346,нс и оглс,base,2023-07-01,0.01037015847
direct_losses,2346,нс и оглс,base,2024-07-01,0.0208218219299999
direct_losses,2346,осаго,base,2020-07-01,0.68671959683
direct_losses,2346,осаго,base,2021-07-01,0.8032905878200001
direct_losses,2346,осаго,base,2022-07-01,0.57399019834
direct_losses,2346,осаго,base,2023-07-01,0.53789975797
direct_losses,2346,осаго,base,2024-07-01,0.60386494542
direct_losses,2353,дмс,base,2020-07-01,0.09523984475999989
direct_losses,2353,дмс,base,2021-07-01,0.1333837940249999
direct_losses,2353,нс и оглс,base,2020-07-01,0.0041204566199999
direct_losses,2353,нс и оглс,base,2021-07-01,0.00215550175
direct_losses,2353,осаго,base,2020-07-01,0.1973381265899999
direct_losses,2353,осаго,base,2021-07-01,0.0307459804799999
direct_losses,2397,осаго,base,2020-07-01,0.0179160282399999
direct_losses,2496,дмс,base,2020-07-01,0.5083617872899999
direct_losses,2496,дмс,base,2021-07-01,0.8369464966499999
direct_losses,2496,дмс,base,2022-07-01,0.7748522573499999
direct_losses,2496,дмс,base,2023-07-01,0.6140578780999998
direct_losses,2496,дмс,base,2024-07-01,0.6813319059099998
direct_losses,2496,нс и оглс,base,2020-07-01,0.3768991841899999
direct_losses,2496,нс и оглс,base,2021-07-01,0.0654234154599999
direct_losses,2496,нс и оглс,base,2022-07-01,0.15640728221
direct_losses,2496,нс и оглс,base,2023-07-01,0.2737960803399998
direct_losses,2496,нс и оглс,base,2024-07-01,0.2268426052299998
direct_losses,2496,осаго,base,2020-07-01,0.1191413443899999
direct_losses,2496,осаго,base,2021-07-01,0.2842599923299999
direct_losses,2496,осаго,base,2022-07-01,0.37263675033
direct_losses,2496,осаго,base,2023-07-01,0.4224905675499999
direct_losses,2496,осаго,base,2024-07-01,0.4373846022
direct_losses,2619,дмс,base,2020-07-01,0.0377839243399998
direct_losses,2619,дмс,base,2021-07-01,0.0701284680999999
direct_losses,2619,дмс,base,2022-07-01,0.0391627823699999
direct_losses,2619,дмс,base,2023-07-01,0.0527178605699998
direct_losses,2619,дмс,base,2024-07-01,0.0453883824399999
direct_losses,2619,нс и оглс,base,2020-07-01,0.008633413999999999
direct_losses,2619,нс и оглс,base,2021-07-01,0.0095255425699999
direct_losses,2619,нс и оглс,base,2022-07-01,0.0115234951199998
direct_losses,2619,нс и оглс,base,2023-07-01,0.0163117736599999
direct_losses,2619,нс и оглс,base,2024-07-01,0.0604214834799999
direct_losses,2619,осаго,base,2020-07-01,1.41969541995
direct_losses,2619,осаго,base,2021-07-01,1.42763053432
direct_losses,2619,осаго,base,2022-07-01,1.8423993967399999
direct_losses,2619,осаго,base,2023-07-01,2.3483787865399997
direct_losses,2619,осаго,base,2024-07-01,2.67959665788
direct_losses,2682,дмс,base,2021-07-01,0.015514906459999901
direct_losses,2682,дмс,base,2022-07-01,0.010812384769999999
direct_losses,2682,дмс,base,2023-07-01,0.0135674386799999
direct_losses,2682,дмс,base,2024-07-01,0.01104027535
direct_losses,2682,нс и оглс,base,2021-07-01,0.001029349
direct_losses,2682,нс и оглс,base,2024-07-01,0.0055553316099999
direct_losses,2682,осаго,base,2023-07-01,0.0317030082599999
direct_losses,2682,осаго,base,2024-07-01,0.08199731385999989
direct_losses,2708,дмс,base,2020-07-01,0.2180551661399998
direct_losses,2708,дмс,base,2021-07-01,0.1283123686399999
direct_losses,2708,нс и оглс,base,2020-07-01,0.1007680691199999
direct_losses,2708,нс и оглс,base,2021-07-01,0.053848127369999804
direct_losses,2708,нс и оглс,base,2022-07-01,0.00230431172
direct_losses,2708,нс и оглс,base,2023-07-01,0.00152974472
direct_losses,2733,дмс,base,2022-07-01,0.00042577751
direct_losses,2733,дмс,base,2023-07-01,0.20875610399
direct_losses,2733,дмс,base,2024-07-01,0.19787963329999989
direct_losses,2733,нс и оглс,base,2020-07-01,0.0108282166599999
direct_losses,2733,нс и оглс,base,2021-07-01,0.005264422339999899
direct_losses,2733,нс и оглс,base,2024-07-01,0.019826979559999902
direct_losses,2873,дмс,base,2020-07-01,0.00938611885
direct_losses,2873,дмс,base,2021-07-01,0.0122775975999998
direct_losses,2877,дмс,base,2020-07-01,0.0138508215199999
direct_losses,2877,дмс,base,2021-07-01,0.06341366895999989
direct_losses,2877,дмс,base,2022-07-01,0.2068426681399999
direct_losses,2877,дмс,base,2023-07-01,0.11414535869
direct_losses,2877,дмс,base,2024-07-01,0.1213251310299999
direct_losses,2877,нс и оглс,base,2020-07-01,0.0101701682199999
direct_losses,2877,нс и оглс,base,2021-07-01,0.0111568368499999
direct_losses,2877,нс и оглс,base,2022-07-01,0.0167291290899998
direct_losses,2877,нс и оглс,base,2023-07-01,0.008820745899999899
direct_losses,2877,нс и оглс,base,2024-07-01,0.012810034
direct_losses,2877,осаго,base,2020-07-01,0.0059398076999999
direct_losses,2877,осаго,base,2021-07-01,0.0013711024299999002
direct_losses,2917,дмс,base,2020-07-01,0.012586104889999901
direct_losses,2917,дмс,base,2021-07-01,0.000554225
direct_losses,2917,дмс,base,2023-07-01,1.9087e-05
direct_losses,2917,дмс,base,2024-07-01,0.00160595
direct_losses,2917,нс и оглс,base,2020-07-01,0.0012045
direct_losses,2917,нс и оглс,base,2021-07-01,0.002341
direct_losses,2917,нс и оглс,base,2022-07-01,0.004248
direct_losses,2917,нс и оглс,base,2023-07-01,0.00166
direct_losses,2917,нс и оглс,base,2024-07-01,0.000528
direct_losses,2947,дмс,base,2020-07-01,0.1850870580199999
direct_losses,2947,дмс,base,2021-07-01,0.25138866728999987
direct_losses,2947,дмс,base,2022-07-01,0.21379114718
direct_losses,2947,дмс,base,2023-07-01,0.24090513608
direct_losses,2947,дмс,base,2024-07-01,0.23981520355
direct_losses,2947,нс и оглс,base,2020-07-01,0.57208657021
direct_losses,2947,нс и оглс,base,2021-07-01,1.04404449449
direct_losses,2947,нс и оглс,base,2022-07-01,1.10190247306
direct_losses,2947,нс и оглс,base,2023-07-01,0.6618884013
direct_losses,2947,нс и оглс,base,2024-07-01,0.6813900896599999
direct_losses,3064,дмс,base,2020-07-01,0.005294349570000001
direct_losses,3064,дмс,base,2021-07-01,0.0056938770699999
direct_losses,3064,дмс,base,2022-07-01,0.016673711649999902
direct_losses,3064,дмс,base,2023-07-01,0.0200467797999999
direct_losses,3064,дмс,base,2024-07-01,0.02212570905
direct_losses,3064,нс и оглс,base,2020-07-01,8.03e-05
direct_losses,3064,нс и оглс,base,2021-07-01,0.00021869999999989999
direct_losses,3064,нс и оглс,base,2022-07-01,0.0002919
direct_losses,3064,нс и оглс,base,2023-07-01,0.0002851
direct_losses,3064,нс и оглс,base,2024-07-01,0.0005499249999999
direct_losses,3064,осаго,base,2020-07-01,0.1671432706999998
direct_losses,3064,осаго,base,2021-07-01,0.2278252940199999
direct_losses,3064,осаго,base,2022-07-01,0.3335369774999999
direct_losses,3064,осаго,base,2023-07-01,0.4566042962
direct_losses,3064,осаго,base,2024-07-01,0.57154819119
direct_losses,3128,дмс,base,2020-07-01,0.00031717126000000003
direct_losses,3128,дмс,base,2021-07-01,0.000265014
direct_losses,3128,дмс,base,2022-07-01,0.00033273385
direct_losses,3128,дмс,base,2023-07-01,0.00079824292
direct_losses,3128,дмс,base,2024-07-01,0.00071010136
direct_losses,3193,дмс,base,2020-07-01,0.0797059606
direct_losses,3193,дмс,base,2021-07-01,0.0508406007999999
direct_losses,3193,дмс,base,2022-07-01,0.0124118059099999
direct_losses,3193,нс и оглс,base,2020-07-01,0.0175481467099999
direct_losses,3193,нс и оглс,base,2021-07-01,0.0345158206899999
direct_losses,3193,нс и оглс,base,2022-07-01,0.00918542029
direct_losses,3193,нс и оглс,base,2023-07-01,0.0031666219999999003
direct_losses,3211,дмс,base,2020-07-01,0.14759224209
direct_losses,3211,дмс,base,2021-07-01,0.26902304015
direct_losses,3211,дмс,base,2022-07-01,0.4137064298999999
direct_losses,3211,дмс,base,2023-07-01,0.52777309851
direct_losses,3211,дмс,base,2024-07-01,0.6674476108299999
direct_losses,3211,нс и оглс,base,2020-07-01,0.0637145434499999
direct_losses,3211,нс и оглс,base,2021-07-01,0.16374559038
direct_losses,3211,нс и оглс,base,2022-07-01,0.2076797104999999
direct_losses,3211,нс и оглс,base,2023-07-01,0.2879853741499999
direct_losses,3211,нс и оглс,base,2024-07-01,0.41527048852
direct_losses,3211,осаго,base,2020-07-01,2.95054696605
direct_losses,3211,осаго,base,2021-07-01,3.72247955839
direct_losses,3211,осаго,base,2022-07-01,3.78146397238
direct_losses,3211,осаго,base,2023-07-01,5.174810150639999
direct_losses,3211,осаго,base,2024-07-01,5.99242106618
direct_losses,3229,дмс,base,2020-07-01,0.0496560641299998
direct_losses,3229,дмс,base,2021-07-01,0.08338503535
direct_losses,3229,дмс,base,2022-07-01,0.1158296526699999
direct_losses,3229,дмс,base,2023-07-01,0.08853115892999999
direct_losses,3229,дмс,base,2024-07-01,0.1004955947599999
direct_losses,3229,нс и оглс,base,2020-07-01,0.00151699
direct_losses,3229,нс и оглс,base,2021-07-01,0.0012772349999999
direct_losses,3229,нс и оглс,base,2022-07-01,0.0017984399999999
direct_losses,3229,нс и оглс,base,2023-07-01,0.0030189999999999002
direct_losses,3229,нс и оглс,base,2024-07-01,0.0026560799999999
direct_losses,3229,осаго,base,2020-07-01,0.14451695894
direct_losses,3229,осаго,base,2021-07-01,0.39907566897
direct_losses,3229,осаго,base,2022-07-01,0.4945865726799999
direct_losses,3229,осаго,base,2023-07-01,0.0835974916399998
direct_losses,3229,осаго,base,2024-07-01,0.02748936195
direct_losses,3230,дмс,base,2020-07-01,0.2471741822999998
direct_losses,3230,дмс,base,2021-07-01,0.3288936192599999
direct_losses,3230,дмс,base,2022-07-01,0.32077303979
direct_losses,3230,дмс,base,2023-07-01,0.0116696758399998
direct_losses,3245,дмс,base,2020-07-01,0.032655433319999996
direct_losses,3245,нс и оглс,base,2020-07-01,0.0099499597799998
direct_losses,3245,осаго,base,2020-07-01,0.65567606899
direct_losses,3256,дмс,base,2020-07-01,0.21129632819999977
direct_losses,3256,дмс,base,2021-07-01,0.22754482940999998
direct_losses,3256,дмс,base,2022-07-01,0.08729036714999999
direct_losses,3256,нс и оглс,base,2020-07-01,0.2741163434099999
direct_losses,3256,нс и оглс,base,2021-07-01,0.34301899142
direct_losses,3256,нс и оглс,base,2022-07-01,0.3037789195099999
direct_losses,3268,дмс,base,2020-07-01,0.050593182719999893
direct_losses,3268,дмс,base,2021-07-01,0.0919983497999999
direct_losses,3268,дмс,base,2022-07-01,0.02637486046
direct_losses,3268,дмс,base,2023-07-01,0.0001516
direct_losses,3268,дмс,base,2024-07-01,0.0007177500000000001
direct_losses,3268,нс и оглс,base,2020-07-01,0.0005907499999999999
direct_losses,3268,нс и оглс,base,2021-07-01,0.00086595
direct_losses,3268,осаго,base,2020-07-01,0.10837518626
direct_losses,3268,осаго,base,2021-07-01,0.14003562133
direct_losses,3268,осаго,base,2022-07-01,0.0419353311399999
direct_losses,3268,осаго,base,2024-07-01,0.0020777830899999
direct_losses,3295,дмс,base,2020-07-01,0.0199153445499999
direct_losses,3295,нс и оглс,base,2020-07-01,0.0077325694
direct_losses,3295,осаго,base,2020-07-01,3.7764267129899998
direct_losses,3300,дмс,base,2020-07-01,0.1534568358199998
direct_losses,3300,дмс,base,2021-07-01,0.17260689486
direct_losses,3300,дмс,base,2022-07-01,0.16415165776
direct_losses,3300,дмс,base,2023-07-01,0.11381307789999989
direct_losses,3300,дмс,base,2024-07-01,0.09224601244
direct_losses,3300,нс и оглс,base,2020-07-01,0.0010072648
direct_losses,3300,нс и оглс,base,2021-07-01,0.01024360803
direct_losses,3300,нс и оглс,base,2022-07-01,0.0123747974599998
direct_losses,3300,нс и оглс,base,2024-07-01,0.0157376639699999
direct_losses,3300,осаго,base,2020-07-01,0.01132136331
direct_losses,3300,осаго,base,2021-07-01,0.02240956156
direct_losses,3300,осаго,base,2022-07-01,0.04334996196
direct_losses,3300,осаго,base,2023-07-01,0.0585469110399998
direct_losses,3300,осаго,base,2024-07-01,0.02383862832
direct_losses,3313,дмс,base,2020-07-01,0.2304453623699999
direct_losses,3390,дмс,base,2020-07-01,0.037706291249999996
direct_losses,3390,дмс,base,2021-07-01,0.0308563723199999
direct_losses,3390,нс и оглс,base,2020-07-01,0.00034750000000000004
direct_losses,3390,нс и оглс,base,2021-07-01,0.0004205
direct_losses,3390,осаго,base,2020-07-01,0.0552985028199999
direct_losses,3390,осаго,base,2021-07-01,0.0672924309899999
direct_losses,3390,осаго,base,2022-07-01,0.012053587639999998
direct_losses,3398,дмс,base,2020-07-01,0.6073036190999999
direct_losses,3398,дмс,base,2021-07-01,0.1320177139299999
direct_losses,3398,дмс,base,2022-07-01,0.21685574634999988
direct_losses,3398,дмс,base,2023-07-01,0.75099921739
direct_losses,3398,дмс,base,2024-07-01,0.82015636647
direct_losses,3398,нс и оглс,base,2020-07-01,4.79976887304
direct_losses,3398,нс и оглс,base,2021-07-01,3.47128639033
direct_losses,3398,нс и оглс,base,2022-07-01,3.3586468477599998
direct_losses,3398,нс и оглс,base,2023-07-01,1.32980202009
direct_losses,3398,нс и оглс,base,2024-07-01,0.7583949958399999
direct_losses,3447,дмс,base,2020-07-01,0.0690949972899999
direct_losses,3447,дмс,base,2021-07-01,0.1307239013399999
direct_losses,3447,дмс,base,2022-07-01,0.2913819782099998
direct_losses,3447,дмс,base,2023-07-01,0.36479817963
direct_losses,3447,дмс,base,2024-07-01,0.3900531708799999
direct_losses,3447,нс и оглс,base,2020-07-01,0.00093511377
direct_losses,3447,нс и оглс,base,2021-07-01,0.0021896245899999
direct_losses,3447,нс и оглс,base,2022-07-01,0.0058307927099999005
direct_losses,3447,нс и оглс,base,2023-07-01,0.0080941140699998
direct_losses,3447,нс и оглс,base,2024-07-01,0.01069764779
direct_losses,3487,нс и оглс,base,2020-07-01,0.0036997386799999
direct_losses,3507,нс и оглс,base,2020-07-01,0.020505852519999902
direct_losses,3507,нс и оглс,base,2021-07-01,0.08034530607000001
direct_losses,3507,нс и оглс,base,2022-07-01,0.0488501313099998
direct_losses,3507,нс и оглс,base,2023-07-01,0.0217029091
direct_losses,3507,нс и оглс,base,2024-07-01,0.06482211563
direct_losses,3511,дмс,base,2021-07-01,4.1945e-05
direct_losses,3511,дмс,base,2022-07-01,0.0032292999
direct_losses,3511,дмс,base,2023-07-01,0.00067492005
direct_losses,3511,дмс,base,2024-07-01,0.03416373737
direct_losses,3511,нс и оглс,base,2020-07-01,0.0008435535000000001
direct_losses,3511,нс и оглс,base,2021-07-01,2.15e-05
direct_losses,3511,нс и оглс,base,2023-07-01,1.4e-05
direct_losses,3511,нс и оглс,base,2024-07-01,3.2e-05
direct_losses,3528,дмс,base,2020-07-01,0.1601186651999998
direct_losses,3528,дмс,base,2021-07-01,0.1848904931999999
direct_losses,3528,дмс,base,2022-07-01,0.1758487995999999
direct_losses,3528,дмс,base,2023-07-01,0.1918201579999999
direct_losses,3528,дмс,base,2024-07-01,0.20778919899999998
direct_losses,3561,дмс,base,2020-07-01,0.00789340837
direct_losses,3561,нс и оглс,base,2020-07-01,0.000473665
direct_losses,3594,дмс,base,2020-07-01,0.0055967401600000004
direct_losses,3594,дмс,base,2021-07-01,0.0082346679399999
direct_losses,3594,дмс,base,2022-07-01,0.0120144532499999
direct_losses,3594,дмс,base,2023-07-01,0.0103835828699999
direct_losses,3594,дмс,base,2024-07-01,0.0046767080499999
direct_losses,3594,нс и оглс,base,2020-07-01,0.0057667114999999
direct_losses,3594,нс и оглс,base,2021-07-01,0.0072040313599998
direct_losses,3594,нс и оглс,base,2022-07-01,0.0072384180799999
direct_losses,3594,нс и оглс,base,2023-07-01,0.0075101471199998
direct_losses,3594,нс и оглс,base,2024-07-01,0.0051942521399999005
direct_losses,3609,дмс,base,2020-07-01,0.0011210946899998
direct_losses,3609,дмс,base,2021-07-01,0.001414315
direct_losses,3609,дмс,base,2022-07-01,0.0012416749999999
direct_losses,3609,дмс,base,2023-07-01,0.0005349249999998999
direct_losses,3609,дмс,base,2024-07-01,0.0004226649999999
direct_losses,3609,нс и оглс,base,2020-07-01,0.0285644919999999
direct_losses,3609,нс и оглс,base,2021-07-01,0.02488013
direct_losses,3609,нс и оглс,base,2022-07-01,0.0321049549999999
direct_losses,3609,нс и оглс,base,2023-07-01,0.025104657500000002
direct_losses,3609,нс и оглс,base,2024-07-01,0.0202451324999999
direct_losses,3692,дмс,base,2020-07-01,0.1023786469399999
direct_losses,3692,дмс,base,2021-07-01,0.1115388699499998
direct_losses,3692,дмс,base,2022-07-01,0.0872831592899998
direct_losses,3692,дмс,base,2023-07-01,0.055141217650000005
direct_losses,3692,дмс,base,2024-07-01,0.05186339589
direct_losses,3692,нс и оглс,base,2020-07-01,0.1582501882399998
direct_losses,3692,нс и оглс,base,2021-07-01,0.10330139653
direct_losses,3692,нс и оглс,base,2022-07-01,0.0168608569999999
direct_losses,3692,нс и оглс,base,2023-07-01,0.0457676666799999
direct_losses,3692,нс и оглс,base,2024-07-01,0.1010531966499999
direct_losses,3748,дмс,base,2020-07-01,0.0455813039299999
direct_losses,3748,дмс,base,2021-07-01,0.02797057855
direct_losses,3748,дмс,base,2022-07-01,0.02883070227
direct_losses,3748,дмс,base,2023-07-01,0.0260816644
direct_losses,3748,дмс,base,2024-07-01,0.0332129727999999
direct_losses,3748,нс и оглс,base,2020-07-01,0.0303079388299999
direct_losses,3748,нс и оглс,base,2021-07-01,0.03142856826
direct_losses,3748,нс и оглс,base,2022-07-01,0.0348416530599999
direct_losses,3748,нс и оглс,base,2023-07-01,0.023519578789999898
direct_losses,3748,нс и оглс,base,2024-07-01,0.0151790979499999
direct_losses,3767,дмс,base,2024-07-01,8.26841e-05
direct_losses,3767,нс и оглс,base,2020-07-01,0.0066522405299999
direct_losses,3767,нс и оглс,base,2021-07-01,0.013798965869999999
direct_losses,3767,нс и оглс,base,2022-07-01,0.0243223862899998
direct_losses,3767,нс и оглс,base,2023-07-01,0.0105435843999998
direct_losses,3767,нс и оглс,base,2024-07-01,0.0039311875899999005
direct_losses,3799,дмс,base,2020-07-01,0.0995885268
direct_losses,3799,дмс,base,2021-07-01,0.0871201037899999
direct_losses,3799,дмс,base,2022-07-01,0.06533032557
direct_losses,3799,дмс,base,2023-07-01,0.0694495785799998
direct_losses,3799,дмс,base,2024-07-01,0.06649896529999991
direct_losses,3799,нс и оглс,base,2020-07-01,6e-06
direct_losses,3823,дмс,base,2020-07-01,0.0029418013799999
direct_losses,3823,дмс,base,2021-07-01,0.00921614585
direct_losses,3823,дмс,base,2022-07-01,0.1841423421299998
direct_losses,3823,дмс,base,2023-07-01,0.27439780004000003
direct_losses,3823,дмс,base,2024-07-01,0.2595439815299999
direct_losses,3823,нс и оглс,base,2020-07-01,0.2218684696399999
direct_losses,3823,нс и оглс,base,2021-07-01,0.39637625254000003
direct_losses,3823,нс и оглс,base,2022-07-01,0.42082985867
direct_losses,3823,нс и оглс,base,2023-07-01,0.3795644586599999
direct_losses,3823,нс и оглс,base,2024-07-01,0.39706988085999995
direct_losses,3825,нс и оглс,base,2020-07-01,0.0050586809299999
direct_losses,3825,нс и оглс,base,2021-07-01,0.0145280154599998
direct_losses,3825,нс и оглс,base,2022-07-01,0.0135957381499998
direct_losses,3825,нс и оглс,base,2023-07-01,0.0109219689999999
direct_losses,3825,нс и оглс,base,2024-07-01,0.0096067139999999
direct_losses,3826,дмс,base,2020-07-01,0.20337213474
direct_losses,3826,дмс,base,2021-07-01,0.36582291993
direct_losses,3826,дмс,base,2022-07-01,0.2622335998699999
direct_losses,3826,дмс,base,2023-07-01,0.3471715337999999
direct_losses,3826,дмс,base,2024-07-01,0.34984424067
direct_losses,3826,нс и оглс,base,2020-07-01,0.0012212155999999
direct_losses,3826,нс и оглс,base,2021-07-01,0.0028297495599999
direct_losses,3826,нс и оглс,base,2022-07-01,0.0037556308399999
direct_losses,3826,нс и оглс,base,2023-07-01,0.00699990415
direct_losses,3826,нс и оглс,base,2024-07-01,0.00659732186
direct_losses,3828,дмс,base,2020-07-01,3.75911762896
direct_losses,3828,дмс,base,2021-07-01,5.35364111979
direct_losses,3828,дмс,base,2022-07-01,5.9776751056699995
direct_losses,3828,дмс,base,2023-07-01,4.04765100915
direct_losses,3828,дмс,base,2024-07-01,4.24922087841
direct_losses,3828,нс и оглс,base,2020-07-01,0.033993341989999995
direct_losses,3828,нс и оглс,base,2021-07-01,0.0378144960999999
direct_losses,3828,нс и оглс,base,2022-07-01,0.0601058766399999
direct_losses,3828,нс и оглс,base,2023-07-01,0.0272587870299999
direct_losses,3828,нс и оглс,base,2024-07-01,0.0392695334999999
direct_losses,3834,дмс,base,2020-07-01,0.0713112475599999
direct_losses,3834,дмс,base,2021-07-01,0.06412783043
direct_losses,3834,дмс,base,2022-07-01,0.0113241826599999
direct_losses,3834,нс и оглс,base,2020-07-01,0.0004385
direct_losses,3834,нс и оглс,base,2021-07-01,0.0001365
direct_losses,3837,дмс,base,2020-07-01,0.012124025949999898
direct_losses,3837,дмс,base,2021-07-01,0.019478633419999898
direct_losses,3837,дмс,base,2022-07-01,0.02182951655
direct_losses,3837,дмс,base,2023-07-01,0.02503182
direct_losses,3847,дмс,base,2020-07-01,0.3348336148099999
direct_losses,3847,дмс,base,2021-07-01,0.37140499240999997
direct_losses,3847,дмс,base,2022-07-01,0.40479760128
direct_losses,3847,дмс,base,2023-07-01,0.46391560213
direct_losses,3847,дмс,base,2024-07-01,0.5198501226799997
direct_losses,3847,нс и оглс,base,2021-07-01,0.0003
direct_losses,3847,нс и оглс,base,2023-07-01,0.000325
direct_losses,3866,дмс,base,2020-07-01,0.0003775
direct_losses,3866,дмс,base,2021-07-01,0.000146
direct_losses,3866,нс и оглс,base,2020-07-01,0.91912519064
direct_losses,3866,нс и оглс,base,2021-07-01,1.100021124
direct_losses,3866,нс и оглс,base,2022-07-01,0.01171327756
direct_losses,3866,нс и оглс,base,2023-07-01,0.0050229702899999
direct_losses,3866,нс и оглс,base,2024-07-01,0.00169443
direct_losses,3867,дмс,base,2020-07-01,0.00069136576
direct_losses,3867,дмс,base,2021-07-01,0.0007214510299999999
direct_losses,3867,дмс,base,2022-07-01,0.0013055288099999
direct_losses,3867,дмс,base,2023-07-01,0.005926382949999901
direct_losses,3867,дмс,base,2024-07-01,0.006803077089999899
direct_losses,3867,нс и оглс,base,2020-07-01,0.0276322832
direct_losses,3867,нс и оглс,base,2021-07-01,0.0338782473
direct_losses,3867,нс и оглс,base,2022-07-01,0.06283613797
direct_losses,3867,нс и оглс,base,2023-07-01,0.0783822789599999
direct_losses,3867,нс и оглс,base,2024-07-01,0.12019359443
direct_losses,3870,нс и оглс,base,2020-07-01,0.0012651949999999
direct_losses,3870,нс и оглс,base,2021-07-01,0.0034061159999999
direct_losses,3870,нс и оглс,base,2022-07-01,0.001792491
direct_losses,3870,нс и оглс,base,2023-07-01,0.0012841819999999
direct_losses,3870,нс и оглс,base,2024-07-01,0.0018747309999999
direct_losses,3879,дмс,base,2020-07-01,0.05980878819999989
direct_losses,3879,дмс,base,2021-07-01,0.1249628064999999
direct_losses,3879,дмс,base,2022-07-01,0.05186810387
direct_losses,3879,дмс,base,2023-07-01,0.0780144906099999
direct_losses,3879,дмс,base,2024-07-01,0.0805455286699999
direct_losses,3879,нс и оглс,base,2020-07-01,0.1936537420099999
direct_losses,3879,нс и оглс,base,2021-07-01,0.22856866703
direct_losses,3879,нс и оглс,base,2022-07-01,0.22175161197999999
direct_losses,3879,нс и оглс,base,2023-07-01,0.08986421566
direct_losses,3879,нс и оглс,base,2024-07-01,0.049939191079999896
direct_losses,3941,дмс,base,2020-07-01,0.2628212739899999
direct_losses,3941,дмс,base,2021-07-01,0.3769837529099998
direct_losses,3941,дмс,base,2022-07-01,0.4998121968799999
direct_losses,3941,дмс,base,2023-07-01,0.5906380151099999
direct_losses,3941,дмс,base,2024-07-01,0.81185579818
direct_losses,3941,нс и оглс,base,2020-07-01,0.0146561359399999
direct_losses,3941,нс и оглс,base,2021-07-01,0.0095324369799999
direct_losses,3941,нс и оглс,base,2022-07-01,0.0405556451899999
direct_losses,3941,нс и оглс,base,2023-07-01,0.0308244194399999
direct_losses,3941,нс и оглс,base,2024-07-01,0.043149492760000005
direct_losses,3943,дмс,base,2020-07-01,0.11477440438
direct_losses,3943,дмс,base,2021-07-01,0.16246027822999992
direct_losses,3943,дмс,base,2022-07-01,0.19956775707000002
direct_losses,3943,дмс,base,2023-07-01,0.1667341398399999
direct_losses,3943,дмс,base,2024-07-01,0.18587838853999988
direct_losses,3947,нс и оглс,base,2020-07-01,0.00012458623
direct_losses,3947,нс и оглс,base,2024-07-01,0.008935399999999899
direct_losses,3954,дмс,base,2020-07-01,0.23204214520999988
direct_losses,3954,дмс,base,2021-07-01,0.3174593460199998
direct_losses,3954,дмс,base,2022-07-01,0.33917245956
direct_losses,3954,дмс,base,2023-07-01,0.3416487080899998
direct_losses,3954,дмс,base,2024-07-01,0.35760374044
direct_losses,3954,нс и оглс,base,2020-07-01,0.0092820767099998
direct_losses,3954,нс и оглс,base,2021-07-01,0.0148832715399998
direct_losses,3954,нс и оглс,base,2022-07-01,0.17056496095
direct_losses,3954,нс и оглс,base,2023-07-01,0.44642523482999985
direct_losses,3954,нс и оглс,base,2024-07-01,0.49086067485
direct_losses,3954,осаго,base,2020-07-01,0.3020317969499999
direct_losses,3954,осаго,base,2021-07-01,0.5386480523899998
direct_losses,3954,осаго,base,2022-07-01,0.4578584149699999
direct_losses,3954,осаго,base,2023-07-01,0.81105469704
direct_losses,3954,осаго,base,2024-07-01,1.0518471000099998
direct_losses,3969,нс и оглс,base,2020-07-01,0.0137901604499999
direct_losses,3969,нс и оглс,base,2021-07-01,0.0014868161999999
direct_losses,3969,нс и оглс,base,2022-07-01,0.0014953288200000002
direct_losses,3972,дмс,base,2020-07-01,0.05150596319
direct_losses,3972,дмс,base,2021-07-01,0.0704064209899999
direct_losses,3972,дмс,base,2022-07-01,0.10007333198
direct_losses,3972,дмс,base,2023-07-01,0.12221180551000001
direct_losses,3972,дмс,base,2024-07-01,0.07399150964
direct_losses,3972,нс и оглс,base,2020-07-01,0.031796125599999794
direct_losses,3972,нс и оглс,base,2021-07-01,0.0336826939399998
direct_losses,3972,нс и оглс,base,2022-07-01,0.0315415216899999
direct_losses,3972,нс и оглс,base,2023-07-01,0.04342083718
direct_losses,3972,нс и оглс,base,2024-07-01,0.02963041929
direct_losses,3978,дмс,base,2020-07-01,0.0570559671099999
direct_losses,3978,дмс,base,2021-07-01,0.0670416729499999
direct_losses,3984,дмс,base,2020-07-01,0.10502848630999989
direct_losses,3984,дмс,base,2021-07-01,0.23315148091
direct_losses,3984,дмс,base,2022-07-01,0.68265852226
direct_losses,3984,дмс,base,2023-07-01,1.07381403499
direct_losses,3984,дмс,base,2024-07-01,0.96472268392
direct_losses,3984,нс и оглс,base,2020-07-01,0.2113626046699999
direct_losses,3984,нс и оглс,base,2021-07-01,0.19578894536000002
direct_losses,3984,нс и оглс,base,2022-07-01,0.2299510313399999
direct_losses,3984,нс и оглс,base,2023-07-01,0.2188192258899999
direct_losses,3984,нс и оглс,base,2024-07-01,0.19480822145999988
direct_losses,3987,дмс,base,2020-07-01,8.000000000000001e-07
direct_losses,3987,дмс,base,2021-07-01,4.8e-06
direct_losses,3987,нс и оглс,base,2020-07-01,0.00023085388
direct_losses,3987,нс и оглс,base,2021-07-01,0.0023495428
direct_losses,3987,нс и оглс,base,2022-07-01,0.00011948038
direct_losses,3991,дмс,base,2020-07-01,0.0743679685999999
direct_losses,3991,нс и оглс,base,2020-07-01,0.30518330423999995
direct_losses,4001,нс и оглс,base,2020-07-01,0.0007885239999999
direct_losses,4001,нс и оглс,base,2021-07-01,0.0009580789999999
direct_losses,4001,нс и оглс,base,2022-07-01,0.0010668579999999
direct_losses,4001,нс и оглс,base,2023-07-01,0.0012600589999998998
direct_losses,4001,нс и оглс,base,2024-07-01,0.0009401749999998999
direct_losses,4008,дмс,base,2023-07-01,0.1804718711399998
direct_losses,4008,дмс,base,2024-07-01,0.22627136226
direct_losses,4008,нс и оглс,base,2020-07-01,0.0048636679299999
direct_losses,4008,нс и оглс,base,2021-07-01,0.0068698308399999
direct_losses,4008,нс и оглс,base,2022-07-01,0.0048232812299999
direct_losses,4008,нс и оглс,base,2023-07-01,0.0053409485
direct_losses,4008,нс и оглс,base,2024-07-01,0.0338673802799999
direct_losses,4009,дмс,base,2020-07-01,0.5363494919799999
direct_losses,4009,дмс,base,2021-07-01,0.22276618189
direct_losses,4009,нс и оглс,base,2020-07-01,0.00013104730000000001
direct_losses,4009,нс и оглс,base,2021-07-01,0.0019866525
direct_losses,4014,дмс,base,2022-07-01,0.0908704656599999
direct_losses,4014,дмс,base,2023-07-01,0.0789415921899998
direct_losses,4014,дмс,base,2024-07-01,0.034785486169999796
direct_losses,4014,нс и оглс,base,2020-07-01,0.00217934854
direct_losses,4014,нс и оглс,base,2021-07-01,0.00099459367
direct_losses,4014,нс и оглс,base,2022-07-01,0.00045161554
direct_losses,4014,нс и оглс,base,2023-07-01,0.0003234499999999
direct_losses,4014,нс и оглс,base,2024-07-01,0.0005445000000000001
direct_losses,4079,дмс,base,2020-07-01,0.000402328
direct_losses,4079,дмс,base,2021-07-01,0.00036676199999999997
direct_losses,4079,дмс,base,2022-07-01,0.0009608985
direct_losses,4079,дмс,base,2023-07-01,0.06436206784000001
direct_losses,4079,дмс,base,2024-07-01,1.0375356052399998
direct_losses,4079,нс и оглс,base,2020-07-01,0.058274651479999995
direct_losses,4079,нс и оглс,base,2021-07-01,0.07772258601
direct_losses,4079,нс и оглс,base,2022-07-01,0.0745933495799999
direct_losses,4079,нс и оглс,base,2023-07-01,0.0648385118799999
direct_losses,4079,нс и оглс,base,2024-07-01,0.0971983366999998
direct_losses,4104,нс и оглс,base,2020-07-01,0.3534813530799998
direct_losses,4104,нс и оглс,base,2021-07-01,0.5179447099799999
direct_losses,4104,нс и оглс,base,2022-07-01,0.4149703955399999
direct_losses,4104,нс и оглс,base,2023-07-01,0.2374598442999999
direct_losses,4104,нс и оглс,base,2024-07-01,0.16289158011
direct_losses,4105,дмс,base,2020-07-01,0.0157348779799999
direct_losses,4105,дмс,base,2021-07-01,0.02142199954
direct_losses,4105,дмс,base,2022-07-01,0.0102972362699999
direct_losses,4105,дмс,base,2023-07-01,0.023059395899999897
direct_losses,4105,дмс,base,2024-07-01,0.0436535697899999
direct_losses,4105,нс и оглс,base,2020-07-01,0.013486574999999999
direct_losses,4105,нс и оглс,base,2021-07-01,0.0072123000000000005
direct_losses,4105,нс и оглс,base,2022-07-01,0.0050549954199999
direct_losses,4105,нс и оглс,base,2023-07-01,0.18895467464
direct_losses,4105,нс и оглс,base,2024-07-01,0.1643355796899999
direct_losses,4117,дмс,base,2020-07-01,0.00569459104
direct_losses,4117,дмс,base,2021-07-01,0.0163868686799999
direct_losses,4117,дмс,base,2022-07-01,0.03966289923000001
direct_losses,4117,дмс,base,2023-07-01,0.1856060620399998
direct_losses,4117,дмс,base,2024-07-01,0.19343085460999998
direct_losses,4117,нс и оглс,base,2020-07-01,0.02820044525
direct_losses,4117,нс и оглс,base,2021-07-01,0.05141934814
direct_losses,4117,нс и оглс,base,2022-07-01,0.04445368719
