Сведения о вознаграждении посредникам,Unnamed: 1,Unnamed: 2,Unnamed: 3,Unnamed: 4,Unnamed: 5,Unnamed: 6,Unnamed: 7,Unnamed: 8,Unnamed: 9,Unnamed: 10,Unnamed: 11,Unnamed: 12,Unnamed: 13,Unnamed: 14,Unnamed: 15,Unnamed: 16,Unnamed: 17,Unnamed: 18,Unnamed: 19,Unnamed: 20,Unnamed: 21,Unnamed: 22,Unnamed: 23,Unnamed: 24,Unnamed: 25,Unnamed: 26,Unnamed: 27,Unnamed: 28,Unnamed: 29,Unnamed: 30,Unnamed: 31,Unnamed: 32,Unnamed: 33,Unnamed: 34,Unnamed: 35,Unnamed: 36,Unnamed: 37,Unnamed: 38,Unnamed: 39,Unnamed: 40,Unnamed: 41,Unnamed: 42,Unnamed: 43,Unnamed: 44
,,,,,,,,,,,,,,,,,,,,,,,,,,,,,,,,,,,,,,,,,,,,
Дата составления отчета: 20.02.2018,,,,,,,,,,,,,,,,,,,,,,,,,,,,,,,,,,,,,,,,,,,,
Отчетный период: 2017 г.,,,,,,,,,,,,,,,,,,,,,,,,,,,,,,,,,,,,,,,,,,,,тыс. руб.
№ п\п,Рег №,Наименование,Город,Добровольное и обязательное страхование (кроме обязательного медицинского страхования) - всего,,,,,,,,,,,,,,,,,,,,,,,,,,,,,,,,,,,,,,,,
,,,,Всего,I. Добровольное страхование,,,,,,,,,,,,,,,,,,,,,,,,,,,,,,,,II. Обязательное страхование ,,,,,,,
,,,,,Страхование жизни,,,,"Страхование иное, чем страхование жизни",,,,,,,,,,,,,,,,,,,,,,,,,,,,Обязательное личное страхование,,,Обязательное имущественное страхование,,,,
,,,,,Всего,в том числе,,,Всего,в том числе,,,,,,,,,,,,,,,,,,,,,,,,,,,Всего,в том числе,,Всего,в том числе,,,
,,,,,,страхование жизни (кроме пенсионного страхования)-всего,из него,пенсионное страхование,,личное страхование (кроме страхования жизни),,,,,Имущественное страхование,,,,,,,,,,,,,,,,,,,,,,,государственное страхование жизни и здоровья военнослужащих и приравненных к ним в обязательном государственном страховании лиц,"иные виды обязательного личного страхования, предусмотренные федеральными законами",,гражданской ответственности владельцев транспортных средств,гражданской ответственности владельца опасного объекта за причинение вреда в результате аварии на опасном объекте,"гражданской ответственности перевозчика за причинение вреда жизни, здоровью, имуществу пассажиров","иные виды обязательного имущественного страхования, предусмотренные федеральными законами"
,,,,,,,страхование жизни заемщика,,,Всего,в том числе,,,,Всего,в том числе,,,,,,,,,,,,,,,,,,,,,,,,,,,,
,,,,,,,,,,,от несчастных случаев и болезней,из него,,медицинское страхование,,Страхование имущества,,,,,,,,,,Страхование гражданской ответственности,,,,,,,,,страхование предпринимательских рисков,страхование финансовых рисков,,,,,,,,
,,,,,,,,,,,,"пациентов, участвующих в клинических исследованиях лекарственного препарата для медицинского применения",работников налоговых органов,,,Всего,в том числе,,,,,,,,,Всего,в том числе,,,,,,,,,,,,,,,,,
,,,,,,,,,,,,,,,,,"средств наземного транспорта 
(кроме средств железнодорожного транспорта)",средств железнодорожного транспорта,средств воздушного транспорта,средств водного транспорта,грузов,сельскохозяйственное страхование,из него,прочего имущества юридических лиц,прочего имущества граждан,,владельцев средств наземного транспорта (кроме средств железнодорожного транспорта),владельцев средств железнодорожного транспорта,владельцев средств воздушного транспорта,владельцев средств водного транспорта,"организаций, эксплуатирующих опасные объекты","за причинение вреда вследствие недостатков товаров, работ, услуг",за причинение вреда третьим лицам,за неисполнение или ненадлежащее исполнение обязательств по договору,,,,,,,,,,
,,,,,,,,,,,,,,,,,,,,,,,"страхование, осуществляемое с государственной поддержкой",,,,,,,,,,,,,,,,,,,,,
1,2,3,4,5,6,7,8,9,10,11,12,13,14,15,16,17,18,19,20,21,22,23,24,25,26,27,28,29,30,31,32,33,34,35,36,37,38,39,40,41,42,43,44,45
ИТОГО:,,,,204280584,55756934,55686939,18742325,69995,135942548,48952720,40596904,10885,0,8355816,86989828,65897007,31393520,138729,463980,493372,2875326,363580,237477,8201351,21967149,11173128,1060453,692,182152,241187,102349,396823,3128063,6061409,621578,9298115,0,0,0,12581102,12237993,137448,205661,0
1,2496,  АБСОЛЮТ СТРАХОВАНИЕ,Москва,804509,0,0,0,0,801273,255745,132703,0,0,123042,545528,461915,68934,0,0,35434,139135,0,0,165459,52953,74004,897,0,0,10283,0,46820,16004,0,2295,7314,0,0,0,3236,1557,1366,313,0
2,796,  АВАНГАРД-ГАРАНТ,Москва,0,0,0,0,0,0,0,0,0,0,0,0,0,0,0,0,0,0,0,0,0,0,0,0,0,0,0,0,0,0,0,0,0,0,0,0,0,0,0,0,0
3,3290,  АДВАНТ-СТРАХОВАНИЕ,Санкт-Петербург,43045,0,0,0,0,43045,24976,2714,0,0,22262,18069,16406,12556,0,0,31,721,0,0,2537,561,1302,619,0,0,8,0,1,623,51,0,361,0,0,0,0,0,0,0,0
4,585,  АДОНИС,Пермь,59252,0,0,0,0,42837,10619,8964,0,0,1655,32218,32041,9846,0,0,3,413,272,0,4707,16800,139,61,0,0,0,0,0,78,0,0,38,0,0,0,16415,15605,251,559,0
5,3947,  АИГ СТРАХОВАЯ КОМПАНИЯ,Москва,299492,0,0,0,0,299255,0,0,0,0,0,299255,138077,0,0,0,0,28045,0,0,110032,0,93276,0,0,0,0,0,0,93276,0,0,67902,0,0,0,237,0,237,0,0
6,3867,  АК БАРС СТРАХОВАНИЕ,Казань,109659,0,0,0,0,109659,46759,43127,0,0,3632,62900,61544,5051,0,2606,395,154,3137,0,8733,41468,1339,1,0,639,0,0,215,484,0,0,17,0,0,0,0,0,0,0,0
7,3943,  АК БАРС-МЕД,Казань,12797,0,0,0,0,12797,12797,0,0,0,12797,0,0,0,0,0,0,0,0,0,0,0,0,0,0,0,0,0,0,0,0,0,0,0,0,0,0,0,0,0,0
8,3572,  АКЦЕПТ,Люберцы,455234,0,0,0,0,455234,370486,370486,0,0,0,84748,84748,84748,0,0,0,0,0,0,0,0,0,0,0,0,0,0,0,0,0,0,0,0,0,0,0,0,0,0,0
9,3859,  АЛЛЕГА,Симферополь,373,0,0,0,0,373,373,6,0,0,367,0,0,0,0,0,0,0,0,0,0,0,0,0,0,0,0,0,0,0,0,0,0,0,0,0,0,0,0,0,0
10,2239,  АЛЬФАСТРАХОВАНИЕ,Москва,11599495,0,0,0,0,10572588,3262277,2853436,0,0,408841,7310311,5078604,2667045,32333,107707,45845,56797,86444,71210,480925,1601508,509786,164633,0,65331,14065,8751,9878,243713,3415,97155,1624766,0,0,0,1026907,1007098,13245,6564,0
11,193,  АЛЬФАСТРАХОВАНИЕ - ОМС,Москва,0,0,0,0,0,0,0,0,0,0,0,0,0,0,0,0,0,0,0,0,0,0,0,0,0,0,0,0,0,0,0,0,0,0,0,0,0,0,0,0,0
12,3447,  АЛЬФАСТРАХОВАНИЕ-ЖИЗНЬ,Москва,11707196,11696409,11696409,0,0,10787,10787,5911,0,0,4876,0,0,0,0,0,0,0,0,0,0,0,0,0,0,0,0,0,0,0,0,0,0,0,0,0,0,0,0,0,0
13,290,  АЛЬЯНС,Москва,370820,0,0,0,0,370476,44790,44662,719,0,128,325686,153995,3982,3460,24515,4892,19936,0,0,82337,14873,125665,209,0,13032,1390,10280,46472,53721,561,1346,44680,0,0,0,344,0,274,70,0
14,3828,  АЛЬЯНС ЖИЗНЬ,Москва,420441,241794,241788,0,6,178647,178647,23422,0,0,155225,0,0,0,0,0,0,0,0,0,0,0,0,0,0,0,0,0,0,0,0,0,0,0,0,0,0,0,0,0,0
15,2699,  АЛЬЯНС-МЕД,Сызрань,0,0,0,0,0,0,0,0,0,0,0,0,0,0,0,0,0,0,0,0,0,0,0,0,0,0,0,0,0,0,0,0,0,0,0,0,0,0,0,0,0
16,436,  АМТ СТРАХОВАНИЕ,Москва,13898,0,0,0,0,13898,233,233,0,0,0,13665,4229,0,0,0,4229,0,0,0,0,0,9436,0,0,0,9264,0,5,167,0,0,0,0,0,0,0,0,0,0,0
17,66,  АНГАРА,Братск,36157,0,0,0,0,21025,13785,13562,0,0,223,7240,7124,3404,0,0,0,4,0,0,1114,2602,91,5,0,0,0,0,0,86,0,0,25,0,0,0,15132,15132,0,0,0
18,2982,  АНДРОМЕДА,Москва,1358,0,0,0,0,1358,0,0,0,0,0,1358,1358,0,0,0,0,0,0,0,1358,0,0,0,0,0,0,0,0,0,0,0,0,0,0,0,0,0,0,0,0
19,1858,  АРМЕЕЦ,Москва,109794,0,0,0,0,40080,19237,8340,0,0,10897,20843,18468,10941,0,12,21,84,0,0,1591,5819,2365,6,0,1,0,0,1335,1023,0,0,10,0,0,0,69714,69714,0,0,0
20,4324,  АРСЕНАЛ МЕДИЦИНСКОЕ СТРАХОВАНИЕ,Москва,0,0,0,0,0,0,0,0,0,0,0,0,0,0,0,0,0,0,0,0,0,0,0,0,0,0,0,0,0,0,0,0,0,0,0,0,0,0,0,0,0
21,3193,  АРСЕНАЛЪ,Москва,269019,0,0,0,0,269019,19624,10168,0,0,9456,249395,35684,0,0,421,2654,5046,0,0,21487,6076,203623,0,0,60,13711,11,0,151605,38236,0,10088,0,0,0,0,0,0,0,0
22,2489,  АСКО,Набережные Челны,252537,0,0,0,0,141792,63549,49282,0,0,14267,78243,71272,29036,0,0,13,361,15599,15036,8405,17858,5015,256,0,0,70,15,1093,3270,311,0,1956,0,0,0,110745,107318,1058,2369,0
23,3999,  АСКО-ЖИЗНЬ,Набережные Челны,12676,1093,1093,0,0,11583,11583,10913,0,0,670,0,0,0,0,0,0,0,0,0,0,0,0,0,0,0,0,0,0,0,0,0,0,0,0,0,0,0,0,0,0
24,278,  АСКОМЕД,Самара,7936,0,0,0,0,7936,7936,0,0,0,7936,0,0,0,0,0,0,0,0,0,0,0,0,0,0,0,0,0,0,0,0,0,0,0,0,0,0,0,0,0,0
25,3767,  АСКОР,Москва,284000,0,0,0,0,284000,269245,269245,0,0,0,14755,14540,14109,0,0,0,303,0,0,128,0,215,152,0,0,0,0,0,63,0,0,0,0,0,0,0,0,0,0,0
26,2144,  АСКО-ЦЕНТР,Курск,23913,0,0,0,0,23913,14407,8545,0,0,5862,9506,9341,7978,0,0,0,27,20,0,877,439,165,0,0,0,0,0,0,165,0,0,0,0,0,0,0,0,0,0,0
27,1372,  АСТРАМЕД-МС,Екатеринбург,0,0,0,0,0,0,0,0,0,0,0,0,0,0,0,0,0,0,0,0,0,0,0,0,0,0,0,0,0,0,0,0,0,0,0,0,0,0,0,0,0
28,758,  АСТРА-МЕТАЛЛ,Магнитогорск,19009,0,0,0,0,19009,19009,0,0,0,19009,0,0,0,0,0,0,0,0,0,0,0,0,0,0,0,0,0,0,0,0,0,0,0,0,0,0,0,0,0,0
29,2619,  АСТРО-ВОЛГА,Самара,53722,0,0,0,0,16815,7298,6147,0,0,1151,9517,8203,4365,0,0,159,1171,1,0,862,1645,1313,1,0,0,0,0,38,1271,3,0,1,0,0,0,36907,36907,0,0,0
30,2684,  АСТРО-ВОЛГА-МЕД,Самара,0,0,0,0,0,0,0,0,0,0,0,0,0,0,0,0,0,0,0,0,0,0,0,0,0,0,0,0,0,0,0,0,0,0,0,0,0,0,0,0,0
31,4334,  АТРАДИУС РУС КРЕДИТНОЕ СТРАХОВАНИЕ,Москва,94435,0,0,0,0,94435,0,0,0,0,0,94435,0,0,0,0,0,0,0,0,0,0,0,0,0,0,0,0,0,0,0,94435,0,0,0,0,0,0,0,0,0
32,518,  БАСК,Белово,7335,0,0,0,0,2594,1763,1241,0,0,522,831,822,414,0,0,0,0,0,0,34,374,9,0,0,0,0,0,2,7,0,0,0,0,0,0,4741,4739,2,0,0
33,3487,  БИН СТРАХОВАНИЕ,Москва,2947,0,0,0,0,2947,1569,978,0,0,591,1378,1171,0,0,0,0,0,0,0,0,1171,207,0,0,0,0,0,0,207,0,0,0,0,0,0,0,0,0,0,0
34,3991,  БЛАГОСОСТОЯНИЕ,Москва,1570185,53101,53026,0,75,1517084,1517084,1486157,0,0,30927,0,0,0,0,0,0,0,0,0,0,0,0,0,0,0,0,0,0,0,0,0,0,0,0,0,0,0,0,0,0
35,1207,  БЛАГОСОСТОЯНИЕ ОБЩЕЕ СТРАХОВАНИЕ,Москва,3367839,0,0,0,0,3367839,1281165,1236731,0,0,44434,2086674,489433,5200,0,0,0,0,0,0,0,484233,99548,0,0,0,0,0,0,99548,0,0,1497693,0,0,0,0,0,0,0,0
36,3064,  БОРОВИЦКОЕ СТРАХОВОЕ ОБЩЕСТВО,Москва,15107,0,0,0,0,15072,6188,2658,0,0,3530,8884,3959,3315,0,0,0,125,0,0,437,82,4925,6,0,0,0,0,199,209,4511,0,0,0,0,0,35,35,0,0,0
37,3799,  БРИТАНСКИЙ СТРАХОВОЙ ДОМ,Москва,248729,0,0,0,0,248729,11649,228,0,0,11421,237080,131267,6299,0,0,0,40012,0,0,83771,1185,96785,74,0,0,0,0,24,88599,8088,9028,0,0,0,0,0,0,0,0,0
38,3245,  ВЕРНА,Краснодар,204163,0,0,0,0,153585,21271,11333,0,0,9938,132314,30145,3985,0,0,45,1390,2047,0,16962,5716,101697,192,0,0,82,0,1647,2652,97124,0,472,0,0,0,50578,50578,0,0,0
39,4170,  ВИС,Махачкала,0,0,0,0,0,0,0,0,0,0,0,0,0,0,0,0,0,0,0,0,0,0,0,0,0,0,0,0,0,0,0,0,0,0,0,0,0,0,0,0,0
40,3561,  ВИТАЛ-ПОЛИС,Москва,17488,0,0,0,0,17488,17299,1719,0,0,15580,189,189,150,0,0,0,0,0,0,4,35,0,0,0,0,0,0,0,0,0,0,0,0,0,0,0,0,0,0,0
41,3826,  ВИТА-СТРАХОВАНИЕ,Сургут,5089,4859,4857,4,2,230,230,230,0,0,0,0,0,0,0,0,0,0,0,0,0,0,0,0,0,0,0,0,0,0,0,0,0,0,0,0,0,0,0,0,0
42,3570,  ВОСТОЧНО-СТРАХОВОЙ АЛЬЯНС,Владивосток,0,0,0,0,0,0,0,0,0,0,0,0,0,0,0,0,0,0,0,0,0,0,0,0,0,0,0,0,0,0,0,0,0,0,0,0,0,0,0,0,0
43,433,  ВОСТСИБЖАСО,Иркутск,25456,0,0,0,0,25456,13458,11667,0,0,1791,11998,11829,504,0,0,0,249,0,0,565,10511,168,0,0,0,0,0,0,168,0,0,1,0,0,0,0,0,0,0,0
44,621,  ВСК,Москва,13150815,0,0,0,0,11818190,4465717,3388494,29,0,1077223,7352473,6015673,3597821,0,155370,1984,185551,15318,2346,687738,1371891,549374,194858,28,7994,295,17053,63110,159228,106808,3381,784045,0,0,0,1332625,1283952,27728,20945,0
45,3866,  ВСК-ЛИНИЯ ЖИЗНИ,Москва,1217920,1217920,1217920,0,0,0,0,0,0,0,0,0,0,0,0,0,0,0,0,0,0,0,0,0,0,0,0,0,0,0,0,0,0,0,0,0,0,0,0,0,0
46,3978,  ВСК-МИЛОСЕРДИЕ,Москва,0,0,0,0,0,0,0,0,0,0,0,0,0,0,0,0,0,0,0,0,0,0,0,0,0,0,0,0,0,0,0,0,0,0,0,0,0,0,0,0,0
47,2890,  ВТБ МС,Москва,0,0,0,0,0,0,0,0,0,0,0,0,0,0,0,0,0,0,0,0,0,0,0,0,0,0,0,0,0,0,0,0,0,0,0,0,0,0,0,0,0
48,3398,  ВТБ СТРАХОВАНИЕ,Москва,15847165,0,0,0,0,15837408,9234879,8517804,0,0,717075,6602529,5514562,27614,11502,13560,6847,78988,0,0,383361,4992690,325996,49,7,1659,4017,1981,34912,282610,761,56,761915,0,0,0,9757,238,5499,4020,0
49,3995,  ВТБ СТРАХОВАНИЕ ЖИЗНИ,Москва,2406109,2406109,2406109,0,0,0,0,0,0,0,0,0,0,0,0,0,0,0,0,0,0,0,0,0,0,0,0,0,0,0,0,0,0,0,0,0,0,0,0,0,0
50,3780,  ВЫРУЧИМ!,Екатеринбург,7804,0,0,0,0,7804,1254,1175,0,0,79,6550,3496,2942,0,0,0,2,0,0,492,60,2582,0,0,0,0,0,0,182,2400,0,472,0,0,0,0,0,0,0,0
51,630,  ГАЙДЕ,Санкт-Петербург,406973,0,0,0,0,310823,75203,50268,0,0,24935,235620,226407,182693,0,0,470,17261,7,0,6883,19093,7268,3551,0,0,0,0,8,851,2858,0,1945,0,0,0,96150,91893,82,4175,0
52,4169,  ГАРАНТИЯ ИНВЕСТИЦИЙ,Москва,0,0,0,0,0,0,0,0,0,0,0,0,0,0,0,0,0,0,0,0,0,0,0,0,0,0,0,0,0,0,0,0,0,0,0,0,0,0,0,0,0
53,397,  ГЕЛИОС,Москва,1178391,0,0,0,0,1105958,588531,486784,0,0,101747,517427,334391,61519,43,165,12562,8276,0,0,67443,184383,137881,21190,0,88,239,12,294,114341,1717,0,45155,0,0,0,72433,71093,1340,0,0
54,448,  ГЕОПОЛИС,Москва,1532,0,0,0,0,1532,1532,121,0,0,1411,0,0,0,0,0,0,0,0,0,0,0,0,0,0,0,0,0,0,0,0,0,0,0,0,0,0,0,0,0,0
55,2397,  ГЕОПОЛИС,Москва,76350,0,0,0,0,71582,3497,8,0,0,3489,68085,67519,60749,0,0,0,0,0,0,1430,5340,566,502,0,0,0,0,0,64,0,0,0,0,0,0,4768,4768,0,0,0
56,2071,  ГОРОДСКАЯ СТРАХОВАЯ МЕДИЦИНСКАЯ КОМПАНИЯ,Санкт-Петербург,357,0,0,0,0,357,357,0,0,0,357,0,0,0,0,0,0,0,0,0,0,0,0,0,0,0,0,0,0,0,0,0,0,0,0,0,0,0,0,0,0
57,3678,  ГРАЖДАНСКИЙ СТРАХОВОЙ ДОМ,Москва,417,0,0,0,0,417,25,25,0,0,0,392,371,369,0,0,0,0,0,0,0,2,21,0,0,0,4,0,0,17,0,0,0,0,0,0,0,0,0,0,0
58,2042,  ГРАНТА,Казань,80870,0,0,0,0,80870,13591,11647,0,0,1944,67279,58488,55583,0,0,51,1003,0,0,1195,656,6399,0,0,0,39,0,4470,1890,0,0,2392,0,0,0,0,0,0,0,0
59,1284,  ГРУППА РЕНЕССАНС СТРАХОВАНИЕ,Москва,3048381,0,0,0,0,2619856,746258,130989,0,0,615269,1873598,1603487,1111928,65,0,16377,371692,0,0,30860,72565,48573,34197,0,0,75,41,1674,12574,12,0,221538,0,0,0,428525,426716,550,1259,0
60,1820,  ГУТА-СТРАХОВАНИЕ,Москва,0,0,0,0,0,0,0,0,0,0,0,0,0,0,0,0,0,0,0,0,0,0,0,0,0,0,0,0,0,0,0,0,0,0,0,0,0,0,0,0,0
61,2214,  ДАЛЬАКФЕС,Владивосток,58001,0,0,0,0,9222,2194,2194,0,0,0,7028,6635,3184,0,0,166,296,0,0,1786,1203,247,0,0,0,142,0,0,105,0,146,0,0,0,0,48779,48779,0,0,0
62,55,  ДАЛЬЖАСО,Хабаровск,91006,0,0,0,0,91006,68710,57725,0,0,10985,22296,21774,727,0,0,45,19712,0,0,610,680,522,5,0,0,2,0,0,328,187,0,0,0,0,0,0,0,0,0,0
63,2027,  ДВАДЦАТЬ ПЕРВЫЙ ВЕК,Санкт-Петербург,87496,0,0,0,0,48901,18855,18280,0,0,575,30046,8803,4784,0,0,0,1216,0,0,1673,1130,21237,21149,0,0,0,0,43,45,0,0,6,0,0,0,38595,38595,0,0,0
64,3870,  ДЕЛО ЖИЗНИ,Москва,47235,37992,37992,0,0,9243,9243,9243,0,0,0,0,0,0,0,0,0,0,0,0,0,0,0,0,0,0,0,0,0,0,0,0,0,0,0,0,0,0,0,0,0
65,1363,  ДИАМАНТ,Москва,4686,0,0,0,0,3455,70,70,0,0,0,3385,3321,3194,0,0,0,0,0,0,95,32,63,25,0,0,0,0,0,38,0,0,1,0,0,0,1231,1231,0,0,0
66,206,  ДИАНА,Ангарск,11531,0,0,0,0,11531,5120,1665,0,0,3455,6411,6275,954,0,0,0,22,0,0,822,4477,136,0,0,0,0,1,23,112,0,0,0,0,0,0,0,0,0,0,0
67,1412,  Д2  СТРАХОВАНИЕ,Новосибирск,279172,0,0,0,0,279172,64319,59534,0,0,4785,214853,153193,0,0,0,0,2203,0,0,1446,149544,52761,0,0,0,0,0,0,52761,0,0,8899,0,0,0,0,0,0,0,0
68,3954,  ЕВРОИНС,Смоленск,454010,0,0,0,0,391541,78966,26549,0,0,52417,312575,183695,25342,0,0,45,136763,2073,0,13032,6440,26380,91,0,0,47,0,7208,14405,4629,0,102500,0,0,0,62469,62469,0,0,0
69,4009,  ЕРВ ТУРИСТИЧЕСКОЕ СТРАХОВАНИЕ,Москва,148755,0,0,0,0,148755,147268,147268,0,0,0,1487,0,0,0,0,0,0,0,0,0,0,0,0,0,0,0,0,0,0,0,0,1487,0,0,0,0,0,0,0,0
70,2447,  ЖЕЛЕЗНОДОРОЖНЫЙ СТРАХОВОЙ ФОНД,Нижний Новгород,15023,0,0,0,0,15023,5934,5877,0,0,57,9089,9046,74,1363,0,0,6880,0,0,532,197,43,0,0,0,0,0,0,43,0,0,0,0,0,0,0,0,0,0,0
71,2456,  ЗАБАЙКАЛМЕДСТРАХ,Чита,0,0,0,0,0,0,0,0,0,0,0,0,0,0,0,0,0,0,0,0,0,0,0,0,0,0,0,0,0,0,0,0,0,0,0,0,0,0,0,0,0
72,1947,  ЗАПОЛЯРЬЕ,Салехард,0,0,0,0,0,0,0,0,0,0,0,0,0,0,0,0,0,0,0,0,0,0,0,0,0,0,0,0,0,0,0,0,0,0,0,0,0,0,0,0,0
73,1083,  ЗЕТТА СТРАХОВАНИЕ,Москва,1638686,0,0,0,0,1543947,217526,144104,0,0,73422,1326421,1196311,466537,26,0,0,8207,1913,0,115484,604144,98979,1258,0,0,0,999,3325,92913,484,26,31105,0,0,0,94739,88718,2184,3837,0
74,3616,  ИНВЕСТ-ПОЛИС,Королев,0,0,0,0,0,0,0,0,0,0,0,0,0,0,0,0,0,0,0,0,0,0,0,0,0,0,0,0,0,0,0,0,0,0,0,0,0,0,0,0,0
75,2401,  ИНВЕСТСТРАХ,Москва,47309,0,0,0,0,47309,19529,5026,0,0,14503,27780,7460,580,0,0,0,39,2038,1943,2644,2159,20294,1,0,0,0,0,392,7351,12550,0,26,0,0,0,0,0,0,0,0
76,425,  ИНГВАР,Москва,39257,0,0,0,0,39257,0,0,0,0,0,39257,39257,0,0,0,0,21128,0,0,18129,0,0,0,0,0,0,0,0,0,0,0,0,0,0,0,0,0,0,0,0
77,928,  ИНГОССТРАХ,Москва,9358067,0,0,0,0,7889060,891080,385618,9067,0,505462,6997980,6254732,4928390,6597,8282,93972,116046,6080,0,582418,512947,402664,92411,53,5797,70167,19166,24473,190681,-84,13786,326798,0,0,0,1469007,1435786,15696,17525,0
78,3823,  ИНГОССТРАХ-ЖИЗНЬ,Москва,1168502,957091,948685,0,8406,211411,211411,207609,0,0,3802,0,0,0,0,0,0,0,0,0,0,0,0,0,0,0,0,0,0,0,0,0,0,0,0,0,0,0,0,0,0
79,3837,  ИНГОССТРАХ-М,Москва,0,0,0,0,0,0,0,0,0,0,0,0,0,0,0,0,0,0,0,0,0,0,0,0,0,0,0,0,0,0,0,0,0,0,0,0,0,0,0,0,0
80,2169,  ИНЕРТЕК,Санкт-Петербург,793,0,0,0,0,793,1,1,0,0,0,792,792,25,0,0,0,767,0,0,0,0,0,0,0,0,0,0,0,0,0,0,0,0,0,0,0,0,0,0,0
81,2031,  ИНКО-МЕД,Воронеж,0,0,0,0,0,0,0,0,0,0,0,0,0,0,0,0,0,0,0,0,0,0,0,0,0,0,0,0,0,0,0,0,0,0,0,0,0,0,0,0,0
82,870,  ИНТАЧ СТРАХОВАНИЕ,Москва,349015,0,0,0,0,337054,224937,222906,0,0,2031,112117,107879,103318,0,0,0,0,0,0,0,4561,1117,316,0,0,0,0,0,801,0,0,3121,0,0,0,11961,11961,0,0,0
83,902,  КАЙРОС,Петропавловск-Камчатский,0,0,0,0,0,0,0,0,0,0,0,0,0,0,0,0,0,0,0,0,0,0,0,0,0,0,0,0,0,0,0,0,0,0,0,0,0,0,0,0,0
84,3175,  КАПИТАЛ ПЕРЕСТРАХОВАНИЕ,Москва,0,0,0,0,0,0,0,0,0,0,0,0,0,0,0,0,0,0,0,0,0,0,0,0,0,0,0,0,0,0,0,0,0,0,0,0,0,0,0,0,0
85,1298,  КАПИТАЛ СТРАХОВАНИЕ,Когалым,17500,0,0,0,0,17416,0,0,0,0,0,17416,17416,17374,0,0,0,0,0,0,42,0,0,0,0,0,0,0,0,0,0,0,0,0,0,0,84,84,0,0,0
86,3645,  КАПИТАЛ-ЛАЙФ,Москва,258989,258728,258728,151,0,261,261,261,0,0,0,0,0,0,0,0,0,0,0,0,0,0,0,0,0,0,0,0,0,0,0,0,0,0,0,0,0,0,0,0,0
87,1336,  КАПИТАЛ-ПОЛИС,Санкт-Петербург,242472,0,0,0,0,242472,143804,5299,0,0,138505,98668,97871,38393,0,0,0,57723,0,0,1420,335,730,196,0,0,0,18,271,245,0,0,67,0,0,0,0,0,0,0,0
88,2875,  КАПИТАЛ-ПОЛИС МЕДИЦИНА,Санкт-Петербург,0,0,0,0,0,0,0,0,0,0,0,0,0,0,0,0,0,0,0,0,0,0,0,0,0,0,0,0,0,0,0,0,0,0,0,0,0,0,0,0,0
89,507,  КОЛЫМСКАЯ,Хабаровск,63540,57141,56844,0,297,6399,6399,3205,0,0,3194,0,0,0,0,0,0,0,0,0,0,0,0,0,0,0,0,0,0,0,0,0,0,0,0,0,0,0,0,0,0
90,1867,  КОМЕСТРА-ТОМЬ,Томск,36840,0,0,0,0,36840,11792,3196,0,0,8596,25048,23920,17498,0,0,0,124,0,0,2429,3869,1128,22,0,0,0,0,71,697,338,0,0,0,0,0,0,0,0,0,0
91,3993,  КОМПАНИЯ БАНКОВСКОГО СТРАХОВАН,Москва,124503,0,0,0,0,124503,131,0,0,0,131,124372,19551,0,0,0,0,0,0,0,0,19551,3207,0,0,0,0,0,0,3207,0,0,101614,0,0,0,0,0,0,0,0
92,3059,  КОМПАНИЯ ПРОМЫШЛЕННО-ТОРГОВОГО,Новокузнецк,0,0,0,0,0,0,0,0,0,0,0,0,0,0,0,0,0,0,0,0,0,0,0,0,0,0,0,0,0,0,0,0,0,0,0,0,0,0,0,0,0
93,4279,  КООПЕРАТИВНОЕ ЕДИНСТВО,Новосибирск,0,0,0,0,0,0,0,0,0,0,0,0,0,0,0,0,0,0,0,0,0,0,0,0,0,0,0,0,0,0,0,0,0,0,0,0,0,0,0,0,0
94,4296,  КООП-РЕСУРС,Вологда,0,0,0,0,0,0,0,0,0,0,0,0,0,0,0,0,0,0,0,0,0,0,0,0,0,0,0,0,0,0,0,0,0,0,0,0,0,0,0,0,0
95,4209,  КОФАС РУС СТРАХОВАЯ КОМПАНИЯ,Москва,74524,0,0,0,0,74524,0,0,0,0,0,74524,0,0,0,0,0,0,0,0,0,0,0,0,0,0,0,0,0,0,0,74524,0,0,0,0,0,0,0,0,0
96,4189,  КРЕДЕНДО-ИНГОССТРАХ КРЕДИТНОЕ СТРАХОВАНИЕ,Москва,115333,0,0,0,0,115333,0,0,0,0,0,115333,0,0,0,0,0,0,0,0,0,0,0,0,0,0,0,0,0,0,0,115333,0,0,0,0,0,0,0,0,0
97,4117,  КРЕДИТ ЕВРОПА ЛАЙФ,Москва,357928,103,103,0,0,357825,357825,357825,0,0,0,0,0,0,0,0,0,0,0,0,0,0,0,0,0,0,0,0,0,0,0,0,0,0,0,0,0,0,0,0,0
98,4246,  КРИСТАЛЛ,Москва,1708,0,0,0,0,1708,0,0,0,0,0,1708,0,0,0,0,0,0,0,0,0,0,1708,0,0,0,0,0,1708,0,0,0,0,0,0,0,0,0,0,0,0
99,3781,  КРК-СТРАХОВАНИЕ,Москва,170167,0,0,0,0,170167,32668,2334,0,0,30334,137499,136422,129011,0,0,61,628,0,0,4449,2273,1054,455,0,4,0,20,273,302,0,0,23,0,0,0,0,0,0,0,0
100,4325,  КРЫММЕДСТРАХ,Симферополь,0,0,0,0,0,0,0,0,0,0,0,0,0,0,0,0,0,0,0,0,0,0,0,0,0,0,0,0,0,0,0,0,0,0,0,0,0,0,0,0,0
101,4326,  КРЫМСКАЯ ПЕРВАЯ СТРАХОВАЯ КОМПАНИЯ,Симферополь,16071,0,0,0,0,16071,2058,502,0,0,1556,14013,12198,5371,0,0,211,97,61,0,5919,539,1402,0,0,0,230,6,0,1166,0,413,0,0,0,0,0,0,0,0,0
102,4337,  КРЫМСКИЙ СТРАХОВОЙ АЛЬЯНС,Красноперекопск,51497,0,0,0,0,51497,7860,7512,0,0,348,43637,40140,35207,0,0,18,16,0,0,3656,1243,3284,26,0,0,0,0,0,2209,1049,213,0,0,0,0,0,0,0,0,0
103,4310,  КС СТРАХОВАНИЕ,Саранск,0,0,0,0,0,0,0,0,0,0,0,0,0,0,0,0,0,0,0,0,0,0,0,0,0,0,0,0,0,0,0,0,0,0,0,0,0,0,0,0,0
104,348,  ЛЕКСГАРАНТ,Москва,38429,0,0,0,0,38429,1140,13,0,0,1127,37289,4692,3248,0,0,0,106,0,0,1086,252,981,2,0,15,0,0,0,952,12,0,31616,0,0,0,0,0,0,0,0
105,1675,  ЛИБЕРТИ СТРАХОВАНИЕ,Санкт-Петербург,663660,0,0,0,0,614593,138023,49346,0,0,88677,476570,458752,292460,7,0,1596,35910,0,0,24060,104719,14265,1226,0,0,1331,3,1212,10295,198,3296,257,0,0,0,49067,48156,153,758,0
106,1427,  МАКС,Москва,1456462,0,0,0,0,1143895,390108,355235,0,0,34873,753787,689508,621554,0,0,0,404,128,128,58063,9359,4613,0,0,0,0,4613,0,0,0,0,59666,0,0,0,312567,305009,0,7558,0
107,4013,  МАКС-ЖИЗНЬ,Москва,133973,133973,133973,0,0,0,0,0,0,0,0,0,0,0,0,0,0,0,0,0,0,0,0,0,0,0,0,0,0,0,0,0,0,0,0,0,0,0,0,0,0
108,2226,  МАКС-М,Москва,0,0,0,0,0,0,0,0,0,0,0,0,0,0,0,0,0,0,0,0,0,0,0,0,0,0,0,0,0,0,0,0,0,0,0,0,0,0,0,0,0
109,195,  МАСКИ,Иркутск,0,0,0,0,0,0,0,0,0,0,0,0,0,0,0,0,0,0,0,0,0,0,0,0,0,0,0,0,0,0,0,0,0,0,0,0,0,0,0,0,0
110,2877,  МЕГАРУСС-Д,Москва,455830,0,0,0,0,455542,57060,47038,0,0,10022,398482,398150,241448,0,2066,0,9937,0,0,142851,1848,313,68,0,44,0,0,29,172,0,0,19,0,0,0,288,288,0,0,0
111,660,  МЕДИКА-ВОСТОК,Красноярск,0,0,0,0,0,0,0,0,0,0,0,0,0,0,0,0,0,0,0,0,0,0,0,0,0,0,0,0,0,0,0,0,0,0,0,0,0,0,0,0,0
112,1958,  МЕДИЦИНСКАЯ СТРАХОВАЯ КОМПАНИЯ СТРАЖ,Рязань,0,0,0,0,0,0,0,0,0,0,0,0,0,0,0,0,0,0,0,0,0,0,0,0,0,0,0,0,0,0,0,0,0,0,0,0,0,0,0,0,0
113,484,  МЕДСТРАХ,Москва,175,0,0,0,0,175,175,0,0,0,175,0,0,0,0,0,0,0,0,0,0,0,0,0,0,0,0,0,0,0,0,0,0,0,0,0,0,0,0,0,0
114,141,  МЕДЭКСПРЕСС,Санкт-Петербург,67528,0,0,0,0,66767,63340,2102,0,0,61238,3427,3356,2112,0,0,0,297,0,0,596,351,71,1,0,0,0,0,0,70,0,0,0,0,0,0,761,761,0,0,0
115,3594,  МЕЖДУНАРОДНАЯ СТРАХОВАЯ ГРУППА,Москва,37690,0,0,0,0,37690,37322,31533,0,0,5789,368,0,0,0,0,0,0,0,0,0,0,0,0,0,0,0,0,0,0,0,0,368,0,0,0,0,0,0,0,0
116,3256,  МЕТЛАЙФ,Москва,2044106,1683994,1671761,1563649,12233,360112,360112,295723,0,0,64389,0,0,0,0,0,0,0,0,0,0,0,0,0,0,0,0,0,0,0,0,0,0,0,0,0,0,0,0,0,0
117,4349,  МОВС,Санкт-Петербург,0,0,0,0,0,0,0,0,0,0,0,0,0,0,0,0,0,0,0,0,0,0,0,0,0,0,0,0,0,0,0,0,0,0,0,0,0,0,0,0,0
118,3128,  МСК АЙАЙСИ,Москва,4169,0,0,0,0,4169,423,0,0,0,423,3746,3746,0,0,0,0,0,0,0,0,3746,0,0,0,0,0,0,0,0,0,0,0,0,0,0,0,0,0,0,0
119,2326,  МСК УРАЛСИБ,Климовск,0,0,0,0,0,0,0,0,0,0,0,0,0,0,0,0,0,0,0,0,0,0,0,0,0,0,0,0,0,0,0,0,0,0,0,0,0,0,0,0,0
120,1447,  НАДЕЖДА,Красноярск,0,0,0,0,0,0,0,0,0,0,0,0,0,0,0,0,0,0,0,0,0,0,0,0,0,0,0,0,0,0,0,0,0,0,0,0,0,0,0,0,0
121,2182,  НАДЕЖДА,Красноярск,109786,0,0,0,0,38876,12153,7223,0,0,4930,26723,23239,18039,0,0,5,223,0,0,1572,3400,673,0,0,0,218,2,0,451,2,0,2811,0,0,0,70910,70910,0,0,0
122,4192,  НАРОДНЫЕ КАССЫ,Москва,0,0,0,0,0,0,0,0,0,0,0,0,0,0,0,0,0,0,0,0,0,0,0,0,0,0,0,0,0,0,0,0,0,0,0,0,0,0,0,0,0
123,3116,  НАСКО ТАТАРСТАН,Казань,677538,0,0,0,0,489733,190574,161157,0,0,29417,299159,280269,93423,190,324,268,1312,8095,0,39087,137570,13458,28,0,41,723,83,1447,8925,2211,0,5432,0,0,0,187805,181679,1696,4430,0
124,3493,  НАЦИОНАЛЬНЫЕ СТРАХОВЫЕ ТРАДИЦИИ,Москва,0,0,0,0,0,0,0,0,0,0,0,0,0,0,0,0,0,0,0,0,0,0,0,0,0,0,0,0,0,0,0,0,0,0,0,0,0,0,0,0,0
125,3847,  НЕЗАВИСИМАЯ СТРАХОВАЯ ГРУППА,Москва,3,0,0,0,0,0,0,0,0,0,0,0,0,0,0,0,0,0,0,0,0,0,0,0,0,0,0,0,0,0,0,0,0,0,0,0,3,0,3,0,0
126,2917,  НИК,Ульяновск,548,0,0,0,0,548,64,18,0,0,46,484,483,180,0,0,0,182,0,0,100,21,1,0,0,0,0,0,0,1,0,0,0,0,0,0,0,0,0,0,0
127,401,  НИК-ЛАЙФ,Ульяновск,0,0,0,0,0,0,0,0,0,0,0,0,0,0,0,0,0,0,0,0,0,0,0,0,0,0,0,0,0,0,0,0,0,0,0,0,0,0,0,0,0
128,4301,  НКО НОВС,Камышин,0,0,0,0,0,0,0,0,0,0,0,0,0,0,0,0,0,0,0,0,0,0,0,0,0,0,0,0,0,0,0,0,0,0,0,0,0,0,0,0,0
129,4323,  НКО ОВСС,Москва,0,0,0,0,0,0,0,0,0,0,0,0,0,0,0,0,0,0,0,0,0,0,0,0,0,0,0,0,0,0,0,0,0,0,0,0,0,0,0,0,0
130,4354,  НКО ПОВС ВЗАИМОПОМОЩЬ,Москва,0,0,0,0,0,0,0,0,0,0,0,0,0,0,0,0,0,0,0,0,0,0,0,0,0,0,0,0,0,0,0,0,0,0,0,0,0,0,0,0,0
131,1961,  НОВЫЙ УРЕНГОЙ,Новый Уренгой,0,0,0,0,0,0,0,0,0,0,0,0,0,0,0,0,0,0,0,0,0,0,0,0,0,0,0,0,0,0,0,0,0,0,0,0,0,0,0,0,0
132,3295,  НСГ-РОСЭНЕРГО,Горно-Алтайск,522118,0,0,0,0,210551,132829,127166,0,0,5663,77722,77075,73410,0,0,0,46,0,0,519,3100,647,0,0,0,0,0,9,638,0,0,0,0,0,0,311567,311567,0,0,0
133,3010,  ОБЛАСТНАЯ МЕД.СТРАХ. КОМПАНИЯ,Калининград обл.,0,0,0,0,0,0,0,0,0,0,0,0,0,0,0,0,0,0,0,0,0,0,0,0,0,0,0,0,0,0,0,0,0,0,0,0,0,0,0,0,0
134,2346,  ОБЪЕДИНЕННАЯ СТРАХОВАЯ КОМПАНИЯ,Самара,360506,0,0,0,0,246583,14815,10750,0,0,4065,231768,227140,200650,0,295,3699,1433,0,0,12404,8659,4618,598,0,144,144,3,1612,2025,92,0,10,0,0,0,113923,112902,518,503,0
135,4314,  ОВС ЗАСТРОЙЩИКОВ,Москва,0,0,0,0,0,0,0,0,0,0,0,0,0,0,0,0,0,0,0,0,0,0,0,0,0,0,0,0,0,0,0,0,0,0,0,0,0,0,0,0,0
136,4348,  ОВС МЕД,Тюмень,0,0,0,0,0,0,0,0,0,0,0,0,0,0,0,0,0,0,0,0,0,0,0,0,0,0,0,0,0,0,0,0,0,0,0,0,0,0,0,0,0
137,4293,  ОЙЛЕР ГЕРМЕС РУ,Москва,33100,0,0,0,0,33100,0,0,0,0,0,33100,0,0,0,0,0,0,0,0,0,0,0,0,0,0,0,0,0,0,0,33100,0,0,0,0,0,0,0,0,0
138,3099,  ОПОРА,Рязань,643740,0,0,0,0,597454,77292,57176,0,0,20116,520162,424625,41766,0,0,0,541,58,58,371987,10273,80559,223,0,0,0,51,5327,74958,0,7096,7882,0,0,0,46286,40883,316,5087,0
139,326,  ОРБИТА,Москва,20213,0,0,0,0,20213,113,25,0,0,88,20100,916,110,0,0,0,0,0,0,782,24,10442,0,0,0,0,0,9204,110,1128,7949,793,0,0,0,0,0,0,0,0
140,4008,  ОСЖ РЕСО-ГАРАНТИЯ,Москва,35383,34252,34252,0,0,1131,1131,1131,0,0,0,0,0,0,0,0,0,0,0,0,0,0,0,0,0,0,0,0,0,0,0,0,0,0,0,0,0,0,0,0,0
141,173,  ПАНАЦЕЯ,Ростов-на-Дону,0,0,0,0,0,0,0,0,0,0,0,0,0,0,0,0,0,0,0,0,0,0,0,0,0,0,0,0,0,0,0,0,0,0,0,0,0,0,0,0,0
142,915,  ПАРИ,Москва,768979,0,0,0,0,756764,151360,120564,0,0,30796,605404,546001,64669,38,60,725,301385,0,0,119297,59827,40617,1316,0,18,2497,7,2141,34519,119,1,18785,0,0,0,12215,11407,459,349,0
143,3268,  ПАРИТЕТ-СК,Москва,30478,0,0,0,0,20819,7144,873,0,0,6271,13675,10906,6668,0,0,0,15,0,0,3874,349,2746,66,0,0,0,0,57,2623,0,0,23,0,0,0,9659,9649,10,0,0
144,2284,  ПЛАТО,Москва,276,0,0,0,0,276,132,132,0,0,0,144,144,0,0,0,0,0,0,0,144,0,0,0,0,0,0,0,0,0,0,0,0,0,0,0,0,0,0,0,0
145,3568,  ПОВОЛЖСКИЙ СТРАХОВОЙ АЛЬЯНС,Сызрань,184125,0,0,0,0,67584,39208,38690,0,0,518,28376,26804,20676,0,0,86,209,0,0,1483,4350,1564,116,0,0,0,0,233,1215,0,0,8,0,0,0,116541,116541,0,0,0
146,3390,  ПОЛИС-ГАРАНТ,Москва,151535,0,0,0,0,137746,22104,690,0,0,21414,115642,107688,94894,0,0,0,1128,0,0,6329,5337,6826,1915,0,0,0,0,3728,1183,0,0,1128,0,0,0,13789,13789,0,0,0
147,3609,  ППФ СТРАХОВАНИЕ ЖИЗНИ,Москва,720745,710250,661701,0,48549,10495,10495,10380,0,0,115,0,0,0,0,0,0,0,0,0,0,0,0,0,0,0,0,0,0,0,0,0,0,0,0,0,0,0,0,0,0
148,3889,  ПРЕСТИЖ-ПОЛИС,Москва,0,0,0,0,0,0,0,0,0,0,0,0,0,0,0,0,0,0,0,0,0,0,0,0,0,0,0,0,0,0,0,0,0,0,0,0,0,0,0,0,0
149,3438,  ПРОМИНСТРАХ,Москва,2661383,0,0,0,0,2648351,38437,20169,18,0,18268,2609914,97368,10856,0,273,70,3134,0,0,81504,1531,2506709,69,0,83,143,604,879,3380,2501551,5071,766,0,0,0,13032,9775,194,3063,0
150,2682,  ПРОФСОДРУЖЕСТВО,Москва,0,0,0,0,0,0,0,0,0,0,0,0,0,0,0,0,0,0,0,0,0,0,0,0,0,0,0,0,0,0,0,0,0,0,0,0,0,0,0,0,0
151,4179,  РАЙФФАЙЗЕН ЛАЙФ,Москва,494514,401587,401587,108585,0,92927,92927,18606,0,0,74321,0,0,0,0,0,0,0,0,0,0,0,0,0,0,0,0,0,0,0,0,0,0,0,0,0,0,0,0,0,0
152,3621,  РЕГИОНАЛЬНЫЙ СТРАХОВОЙ ЦЕНТР,Москва,15859,0,0,0,0,15859,102,102,0,0,0,15757,0,0,0,0,0,0,0,0,0,0,15757,0,0,0,0,0,0,15757,0,0,0,0,0,0,0,0,0,0,0
153,2733,  РЕЗЕРВ,Хабаровск,17430,0,0,0,0,17430,8747,8747,0,0,0,8683,1745,0,0,0,0,0,0,0,0,1745,748,0,0,0,0,0,0,748,0,0,6190,0,0,0,0,0,0,0,0
154,3972,  РЕНЕССАНС ЖИЗНЬ,Москва,13837726,11563423,11563423,9915014,0,2274303,2274303,2137240,0,0,137063,0,0,0,0,0,0,0,0,0,0,0,0,0,0,0,0,0,0,0,0,0,0,0,0,0,0,0,0,0,0
155,1209,  РЕСО-ГАРАНТИЯ,Москва,12994253,168,168,0,0,10407719,2488532,1211227,260,0,1277305,7919187,7336293,5400081,18242,0,281,236030,436,0,516408,1164815,382130,218393,0,0,62,11811,4884,146493,487,21661,179103,0,0,0,2586366,2563579,18121,4666,0
156,879,  РЕСО-МЕД,Павловский Посад,0,0,0,0,0,0,0,0,0,0,0,0,0,0,0,0,0,0,0,0,0,0,0,0,0,0,0,0,0,0,0,0,0,0,0,0,0,0,0,0,0
157,13,  РЕСО-ШАНС,Москва,0,0,0,0,0,0,0,0,0,0,0,0,0,0,0,0,0,0,0,0,0,0,0,0,0,0,0,0,0,0,0,0,0,0,0,0,0,0,0,0,0
158,3492,  РЕСПЕКТ,Рязань,3651823,0,0,0,0,3651823,96580,96580,0,0,0,3555243,312016,0,0,0,0,148759,0,0,163257,0,3243227,0,0,0,0,0,0,0,3243227,0,0,0,0,0,0,0,0,0,0
159,473,  РИКС,Москва,71664,0,0,0,0,71664,5261,4437,0,0,824,66403,37156,0,0,0,0,573,4372,4372,29928,2283,1582,0,0,0,0,0,0,1510,72,0,27665,0,0,0,0,0,0,0,0
160,4351,  РНПК,Москва,0,0,0,0,0,0,0,0,0,0,0,0,0,0,0,0,0,0,0,0,0,0,0,0,0,0,0,0,0,0,0,0,0,0,0,0,0,0,0,0,0
161,1,  РОСГОССТРАХ,Люберцы,7446627,0,0,0,0,6294205,447100,145769,0,0,301331,5847105,5666606,1804198,172,6597,2061,7878,25258,0,70228,3750214,179540,20295,0,1728,1756,13,672,154937,139,817,142,0,0,0,1152422,1141229,7826,3367,0
162,3984,  РОСГОССТРАХ-ЖИЗНЬ,Москва,9268160,7524189,7524189,175421,0,1743971,1743971,1743971,0,0,0,0,0,0,0,0,0,0,0,0,0,0,0,0,0,0,0,0,0,0,0,0,0,0,0,0,0,0,0,0,0
163,3676,  РОСГОССТРАХ-МЕДИЦИНА,Москва,0,0,0,0,0,0,0,0,0,0,0,0,0,0,0,0,0,0,0,0,0,0,0,0,0,0,0,0,0,0,0,0,0,0,0,0,0,0,0,0,0
164,3535,  РОСИНКОР РЕЗЕРВ,Дмитров,313942,0,0,0,0,313942,79328,79107,0,0,221,234614,163390,22000,0,0,35,504,0,0,140404,447,24374,278,0,25,0,0,5768,17683,620,0,46850,0,0,0,0,0,0,0,0
165,2191,  РОСМЕДСТРАХ - К,Курск,0,0,0,0,0,0,0,0,0,0,0,0,0,0,0,0,0,0,0,0,0,0,0,0,0,0,0,0,0,0,0,0,0,0,0,0,0,0,0,0,0
166,2947,  РСХБ-СТРАХОВАНИЕ,Москва,516500,0,0,0,0,516428,114042,114042,0,0,0,402386,308797,15610,18,0,47,318,101021,74146,61045,130738,60447,63,0,0,0,51,302,60031,0,0,33142,0,0,0,72,0,72,0,0
167,1999,  РУССКАЯ КОРОНА,Рязань,21223,0,0,0,0,21223,20534,18324,0,0,2210,689,689,0,0,0,0,299,0,0,156,234,0,0,0,0,0,0,0,0,0,0,0,0,0,0,0,0,0,0,0
168,3748,  РУССКИЙ СТАНДАРТ СТРАХОВАНИЕ,Москва,783546,234527,234527,0,0,549019,549019,470658,0,0,78361,0,0,0,0,0,0,0,0,0,0,0,0,0,0,0,0,0,0,0,0,0,0,0,0,0,0,0,0,0,0
169,235,  РУССКОЕ ПЕРЕСТРАХОВОЧНОЕ ОБ-ВО,Москва,0,0,0,0,0,0,0,0,0,0,0,0,0,0,0,0,0,0,0,0,0,0,0,0,0,0,0,0,0,0,0,0,0,0,0,0,0,0,0,0,0
170,4202,  САКЛАУ,Казань,0,0,0,0,0,0,0,0,0,0,0,0,0,0,0,0,0,0,0,0,0,0,0,0,0,0,0,0,0,0,0,0,0,0,0,0,0,0,0,0,0
171,2873,  САХАМЕДСТРАХ,Якутск,1340,0,0,0,0,1340,1340,0,0,0,1340,0,0,0,0,0,0,0,0,0,0,0,0,0,0,0,0,0,0,0,0,0,0,0,0,0,0,0,0,0,0
172,4331,  СБЕРБАНК СТРАХОВАНИЕ,Москва,5666855,0,0,0,0,5666855,42337,22712,0,0,19625,5624518,5069264,0,0,0,0,455,558,0,128943,4939308,235092,0,0,0,0,0,0,235092,0,36011,284151,0,0,0,0,0,0,0,0
173,3692,  СБЕРБАНК СТРАХОВАНИЕ ЖИЗНИ,Москва,12389055,11735802,11735802,4920408,0,653253,653253,649644,0,0,3609,0,0,0,0,0,0,0,0,0,0,0,0,0,0,0,0,0,0,0,0,0,0,0,0,0,0,0,0,0,0
174,924,  СЕЛЕКТА,Москва,12387,0,0,0,0,12387,4556,525,0,0,4031,7831,5650,1724,0,59,2612,542,0,0,543,170,2181,0,0,0,1625,0,339,59,158,0,0,0,0,0,0,0,0,0,0
175,632,  СЕРВИСРЕЗЕРВ,Ковров,94763,0,0,0,0,26299,13132,13132,0,0,0,13167,12401,8212,0,0,0,0,0,0,0,4189,766,0,0,0,0,0,0,766,0,0,0,0,0,0,68464,68464,0,0,0
176,2353,  СИБИРСКИЙ ДОМ СТРАХОВАНИЯ,Кемерово,69727,0,0,0,0,35793,30628,16677,0,0,13951,5165,3908,1934,0,0,0,211,0,0,260,1503,1249,622,0,0,0,4,0,479,144,0,8,0,0,0,33934,32950,11,973,0
177,3467,  СИБИРСКИЙ СПАС,Новокузнецк,70082,0,0,0,0,32418,19638,6431,0,0,13207,12780,12655,12139,0,0,0,0,0,0,7,509,125,0,0,0,0,0,9,116,0,0,0,0,0,0,37664,37664,0,0,0
178,3270,  СИБИРСКИЙ СПАС-МЕД,Новокузнецк,0,0,0,0,0,0,0,0,0,0,0,0,0,0,0,0,0,0,0,0,0,0,0,0,0,0,0,0,0,0,0,0,0,0,0,0,0,0,0,0,0
179,4105,  СИВ ЛАЙФ,Москва,560606,513381,513381,94363,0,47225,47225,46113,0,0,1112,0,0,0,0,0,0,0,0,0,0,0,0,0,0,0,0,0,0,0,0,0,0,0,0,0,0,0,0,0,0
180,2444,  СИМАЗ-МЕД,Новосибирск,2757,0,0,0,0,2757,2757,0,0,0,2757,0,0,0,0,0,0,0,0,0,0,0,0,0,0,0,0,0,0,0,0,0,0,0,0,0,0,0,0,0,0
181,3803,  СК ДОМИНАНТА,Москва,13654,0,0,0,0,13654,4,4,0,0,0,13650,9021,0,0,0,0,4808,0,0,4213,0,4629,0,0,0,0,0,569,4060,0,0,0,0,0,0,0,0,0,0,0
182,3225,  СК ЕВРОПЛАН,Москва,347572,0,0,0,0,347572,0,0,0,0,0,347572,338631,338631,0,0,0,0,0,0,0,0,8941,8941,0,0,0,0,0,0,0,0,0,0,0,0,0,0,0,0,0
183,3825,  СК СОГАЗ-ЖИЗНЬ,Москва,760718,755552,755345,5,207,5166,5166,5166,0,0,0,0,0,0,0,0,0,0,0,0,0,0,0,0,0,0,0,0,0,0,0,0,0,0,0,0,0,0,0,0,0
184,4174,  СКОР П.О.,Москва,0,0,0,0,0,0,0,0,0,0,0,0,0,0,0,0,0,0,0,0,0,0,0,0,0,0,0,0,0,0,0,0,0,0,0,0,0,0,0,0,0
185,3941,  СМП-СТРАХОВАНИЕ,Москва,176293,0,0,0,0,176293,144301,10601,0,0,133700,31992,30562,10301,0,0,198,320,0,0,16623,3120,798,167,0,0,49,0,5,577,0,0,632,0,0,0,0,0,0,0,0
186,3834,  СО ПОМОЩЬ,Санкт-Петербург,82570,0,0,0,0,82570,20067,36,0,0,20031,62503,16617,769,0,0,0,331,0,0,14969,548,35083,7,0,0,0,0,0,34761,315,0,10803,0,0,0,0,0,0,0,0
187,1208,  СОГАЗ,Москва,6792511,0,0,0,0,6193779,1470580,1014008,0,0,456572,4723199,4158949,1148312,50697,115454,114653,250251,5574,1,2037237,436771,465799,15153,0,45976,39539,18968,72381,270835,2947,25988,72463,0,0,0,598732,500477,18967,79288,0
188,3230,  СОГАЗ-МЕД,Москва,0,0,0,0,0,0,0,0,0,0,0,0,0,0,0,0,0,0,0,0,0,0,0,0,0,0,0,0,0,0,0,0,0,0,0,0,0,0,0,0,0
189,1307,  СОГЛАСИЕ,Москва,6224751,0,0,0,0,5739775,789888,480963,0,0,308925,4949887,4502743,3723998,11114,721,108308,110046,38328,31734,357886,152342,322628,176520,522,2283,42392,710,321,98537,1343,53490,71026,0,0,0,484976,467436,7813,9727,0
190,3511,  СОГЛАСИЕ-ВИТА,Москва,1204657,1146404,1146404,0,0,58253,58253,58253,0,0,0,0,0,0,0,0,0,0,0,0,0,0,0,0,0,0,0,0,0,0,0,0,0,0,0,0,0,0,0,0,0
191,1580,  СОСЬЕТЕ ЖЕНЕРАЛЬ СТРАХОВАНИЕ,Москва,825875,0,0,0,0,825875,986,986,0,0,0,824889,70098,2646,0,0,0,0,0,0,0,67452,5666,0,0,0,0,0,0,5666,0,0,749125,0,0,0,0,0,0,0,0
192,4079,  СОСЬЕТЕ ЖЕНЕРАЛЬ СТРАХОВАНИЕ ЖИЗНИ,Москва,1912102,1349466,1349466,1253124,0,562636,562636,562636,0,0,0,0,0,0,0,0,0,0,0,0,0,0,0,0,0,0,0,0,0,0,0,0,0,0,0,0,0,0,0,0,0
193,3528,  СПАСЕНИЕ,Казань,20540,0,0,0,0,20540,20540,0,0,0,20540,0,0,0,0,0,0,0,0,0,0,0,0,0,0,0,0,0,0,0,0,0,0,0,0,0,0,0,0,0,0
194,3300,  СПАССКИЕ ВОРОТА,Салехард,242056,0,0,0,0,239836,141632,13126,0,0,128506,98204,89062,2308,0,0,0,82329,0,0,785,3640,9142,31,0,0,0,0,40,9071,0,0,0,0,0,0,2220,2160,60,0,0
195,2354,  СПАССКИЕ ВОРОТА-М,Москва,6978,0,0,0,0,6978,6978,0,0,0,6978,0,0,0,0,0,0,0,0,0,0,0,0,0,0,0,0,0,0,0,0,0,0,0,0,0,0,0,0,0,0
196,3983,  СТЕРХ,Якутск,463828,0,0,0,0,249554,83020,82964,0,0,56,166534,123132,28626,0,18290,15284,634,7360,7272,38110,14828,35894,158,0,24282,7504,0,624,3172,154,1748,5760,0,0,0,214274,210476,538,3260,0
197,3229,  СТРАХОВАЯ БИЗНЕС ГРУППА,Воронеж,435949,0,0,0,0,423011,7233,6538,0,0,695,415778,398826,463,0,660,68,15539,0,0,381346,750,16592,0,0,31,205,0,5865,9802,689,0,360,0,0,0,12938,5700,468,6770,0
198,574,  СТРАХОВАЯ КОМПАНИЯ ЕКАТЕРИНБУРГ,Екатеринбург,142506,0,0,0,0,142506,31373,4682,0,0,26691,111133,108531,94564,0,0,0,1977,0,0,6975,5015,2127,1536,0,0,0,0,32,365,194,0,475,0,0,0,0,0,0,0,0
199,4104,  СТРАХОВАЯ КОМПАНИЯ КАРДИФ,Москва,7412681,0,0,0,0,7412681,4982804,4982804,0,0,0,2429877,524237,410276,0,0,0,0,0,0,0,113961,9476,0,0,0,0,0,0,9476,0,0,1896164,0,0,0,0,0,0,0,0
200,3857,  СТРАХОВАЯ КОМПАНИЯ ТРУДОВОЕ СТРАХОВАНИЕ,Москва,0,0,0,0,0,0,0,0,0,0,0,0,0,0,0,0,0,0,0,0,0,0,0,0,0,0,0,0,0,0,0,0,0,0,0,0,0,0,0,0,0
201,2359,  СТРАХОВАЯ КОМПАНИЯ УСПЕХ,Москва,4318,0,0,0,0,4318,3732,0,0,0,3732,586,584,0,0,0,0,574,0,0,0,10,2,0,0,0,0,0,0,2,0,0,0,0,0,0,0,0,0,0,0
202,3969,  СТРАХОВАЯ КОМПАНИЯ ЧАББ,Москва,39135,0,0,0,0,39135,381,381,0,0,0,38754,10150,0,0,0,0,4163,0,0,5719,268,13415,0,0,0,0,0,2039,11376,0,2277,12912,0,0,0,0,0,0,0,0
203,3928,  СТРАХОВЫЕ ИНВЕСТИЦИИ,Уфа,320,0,0,0,0,320,26,23,0,0,3,294,208,0,0,0,0,0,0,0,198,10,1,0,0,0,0,0,1,0,0,0,85,0,0,0,0,0,0,0,0
204,1149,  СТРИЖ,Ижевск,0,0,0,0,0,0,0,0,0,0,0,0,0,0,0,0,0,0,0,0,0,0,0,0,0,0,0,0,0,0,0,0,0,0,0,0,0,0,0,0,0
205,3127,  СУРГУТНЕФТЕГАЗ,Сургут,240996,0,0,0,0,210069,108664,100747,0,0,7917,101405,94846,48145,0,0,101,309,0,0,29071,17220,4286,7,0,0,142,2074,566,1482,15,191,2082,0,0,0,30927,30330,131,466,0
206,1587,  ТАЛИСМАН,Казань,49820,0,0,0,0,10445,1142,1142,0,0,0,9303,9210,8341,0,0,0,0,0,0,62,807,90,0,0,0,0,0,0,90,0,0,3,0,0,0,39375,39375,0,0,0
207,191,  ТИНЬКОФФ СТРАХОВАНИЕ,Москва,456068,0,0,0,0,453434,324151,324151,0,0,0,129283,125468,125371,0,0,0,0,0,0,0,97,496,496,0,0,0,0,0,0,0,0,3319,0,0,0,2634,2634,0,0,0
208,1182,  ТИТ,Москва,59509,0,0,0,0,59509,20841,14250,0,0,6591,38668,21981,10115,0,6250,0,2633,0,0,2000,983,13374,71,0,12391,0,0,155,71,686,0,3313,0,0,0,0,0,0,0,0
209,1688,  ТРАНСНАЦИОНАЛЬНАЯ СК,Королев,42898,0,0,0,0,42898,29236,25666,0,0,3570,13662,13608,582,0,0,0,1839,0,0,11093,94,54,22,0,0,0,0,0,32,0,0,0,0,0,0,0,0,0,0,0
210,1623,  ТЮМЕНЬ-ПОЛИС,Тюмень,13111,0,0,0,0,13111,4501,4501,0,0,0,8610,7402,5313,0,0,0,0,0,0,42,2047,2,0,0,0,0,0,0,2,0,0,1206,0,0,0,0,0,0,0,0
211,3313,  УГМК-МЕДИЦИНА,Екатеринбург,11388,0,0,0,0,11388,11388,0,0,0,11388,0,0,0,0,0,0,0,0,0,0,0,0,0,0,0,0,0,0,0,0,0,0,0,0,0,0,0,0,0,0
212,1457,  УРАЛ-РЕЦЕПТ М,Екатеринбург,1,0,0,0,0,1,1,0,0,0,1,0,0,0,0,0,0,0,0,0,0,0,0,0,0,0,0,0,0,0,0,0,0,0,0,0,0,0,0,0,0
213,983,  УРАЛСИБ,Москва,225651,0,0,0,0,225192,147739,80903,0,0,66836,77453,57076,7531,535,161,0,9405,0,0,9039,30405,18760,3135,0,0,0,0,144,15327,154,0,1617,0,0,0,459,0,160,299,0
214,3987,  УРАЛСИБ ЖИЗНЬ,Москва,932510,931716,931568,711601,148,794,794,794,0,0,0,0,0,0,0,0,0,0,0,0,0,0,0,0,0,0,0,0,0,0,0,0,0,0,0,0,0,0,0,0,0
215,667,  УРАЛСИБ СТРАХОВАНИЕ,Москва,810327,0,0,0,0,810327,709408,675212,0,0,34196,100919,82615,2299,232,0,0,4490,0,0,8608,66986,16389,0,0,0,0,4,39,11829,4517,0,1915,0,0,0,0,0,0,0,0
216,319,  ХОСКА,Хабаровск,182908,0,0,0,0,155806,33896,24136,0,0,9760,121910,39905,14308,0,86,4835,12376,0,0,4996,3304,6330,114,0,0,109,0,55,4482,1570,0,75675,0,0,0,27102,27102,0,0,0
217,3507,  ХОУМ КРЕДИТ СТРАХОВАНИЕ,Москва,1526236,0,0,0,0,1526236,1264323,1264323,0,0,0,261913,228512,0,0,0,0,0,0,0,0,228512,34856,0,0,0,0,0,0,34856,0,0,-1455,0,0,0,0,0,0,0,0
218,3517,  ЦЕНТРАЛЬНОЕ СО,Мытищи,268775,0,0,0,0,264318,64933,54293,0,0,10640,199385,155970,19605,0,2,10120,69883,9086,8782,44799,2475,43243,377,0,5,16447,0,15716,8604,2094,25,147,0,0,0,4457,836,503,3118,0
219,212,  ЦЮРИХ НАДЕЖНОЕ СТРАХОВАНИЕ,Москва,51924,0,0,0,0,51924,68,68,0,0,0,51856,33478,35,0,0,0,17311,0,0,16099,33,7309,23,0,0,0,0,1304,5982,0,2625,8444,0,0,0,0,0,0,0,0
220,3998,  ЧАББ ЖИЗНЬ,Москва,88,0,0,0,0,88,88,88,0,0,0,0,0,0,0,0,0,0,0,0,0,0,0,0,0,0,0,0,0,0,0,0,0,0,0,0,0,0,0,0,0
221,2708,  ЧРЕЗВЫЧАЙНАЯ СТРАХОВАЯ КОМПАНИЯ,Москва,33113,0,0,0,0,28918,13446,13411,0,0,35,15472,1121,0,0,43,53,271,0,0,745,9,5277,21,0,481,332,1210,3,3230,0,0,9074,0,0,0,4195,0,3198,997,0
222,552,  ЧУВАШИЯ-МЕД,Чебоксары,791,0,0,0,0,791,791,0,0,0,791,0,0,0,0,0,0,0,0,0,0,0,0,0,0,0,0,0,0,0,0,0,0,0,0,0,0,0,0,0,0
223,2136,  ЧУВАШСКАЯ МСК,Новочебоксарск,1841,0,0,0,0,1841,1841,0,0,0,1841,0,0,0,0,0,0,0,0,0,0,0,0,0,0,0,0,0,0,0,0,0,0,0,0,0,0,0,0,0,0
224,1216,  ЧУЛПАН,Альметьевск,46096,0,0,0,0,29185,5680,4571,0,0,1109,23505,22344,11542,0,0,81,1,172,0,3536,7012,1154,45,0,0,49,45,23,992,0,0,7,0,0,0,16911,16316,401,194,0
225,4001,  ЧУЛПАН-ЖИЗНЬ,Альметьевск,18884,18868,18796,0,72,16,16,16,0,0,0,0,0,0,0,0,0,0,0,0,0,0,0,0,0,0,0,0,0,0,0,0,0,0,0,0,0,0,0,0,0
226,3957,  ЧУЛПАН-МЕД,Альметьевск,0,0,0,0,0,0,0,0,0,0,0,0,0,0,0,0,0,0,0,0,0,0,0,0,0,0,0,0,0,0,0,0,0,0,0,0,0,0,0,0,0
227,3543,  ЭКИП,Москва,32103,0,0,0,0,32103,3454,598,0,0,2856,28649,27815,24905,0,0,71,29,0,0,1718,1092,870,124,0,0,13,0,54,599,80,0,-36,0,0,0,0,0,0,0,0
228,3815,  ЭКСПРЕСС-СТРАХОВАНИЕ,Санкт-Петербург,2175,0,0,0,0,2175,0,0,0,0,0,2175,0,0,0,0,0,0,0,0,0,0,2175,0,0,0,0,0,0,2175,0,0,0,0,0,0,0,0,0,0,0
229,1834,  ЭНЕРГОГАРАНТ,Москва,2254108,0,0,0,0,2048740,531486,185343,792,0,346143,1517254,1408002,882380,2044,1,938,160742,27203,20449,237238,97456,91479,9305,82,0,1251,3697,1877,75114,153,4174,13599,0,0,0,205368,190438,5778,9152,0
230,177,  ЭРГО,Москва,1136089,0,0,0,0,1094849,45731,35108,0,0,10623,1049118,982729,899090,51,0,214,23608,0,0,29751,30015,64858,60912,0,0,0,42,968,2936,0,611,920,0,0,0,41240,41099,141,0,0
231,3879,  ЭРГО ЖИЗНЬ,Москва,1507976,72706,72706,0,0,1435270,1435270,1435100,0,0,170,0,0,0,0,0,0,0,0,0,0,0,0,0,0,0,0,0,0,0,0,0,0,0,0,0,0,0,0,0,0
232,4133,  ЭЧДИАЙ СТРАХОВАНИЕ,Москва,18085,0,0,0,0,18085,92,92,0,0,0,17993,5398,0,0,0,0,1783,0,0,3615,0,6484,0,0,0,0,0,5956,528,0,3249,2862,0,0,0,0,0,0,0,0
233,3211,  ЮГОРИЯ,Ханты-Мансийск,1082870,0,0,0,0,719819,58207,46493,0,0,11714,661612,654718,557494,0,0,36,3203,921,0,7695,85369,6475,139,0,0,55,0,132,6149,0,61,358,0,0,0,363051,362652,399,0,0
234,4014,  ЮГОРИЯ-ЖИЗНЬ,Ханты-Мансийск,14781,14336,14336,0,0,445,445,445,0,0,0,0,0,0,0,0,0,0,0,0,0,0,0,0,0,0,0,0,0,0,0,0,0,0,0,0,0,0,0,0,0
235,2243,  ЮЖУРАЛ-АСКО,Челябинск,540136,0,0,0,0,208236,49753,34580,0,0,15173,158483,156453,138297,0,0,0,430,0,0,3240,14486,2030,419,0,0,0,0,98,1513,0,0,0,0,0,0,331900,331900,0,0,0
236,1643,  ЮНИТИ РЕ,Москва,0,0,0,0,0,0,0,0,0,0,0,0,0,0,0,0,0,0,0,0,0,0,0,0,0,0,0,0,0,0,0,0,0,0,0,0,0,0,0,0,0
237,1621,  ЯКОРЬ,Москва,209190,0,0,0,0,152296,80226,30598,0,0,49628,72070,38124,2169,0,0,397,15597,0,0,18713,1248,33934,37,0,0,471,0,20,23077,10329,0,12,0,0,0,56894,56894,0,0,0
