Сведения о количестве заключенных договоров страхования в разрезе страховщиков,Unnamed: 1,Unnamed: 2,Unnamed: 3,Unnamed: 4,Unnamed: 5,Unnamed: 6,Unnamed: 7,Unnamed: 8,Unnamed: 9,Unnamed: 10,Unnamed: 11,Unnamed: 12,Unnamed: 13,Unnamed: 14,Unnamed: 15,Unnamed: 16,Unnamed: 17,Unnamed: 18,Unnamed: 19,Unnamed: 20,Unnamed: 21,Unnamed: 22,Unnamed: 23,Unnamed: 24,Unnamed: 25,Unnamed: 26,Unnamed: 27,Unnamed: 28,Unnamed: 29,Unnamed: 30,Unnamed: 31,Unnamed: 32,Unnamed: 33,Unnamed: 34,Unnamed: 35,Unnamed: 36,Unnamed: 37,Unnamed: 38,Unnamed: 39,Unnamed: 40,Unnamed: 41,Unnamed: 42,Unnamed: 43,Unnamed: 44,Unnamed: 45,Unnamed: 46,Unnamed: 47,Unnamed: 48
Дата составления отчета: 24.08.2021,,,,,,,,,,,,,,,,,,,,,,,,,,,,,,,,,,,,,,,,,,,,,,,,
Отчетный период:  январь-июнь 2021 г.,,,,,,,,,,,,,,,,,,,,,,,,,,,,,,,,,,,,,,,,,,,,,,,,
,,,,,,,,,,,,,,,,,,,,,,,,,,,,,,,,,,,,,,,,,,,,,,,,единица
,,,,Добровольное и обязательное страхование (кроме обязательного медицинского страхования),,,,,,,,,,,,,,,,,,,,,,,,,,,,,,,,,,,,,,,,,,,,
,,,,,,I. Добровольное страхование,,,,,,,,,,,,,,,,,,,,,,,,,,,,,,,,,,II. Обязательное страхование  ,,,,,,,,
,,,,,,Страхование жизни,,,,"Страхование иное, чем страхование жизни",,,,,,,,,,,,,,,,,,,,,,,,,,,,,,Обязательное личное страхование,,,Обязательное имущественное страхование,,,,,
,,,,,,,в том числе,,,,в том числе,,,,,,,,,,,,,,,,,,,,,,,,,,,,,,в том числе,,,в том числе,,,,
,,,,,,,,из него,,,личное страхование,,,,,Имущественное страхование,,,,,,,,,,,,,,,,,,,,,,,,,,,,,,,,
,,,,,,,,,,,,в том числе,,,,,в том числе,,,,,,,,,,,,,,,,,,,,,,,,,,,,,,,
,,,,,,,,,,,,,из него,,,,Страхование имущества,,,,,,,,,,Страхование гражданской ответственности,,,,,,,,,,,,,,государственное,,,,,,,
,,,,,,,,,,,,,,,,,,в том числе,,,,,,,,,,в том числе,,,,,,,,,,,,, страхование жизни и,иные виды,,гражданской,гражданской,гражданской,иные виды,
,,,,,,,,,,,,,"пациентов,",,,,,,,,,,,из него,,,,,из него,,,,,,,,,,,Всего,здоровья, обязательного личного,Всего,ответственности,ответственности,ответственности,обязательного,Инвестиционное
№ п/п,Рег №,Наименование,Город,Всего,из них страхование,,страхование жизни,,,Всего,,,участвующих в,,,,,,,,,,,,,,,владельцев средств,,,,,,,,,,страхование,страхование,,военнослужащих и," страхования,",,владельцев,владельца опасного,перевозчика за,имущественного,страхование
,,,,,нерезидентов,Всего,(кроме,страхование жизни,пенсионное,,Всего,от несчастных,клинических,,,,,,,,,,,,,,Всего,наземного транспорта,владельцев,владельцев,,,,,,,за неисполнение или,предпринимательских,финансовых рисков,,приравненных к ним в, предусмотренные,,транспортных средств,объекта за причинение,причинение вреда,"страхования,",жизни
,,,,,,,пенсионного), заемщика,страхование,,,случаев и болезней,исследованиях,работников,медицинское,Всего,,средств наземного,,,,,,,,,, (кроме средств,автотранспортных,автотранспортных,владельцев средств,владельцев средств,владельцев средств,"организаций,",за причинение вреда,за причинение вреда,ненадлежащее,рисков,,,обязательном, федеральными,,,вреда в результате," жизни, здоровью,",предусмотренные,
,,,,,,, страхования)-всего,,,,,,лекарственного,налоговых органов,страхование,,Всего,транспорта,средств,,,,,"страхование,",,,, железнодорожного, средств (кроме, средств (страхования,железнодорожного,воздушного транспорта,водного транспорта,эксплуатирующих,вследствие недостатков,третьим лицам,исполнение,,,,государственном,законами,,,аварии на опасном, имуществу пассажиров,федеральными,
,,,,,,,,,,,,,препарата для,,,,,(кроме средств,железнодорожного,средств воздушного,средств водного,грузов,сельскохозяйственное,осуществляемое с,прочего имущества,прочего имущества,,транспорта)," страхования,", осуществляемого в,транспорта,,,опасные объекты,"товаров, работ, услуг",, обязательств по,,,, страховании лиц,,,, объекте,,законами,
,,,,,,,,,,,,,медицинского,,,,,железнодорожного,транспорта,транспорта,транспорта,,страхование - всего,государственной,юридических лиц,граждан,,, осуществляемого в,рамках международной,,,,,,, договору,,,,,,,,,,,
,,,,,,,,,,,,,применения,,,,,транспорта),,,,,, поддержкой,,,,,рамках международной, системы страхования,,,,,,,,,,,,,,,,,,
,,,,,,,,,,,,,,,,,,,,,,,,,,,,, системы страхования," ""Зеленая карта"")",,,,,,,,,,,,,,,,,,
,,,,,,,,,,,,,,,,,,,,,,,,,,,,," ""Зеленая карта"")",,,,,,,,,,,,,,,,,,,
,,,,,,,,,,,,,,,,,,,,,,,,,,,,,,,,,,,,,,,,,,,,,,,,
1,2,3,4,5,6,7,8,9,10,11,12,13,14,15,16,17,18,19,20,21,22,23,24,25,26,27,28,29,30,31,32,33,34,35,36,37,38,39,40,41,42,43,44,45,46,47,48,49
ИТОГО:,,,,96294529,1961440,2944281,2940902,2232584,3379,73453055,30566334,23742278,253,1,6824056,42886721,26323102,2542393,2783,949,2040,2971554,22880,1634,241396,20539107,5833404,525945,345111,177321,7,2079,4959,984,18253,5257573,23604,29113,10701102,9,9,0,19897184,19717846,148633,30705,0,173985
1,1675,"""Совкомбанк страхование"" (АО)",Санкт-Петербург,2401661,37506,0,0,0,0,2204818,1245539,822716,0,0,422823,959279,154908,27724,3,0,39,1338,0,0,1739,124065,258533,2896,2896,0,0,0,25,0,35,255546,31,36,545802,0,0,0,196843,196610,183,50,0,0
2,3947,"АО ""АИГ""",Москва,1030,0,0,0,0,0,886,0,0,0,0,0,886,168,0,0,0,0,103,0,0,65,0,452,11,11,0,0,0,0,0,130,311,0,0,266,0,0,0,144,0,144,0,0,0
3,2239,"АО ""АльфаСтрахование""",Москва,20484234,46066,0,0,0,0,17644808,4587746,4183059,29,0,404687,13057062,5692291,262459,94,66,233,5965,111,46,10482,5412881,248871,61859,14131,47728,0,130,458,51,485,185311,577,771,7115129,0,0,0,2839426,2826402,11414,1610,0,0
4,3064,"АО ""Боровицкое страховое общество""",Москва,111187,10256,0,0,0,0,58446,50507,38929,0,0,11578,7939,7610,7257,0,0,0,77,0,0,216,60,327,0,0,0,0,0,0,0,15,74,238,0,2,0,0,0,52741,52741,0,0,0,0
5,1284,"АО ""Группа Ренессанс Страхование""",Москва,1955400,56490,0,0,0,0,1392435,831388,412674,0,0,418714,561047,408304,136960,3,0,16,1140,0,0,1872,268313,55048,33306,33306,0,0,0,2,0,72,21668,0,0,97695,0,0,0,562965,561612,1131,222,0,0
6,3211,"АО ""ГСК ""Югория""",Ханты-Мансийск,1763091,10185,0,0,0,0,896336,566944,485983,1,0,80961,329392,307728,136089,0,11,34,7962,475,0,15916,147241,17212,790,679,111,0,25,163,10,31,16188,5,29,4423,0,0,0,866755,863654,2250,851,0,0
7,1820,"АО ""ГУТА-Страхование""",Москва,218,0,0,0,0,0,218,34,0,0,0,34,184,178,3,0,0,0,127,6,6,40,2,6,0,0,0,0,0,0,0,0,6,0,0,0,0,0,0,0,0,0,0,0,0
8,1412,"АО ""Д2 Страхование""",Новосибирск,482776,15412,0,0,0,0,482776,345237,321691,0,0,23546,137539,31574,746,0,0,0,0,0,0,24,30804,7126,0,0,0,0,0,0,0,0,7126,0,0,98839,0,0,0,0,0,0,0,0,0
9,0055,"АО ""ДальЖАСО""",Хабаровск,32019,0,0,0,0,0,32019,22307,21297,0,0,1010,9712,9639,6,271,0,1,9225,0,0,58,78,73,0,0,0,0,0,0,0,0,40,33,0,0,0,0,0,0,0,0,0,0,0
10,4009,"АО ""ЕРВ Туристическое Страхование""",Москва,81792,0,0,0,0,0,81792,44555,4153,0,0,40402,37237,3968,0,0,0,0,0,0,0,0,3968,3990,0,0,0,0,0,0,0,0,3979,11,0,29279,0,0,0,0,0,0,0,0,0
11,1427,"АО ""МАКС""",Москва,658223,0,0,0,0,0,235721,112724,101611,0,0,11113,122997,62936,42627,24,2,18,142,0,0,642,19481,13382,8959,8959,0,0,6,37,58,61,4124,137,8,46671,2,2,0,422500,420861,919,720,0,0
12,2346,"АО ""ОСК""",Самара,138481,6653,0,0,0,0,48845,20741,12122,0,0,8619,28104,23743,10575,3,2,81,4884,2,0,2332,5864,3614,542,542,0,0,44,327,3,246,2391,61,0,747,0,0,0,89636,89065,472,99,0,0
13,3748,"АО ""Русский Стандарт Страхование""",Москва,240154,0,75967,75967,0,0,164187,164187,114424,0,0,49763,0,0,0,0,0,0,0,0,0,0,0,0,0,0,0,0,0,0,0,0,0,0,0,0,0,0,0,0,0,0,0,0,5998
14,2619,"АО ""СК ""Астро-Волга""",Самара,1596388,0,0,0,0,0,1026237,826201,750358,0,0,75843,200036,198257,145135,0,0,7,272,9,4,450,52384,1779,310,310,0,0,0,5,0,15,1446,3,0,0,0,0,0,570151,570151,0,0,0,0
15,0507,"АО ""СК ""Колымская""",Хабаровск,33110,17,5143,5141,0,2,27967,27967,7579,0,0,20388,0,0,0,0,0,0,0,0,0,0,0,0,0,0,0,0,0,0,0,0,0,0,0,0,0,0,0,0,0,0,0,0,0
16,0915,"АО ""СК ""ПАРИ""",Москва,1450786,0,0,0,0,0,1437132,114197,109522,0,0,4675,1322935,1291147,2772,15,16,41,1206266,0,0,5079,76958,10838,2200,2200,0,0,17,167,15,322,8082,35,13523,7427,0,0,0,13654,12664,818,172,0,0
17,2733,"АО ""СК ""Резерв""",Хабаровск,0,0,0,0,0,0,0,0,0,0,0,0,0,0,0,0,0,0,0,0,0,0,0,0,0,0,0,0,0,0,0,0,0,0,0,0,0,0,0,0,0,0,0,0,0
18,4014,"АО ""СК ""Югория-Жизнь""",Москва,24723,0,15790,15790,0,0,8933,8933,8867,0,0,66,0,0,0,0,0,0,0,0,0,0,0,0,0,0,0,0,0,0,0,0,0,0,0,0,0,0,0,0,0,0,0,0,101
19,0630,"АО ""СК ГАЙДЕ""",Санкт-Петербург,299972,0,0,0,0,0,135441,79241,63721,0,0,15520,56200,49618,24219,18,0,11,3455,0,0,2173,19742,2453,763,763,0,0,0,0,0,4,1159,527,0,4129,0,0,0,164531,162720,737,1074,0,0
20,2873,"АО ""СМК ""Сахамедстрах""",Якутск,1060,872,0,0,0,0,1060,1060,0,0,0,1060,0,0,0,0,0,0,0,0,0,0,0,0,0,0,0,0,0,0,0,0,0,0,0,0,0,0,0,0,0,0,0,0,0
21,1587,"АО ""СО ""Талисман""",Казань,86621,0,0,0,0,0,2701,1967,1967,0,0,0,734,652,442,0,1,0,0,11,11,32,166,82,0,0,0,0,2,0,0,1,79,0,0,0,0,0,0,83920,83920,0,0,0,0
22,1208,"АО ""СОГАЗ""",Москва,4766755,15,0,0,0,0,3683786,2636117,2214588,0,1,421529,1047669,527966,79193,665,210,207,14404,91,5,11331,421865,221565,15269,15269,0,4,324,217,332,2756,202602,61,846,297292,4,4,0,1082965,1041607,37163,4195,0,0
23,3229,"АО ""Страховая бизнес группа""",Воронеж,90005,12113,0,0,0,0,53928,53322,39214,0,0,14108,606,265,2,0,4,0,115,0,0,87,57,321,0,0,0,0,10,9,0,93,135,74,0,20,0,0,0,36077,35215,552,310,0,0
24,0983,"АО ""Страховая группа ""УралСиб""",Москва,2842,0,0,0,0,0,2842,2342,2342,0,0,0,500,2,0,0,0,0,0,0,0,1,1,0,0,0,0,0,0,0,0,0,0,0,0,498,0,0,0,0,0,0,0,0,0
25,0796,"АО ""Страховая группа АВАНГАРД - ГАРАНТ""",Москва,167,0,0,0,0,0,167,1,1,0,0,0,166,166,112,0,0,0,0,22,22,32,0,0,0,0,0,0,0,0,0,0,0,0,0,0,0,0,0,0,0,0,0,0,0
26,3390,"АО ""Страховая Компания ""ПОЛИС-ГАРАНТ""",Москва,8653,0,0,0,0,0,6319,2794,104,0,0,2690,3525,384,256,0,0,0,9,0,0,15,104,474,202,202,0,0,0,0,0,113,159,0,0,2667,0,0,0,2334,2334,0,0,0,0
27,3230,"АО ""Страховая компания ""СОГАЗ-Мед""",Москва,0,0,0,0,0,0,0,0,0,0,0,0,0,0,0,0,0,0,0,0,0,0,0,0,0,0,0,0,0,0,0,0,0,0,0,0,0,0,0,0,0,0,0,0,0
28,0206,"АО ""Страховая Компания ""СОЛИДАРНОСТЬ""",Иваново,29059,0,0,0,0,0,29059,27149,5979,0,0,21170,1910,1576,22,0,1,0,40,0,0,171,1342,334,0,0,0,0,1,0,2,9,321,1,0,0,0,0,0,0,0,0,0,0,0
29,2144,"АО ""Страховая компания АСКО-Центр""",Курск,54695,0,0,0,0,0,54695,13649,13551,0,0,98,41046,40991,39729,0,0,0,101,6,0,207,948,55,0,0,0,0,0,0,0,0,55,0,0,0,0,0,0,0,0,0,0,0,0
30,0191,"АО ""Тинькофф Страхование""",Москва,3042244,0,0,0,0,0,2883354,2184198,2184198,0,0,0,699156,391409,102907,0,0,0,0,0,0,2,288500,29442,7160,7160,0,0,0,0,0,0,22282,0,0,278305,0,0,0,158890,158890,0,0,0,0
31,3987,"АО ""УРАЛСИБ Жизнь""",Москва,18324,4,17919,17919,13425,0,405,405,0,0,0,405,0,0,0,0,0,0,0,0,0,0,0,0,0,0,0,0,0,0,0,0,0,0,0,0,0,0,0,0,0,0,0,0,2839
32,2708,"АО ""ЧСК""",Москва,35,0,0,0,0,0,35,22,20,0,0,2,13,0,0,0,0,0,0,0,0,0,0,13,0,0,0,0,0,0,9,0,4,0,0,0,0,0,0,0,0,0,0,0,0
33,0177,"АО ""Юнити страхование""",Москва,18668,5578,0,0,0,0,16589,6382,823,0,0,5559,10207,10204,10154,0,0,0,0,0,0,0,50,3,3,3,0,0,0,0,0,0,0,0,0,0,0,0,0,2079,2079,0,0,0,0
34,3300,"АО СГ ""Спасские ворота""",Москва,90682,645,0,0,0,0,87549,3088,1826,0,0,1262,84461,84143,142,0,0,7,82771,0,0,156,1067,277,11,11,0,0,0,29,2,9,226,0,0,41,0,0,0,3133,3093,40,0,0,0
35,1858,"АО СК "" Армеец""",Москва,125730,2720,0,0,0,0,26618,23411,12652,0,0,10759,3207,2480,768,0,0,0,0,0,0,115,1597,720,9,9,0,0,6,0,0,0,704,1,0,7,0,0,0,99112,99112,0,0,0,0
36,0290,"АО СК ""Альянс""",Москва,196668,268,0,0,0,0,196075,128034,42416,7,0,85618,68041,10887,1,62,1,59,1037,0,0,953,8774,1180,1,1,0,0,2,0,7,46,1116,8,50,55924,0,0,0,593,0,422,171,0,0
37,0518,"АО СК ""БАСК""",Белово,41472,0,0,0,0,0,14596,8086,3388,0,0,4698,6510,6405,5515,0,0,0,399,0,0,47,444,100,1,1,0,0,0,0,0,0,99,0,0,5,0,0,0,26876,26595,281,0,0,0
38,2027,"АО СК ""Двадцать первый век""",Санкт-Петербург,177992,16649,0,0,0,0,72830,39406,38089,0,0,1317,33424,21092,20143,0,0,1,67,0,0,110,771,12325,12185,100,12085,0,0,1,0,10,129,0,0,7,0,0,0,105162,105162,0,0,0,0
39,0425,"АО СК ""Ингвар""",Москва,785,0,0,0,0,0,785,2,2,0,0,0,783,769,0,0,0,0,504,0,0,256,9,12,0,0,0,0,0,0,0,0,12,0,0,2,0,0,0,0,0,0,0,0,0
40,2947,"АО СК ""РСХБ-Страхование""",Москва,299385,0,0,0,0,0,299332,122147,122137,0,0,10,177185,69506,782,7,0,1,54,1313,535,8899,58450,55526,80,80,0,0,0,3,0,6,55436,1,4919,47234,0,0,0,53,0,53,0,0,0
41,3256,"АО СК ""Совкомбанк Жизнь""",Москва,66564,0,6337,5944,3434,393,60227,60227,52941,0,0,7286,0,0,0,0,0,0,0,0,0,0,0,0,0,0,0,0,0,0,0,0,0,0,0,0,0,0,0,0,0,0,0,0,0
42,0212,"АО СК ""Цюрих""",Москва,1264,0,0,0,0,0,1264,13,13,0,0,0,1251,350,0,0,0,0,143,0,0,207,0,596,4,4,0,0,0,0,0,214,378,0,98,207,0,0,0,0,0,0,0,0,0
43,1216,"АО СК ""Чулпан""",Альметьевск,98263,0,0,0,0,0,25651,15129,14929,0,0,200,10522,6213,571,0,0,3,20,203,0,167,5249,4286,48,48,0,0,0,17,6,0,4213,2,0,23,0,0,0,72612,70884,1689,39,0,0
44,4376,"НКО ""ВОВС""",Сызрань,3,0,0,0,0,0,3,0,0,0,0,0,3,0,0,0,0,0,0,0,0,0,0,3,0,0,0,0,0,0,0,0,1,2,0,0,0,0,0,0,0,0,0,0,0
45,4349,"НКО ""МОВС""",Санкт-Петербург,307,0,0,0,0,0,307,0,0,0,0,0,307,216,190,0,0,0,1,1,0,21,3,51,3,0,0,0,0,0,0,0,6,42,14,26,0,0,0,0,0,0,0,0,0
46,4379,"НКО ""ПОВСТО""",Екатеринбург,813239,0,0,0,0,0,813239,0,0,0,0,0,813239,797748,0,0,0,0,797735,0,0,3,10,15491,0,0,0,0,0,0,0,0,0,15491,0,0,0,0,0,0,0,0,0,0,0
47,4381,НКО «ПОВС «РП»,Москва,5,0,0,0,0,0,5,0,0,0,0,0,5,5,0,0,0,0,0,0,0,0,5,0,0,0,0,0,0,0,0,0,0,0,0,0,0,0,0,0,0,0,0,0,0
48,4301,НКО НОВС,Камышин,569,0,0,0,0,0,569,0,0,0,0,0,569,0,0,0,0,0,0,0,0,0,0,302,0,0,0,0,0,0,0,0,290,12,0,267,0,0,0,0,0,0,0,0,0
49,4296,"НКО ПОВС ""Кооп-Ресурс""",Вологда,35,0,0,0,0,0,35,0,0,0,0,0,35,35,2,0,0,0,0,0,0,24,9,0,0,0,0,0,0,0,0,0,0,0,0,0,0,0,0,0,0,0,0,0,0
50,4169,"НКО ПОВС ""СмартСтрах""",Москва,1,0,0,0,0,0,1,0,0,0,0,0,1,0,0,0,0,0,0,0,0,0,0,0,0,0,0,0,0,0,0,0,0,0,0,1,0,0,0,0,0,0,0,0,0
51,4359,"НКО ПОВС ""Страховой дом ""Платинум""",Санкт-Петербург,365,0,0,0,0,0,365,0,0,0,0,0,365,363,338,0,0,0,8,0,0,15,2,2,0,0,0,0,0,0,0,0,1,1,0,0,0,0,0,0,0,0,0,0,0
52,4360,"НКО ПОВС ""Эталон""",Москва,772,0,0,0,0,0,772,0,0,0,0,0,772,771,771,0,0,0,0,0,0,0,0,0,0,0,0,0,0,0,0,0,0,0,0,1,0,0,0,0,0,0,0,0,0
53,4354,НКО ПОВС «ВЗАИМОПОМОЩЬ»,Москва,21,0,0,0,0,0,21,0,0,0,0,0,21,1,1,0,0,0,0,0,0,0,0,11,0,0,0,0,0,0,0,0,0,11,0,9,0,0,0,0,0,0,0,0,0
54,4279,НКО ПОВС «Кооперативное единство»,Новосибирск,79,0,0,0,0,0,79,0,0,0,0,0,79,79,24,0,0,0,0,0,0,46,9,0,0,0,0,0,0,0,0,0,0,0,0,0,0,0,0,0,0,0,0,0,0
55,4362,НКО ПОВС «Содружество»,Москва,85,0,0,0,0,0,85,0,0,0,0,0,85,0,0,0,0,0,0,0,0,0,0,82,0,0,0,0,0,0,0,1,0,81,0,3,0,0,0,0,0,0,0,0,0
56,2496,"ООО ""Абсолют Страхование""",Москва,1497040,19110,0,0,0,0,1453494,1155649,1120907,52,0,34742,297845,160422,9338,5,0,86,2325,113,102,3224,145331,99940,1346,1346,0,0,11,379,0,4236,93961,7,83,37400,0,0,0,43546,42810,582,154,0,0
57,3867,"ООО ""АК БАРС СТРАХОВАНИЕ""",Казань,135408,0,0,0,0,0,135408,49291,48984,0,0,307,86117,56881,221,0,11,0,5,2544,0,844,53256,28883,0,0,0,0,14,0,0,19,28850,0,0,353,0,0,0,0,0,0,0,0,0
58,3447,"ООО ""АльфаСтрахование-Жизнь""",Москва,666951,104,616117,616117,578898,0,50834,50834,38170,0,0,12664,0,0,0,0,0,0,0,0,0,0,0,0,0,0,0,0,0,0,0,0,0,0,0,0,0,0,0,0,0,0,0,0,29512
59,0436,"ООО ""АМТ Страхование""",Москва,618,167,0,0,0,0,618,167,167,0,0,0,451,210,0,0,0,61,82,0,0,6,61,208,0,0,0,0,0,207,0,0,1,0,0,33,0,0,0,0,0,0,0,0,0
60,4334,"ООО ""Атрадиус Рус Кредитное Страхование""",Москва,105,0,0,0,0,0,105,0,0,0,0,0,105,0,0,0,0,0,0,0,0,0,0,0,0,0,0,0,0,0,0,0,0,0,105,0,0,0,0,0,0,0,0,0,0
61,3799,"ООО ""БСД""",Москва,16049,0,0,0,0,0,16049,2517,806,0,0,1711,13532,2484,137,0,0,0,1996,0,0,223,128,10791,90,90,0,0,0,0,0,2,10608,91,257,0,0,0,0,0,0,0,0,0,0
62,3826,"ООО ""Вита-страхование""",Сургут,1822,0,804,804,239,0,1018,1018,986,0,0,32,0,0,0,0,0,0,0,0,0,0,0,0,0,0,0,0,0,0,0,0,0,0,0,0,0,0,0,0,0,0,0,0,0
63,3866,"ООО ""ВСК-Линия жизни""",Москва,3767,2,3761,3761,1525,0,4,4,1,0,0,3,0,0,0,0,0,0,0,0,0,0,0,0,0,0,0,0,0,0,0,0,0,0,0,0,2,2,0,0,0,0,0,0,1625
64,3978,"ООО ""ВСК-Милосердие""",Москва,0,0,0,0,0,0,0,0,0,0,0,0,0,0,0,0,0,0,0,0,0,0,0,0,0,0,0,0,0,0,0,0,0,0,0,0,0,0,0,0,0,0,0,0,0
65,1083,"ООО ""Зетта Страхование""",Москва,543184,7313,0,0,0,0,309546,130356,82945,0,0,47411,179190,144473,37907,7,0,0,1075,1237,0,3663,100584,21573,7574,1394,6180,0,0,0,21,42,13838,98,15,13129,0,0,0,233638,230973,1921,744,0,0
66,3984,"ООО ""Капитал Лайф Страхование Жизни""",Москва,325363,33631,97032,95978,50774,1054,228331,228331,116783,0,0,111548,0,0,0,0,0,0,0,0,0,0,0,0,0,0,0,0,0,0,0,0,0,0,0,0,0,0,0,0,0,0,0,0,7047
67,4209,"ООО ""Кофас Рус Страховая Компания""",Москва,140,0,0,0,0,0,140,0,0,0,0,0,140,0,0,0,0,0,0,0,0,0,0,0,0,0,0,0,0,0,0,0,0,0,140,0,0,0,0,0,0,0,0,0,0
68,4326,"ООО ""КПСК""",Симферополь,51277,0,0,0,0,0,51277,1457,1052,0,0,405,49820,25686,94,1,2,13,20,1,0,264,25291,24033,0,0,0,0,15,51,1,0,23966,0,74,27,0,0,0,0,0,0,0,0,0
69,4189,"ООО ""Кредендо – Ингосстрах Кредитное Страхование""",Москва,30,0,0,0,0,0,30,0,0,0,0,0,30,0,0,0,0,0,0,0,0,0,0,0,0,0,0,0,0,0,0,0,0,0,30,0,0,0,0,0,0,0,0,0,0
70,4013,"ООО ""МАКС-Жизнь""",Москва,20856,60,20856,20856,0,0,0,0,0,0,0,0,0,0,0,0,0,0,0,0,0,0,0,0,0,0,0,0,0,0,0,0,0,0,0,0,0,0,0,0,0,0,0,0,2910
71,3594,"ООО ""МСГ""",Москва,22941,6449,0,0,0,0,22941,21244,14857,0,0,6387,1697,0,0,0,0,0,0,0,0,0,0,1697,0,0,0,0,0,0,0,0,0,1697,0,0,0,0,0,0,0,0,0,0,0
72,3128,"ООО ""МСК ""АйАйСи""",Москва,568197,13052,0,0,0,0,568197,13056,4,0,0,13052,555141,495995,0,0,0,0,0,0,0,0,495995,59146,0,0,0,0,0,0,0,0,59141,5,0,0,0,0,0,0,0,0,0,0,0
73,2031,"ООО ""МСК ""ИНКО-МЕД""",Воронеж,0,0,0,0,0,0,0,0,0,0,0,0,0,0,0,0,0,0,0,0,0,0,0,0,0,0,0,0,0,0,0,0,0,0,0,0,0,0,0,0,0,0,0,0,0
74,4008,"ООО ""ОСЖ РЕСО-Гарантия""",Москва,493,0,267,267,0,0,226,226,226,0,0,0,0,0,0,0,0,0,0,0,0,0,0,0,0,0,0,0,0,0,0,0,0,0,0,0,0,0,0,0,0,0,0,0,49
75,3609,"ООО ""ППФ Страхование жизни""",Москва,38164,0,27840,25938,0,1902,10324,10324,7331,0,0,2993,0,0,0,0,0,0,0,0,0,0,0,0,0,0,0,0,0,0,0,0,0,0,0,0,0,0,0,0,0,0,0,0,30
76,3438,"ООО ""ПРОМИНСТРАХ""",Москва,0,0,0,0,0,0,0,0,0,0,0,0,0,0,0,0,0,0,0,0,0,0,0,0,0,0,0,0,0,0,0,0,0,0,0,0,0,0,0,0,0,0,0,0,0
77,3943,"ООО ""СК ""АК БАРС-Мед""",Казань,15383,6585,0,0,0,0,15383,15383,0,0,0,15383,0,0,0,0,0,0,0,0,0,0,0,0,0,0,0,0,0,0,0,0,0,0,0,0,0,0,0,0,0,0,0,0,0
78,2042,"ООО ""СК ""Гранта""",Казань,33079,1630,0,0,0,0,33079,17020,15087,0,0,1933,16059,13469,3355,0,0,5,53,0,0,213,9843,1500,91,91,0,0,0,6,0,558,835,10,0,1090,0,0,0,0,0,0,0,0,0
79,3823,"ООО ""СК ""Ингосстрах-Жизнь""",Москва,48636,1196,6918,6909,2769,9,41718,41718,41581,0,0,137,0,0,0,0,0,0,0,0,0,0,0,0,0,0,0,0,0,0,0,0,0,0,0,0,0,0,0,0,0,0,0,0,1480
80,3837,"ООО ""СК ""Ингосстрах-М""",Москва,1,0,0,0,0,0,1,1,0,0,0,1,0,0,0,0,0,0,0,0,0,0,0,0,0,0,0,0,0,0,0,0,0,0,0,0,0,0,0,0,0,0,0,0,0
81,2169,"ООО ""СК ""Инертек""",Санкт-Петербург,19,0,0,0,0,0,19,2,2,0,0,0,17,16,3,0,0,0,0,0,0,13,0,1,0,0,0,0,0,0,0,0,1,0,0,0,0,0,0,0,0,0,0,0,0
82,2682,"ООО ""СК ""ИНСАЙТ""",Красногорск,13583,0,0,0,0,0,13583,1991,1714,0,0,277,11592,2353,2353,0,0,0,0,0,0,0,0,430,430,430,0,0,0,0,0,0,0,0,0,8809,0,0,0,0,0,0,0,0,0
83,1336,"ООО ""СК ""Капитал-полис""",Санкт-Петербург,10303,0,0,0,0,0,10303,4996,3070,0,0,1926,5307,4206,2284,0,0,0,1779,0,0,46,97,143,60,60,0,0,0,0,1,3,79,0,0,958,0,0,0,0,0,0,0,0,0
84,2877,"ООО ""СК ""Мегарусс-Д""",Москва,10609,0,0,0,0,0,10587,3208,3182,0,0,26,7379,7336,6877,0,0,0,43,0,0,41,375,43,0,0,0,0,5,0,0,0,38,0,0,0,0,0,0,22,22,0,0,0,0
85,4293,"ООО ""СК ""Ойлер Гермес Ру""",Москва,107,0,0,0,0,0,107,0,0,0,0,0,107,0,0,0,0,0,0,0,0,0,0,0,0,0,0,0,0,0,0,0,0,0,107,0,0,0,0,0,0,0,0,0,0
86,3972,"ООО ""СК ""Ренессанс Жизнь""",Москва,1300636,288,924713,924713,716401,0,375923,375923,284662,0,0,91261,0,0,0,0,0,0,0,0,0,0,0,0,0,0,0,0,0,0,0,0,0,0,0,0,0,0,0,0,0,0,0,0,17846
87,1307,"ООО ""СК ""Согласие""",Москва,1588389,197004,0,0,0,0,810702,373149,249557,1,0,123592,437553,262102,134012,710,33,151,9157,661,234,17015,100363,69319,42326,18130,24196,0,77,725,51,24,25867,249,1398,104734,0,0,0,777687,772967,3337,1383,0,0
88,1182,"ООО ""СК ""ТИТ""",Москва,48380,0,0,0,0,0,48380,26915,6914,0,0,20001,21465,11917,2184,0,40,0,1124,0,0,560,8009,6136,342,342,0,0,128,0,0,5472,0,194,0,3412,0,0,0,0,0,0,0,0,0
89,3815,"ООО ""СК ""Экспресс-страхование""",Санкт-Петербург,506,0,0,0,0,0,506,0,0,0,0,0,506,0,0,0,0,0,0,0,0,0,0,283,0,0,0,0,0,0,0,0,60,223,0,223,0,0,0,0,0,0,0,0,0
90,3803,"ООО ""СК Доминанта""",Москва,954,0,0,0,0,0,954,2,2,0,0,0,952,463,0,0,0,0,174,0,0,289,0,489,0,0,0,0,0,0,0,2,487,0,0,0,0,0,0,0,0,0,0,0,0
91,0574,"ООО ""СК Екатеринбург""",Екатеринбург,51035,1814,0,0,0,0,51035,43998,4627,0,0,39371,7037,5247,2028,0,0,0,493,0,0,840,1886,1661,1280,1280,0,0,0,0,0,7,351,23,0,129,0,0,0,0,0,0,0,0,0
92,3225,"ООО ""СК ИНТЕРИ""",Москва,10527,0,0,0,0,0,10527,465,465,0,0,0,10062,5031,5031,0,0,0,0,0,0,0,0,5031,5031,5031,0,0,0,0,0,0,0,0,0,0,0,0,0,0,0,0,0,0,0
93,4104,"ООО ""СК КАРДИФ""",Москва,257181,72,0,0,0,0,257181,91603,91603,0,0,0,165578,50369,5739,0,0,0,0,0,0,0,44630,41977,0,0,0,0,0,0,0,0,41977,0,0,73232,0,0,0,0,0,0,0,0,0
94,2917,"ООО ""СК НИК""",Ульяновск,413,0,0,0,0,0,413,5,4,0,0,1,408,4,0,0,3,0,0,0,0,0,1,45,0,0,0,0,4,0,0,0,41,0,0,359,0,0,0,0,0,0,0,0,0
95,3825,"ООО ""СК СОГАЗ-ЖИЗНЬ""",Москва,92684,9,72934,72934,0,0,19750,19750,19750,0,0,0,0,0,0,0,0,0,0,0,0,0,0,0,0,0,0,0,0,0,0,0,0,0,0,0,0,0,0,0,0,0,0,0,44743
96,3998,"ООО ""СК Чабб Жизнь""",Москва,2,0,0,0,0,0,2,2,2,0,0,0,0,0,0,0,0,0,0,0,0,0,0,0,0,0,0,0,0,0,0,0,0,0,0,0,0,0,0,0,0,0,0,0,0
97,3969,"ООО ""СК Чабб""",Москва,895,142,0,0,0,0,895,230,230,47,0,0,665,180,0,0,0,0,83,0,0,95,2,396,0,0,0,0,0,0,0,2,394,0,81,8,0,0,0,0,0,0,0,0,0
98,4179,"ООО ""СК"" Райффайзен Лайф""",Москва,21761,102,5749,5749,4271,0,16012,16012,15118,0,0,894,0,0,0,0,0,0,0,0,0,0,0,0,0,0,0,0,0,0,0,0,0,0,0,0,0,0,0,0,0,0,0,0,0
99,3528,"ООО ""СМО ""Спасение""",Казань,95,0,0,0,0,0,95,95,0,0,0,95,0,0,0,0,0,0,0,0,0,0,0,0,0,0,0,0,0,0,0,0,0,0,0,0,0,0,0,0,0,0,0,0,0
100,3941,"ООО ""СМП-Страхование""",Москва,34069,2695,0,0,0,0,34069,23713,20623,0,0,3090,10356,7794,513,5,11,1,1040,0,0,848,5376,262,10,10,0,0,2,0,0,0,250,0,0,2300,0,0,0,0,0,0,0,0,0
101,4079,"ООО ""СОСЬЕТЕ ЖЕНЕРАЛЬ Страхование Жизни""",Москва,190204,0,81247,81247,76650,0,108957,108957,105648,0,0,3309,0,0,0,0,0,0,0,0,0,0,0,0,0,0,0,0,0,0,0,0,0,0,0,0,0,0,0,0,0,0,0,0,1467
102,1580,"ООО ""СОСЬЕТЕ ЖЕНЕРАЛЬ Страхование""",Москва,127500,0,0,0,0,0,127500,29792,29792,0,0,0,97708,55733,0,0,0,0,0,0,0,0,55733,13519,0,0,0,0,0,0,0,0,13519,0,0,28456,0,0,0,0,0,0,0,0,0
103,3193,"ООО ""СТРАХОВАЯ КОМПАНИЯ ""АРСЕНАЛЪ""",Москва,261739,0,0,0,0,0,261739,56996,39567,0,0,17429,204743,7978,1460,0,2,5,447,0,0,3043,3021,107315,0,0,0,0,21,133,7,0,105956,1198,0,89450,0,0,0,0,0,0,0,0,0
104,4117,"ООО ""Страховая компания ""Кредит Европа Лайф""",Москва,4580,0,0,0,0,0,4580,4580,4352,0,0,228,0,0,0,0,0,0,0,0,0,0,0,0,0,0,0,0,0,0,0,0,0,0,0,0,0,0,0,0,0,0,0,0,0
105,2353,"ООО ""Страховая компания ""СДС""",Кемерово,12191,0,0,0,0,0,10401,9648,2805,0,0,6843,753,564,75,0,0,0,0,0,0,37,452,179,4,4,0,0,0,0,0,0,150,25,0,10,0,0,0,1790,1790,0,0,0,0
106,4105,"ООО ""Страховая компания ""СиВ Лайф""",Москва,4155,5,1768,1768,1148,0,2387,2387,1183,0,0,1204,0,0,0,0,0,0,0,0,0,0,0,0,0,0,0,0,0,0,0,0,0,0,0,0,0,0,0,0,0,0,0,0,389
107,3834,"ООО ""Страховое общество ""Помощь""",Санкт-Петербург,47882,19,0,0,0,0,47882,42611,51,18,0,42560,5271,689,16,0,12,4,547,0,0,84,26,1136,33,33,0,0,7,7,0,55,271,763,0,3446,0,0,0,0,0,0,0,0,0
108,0585,"ООО ""СФ ""Адонис""",Пермь,106187,0,0,0,0,0,41037,20737,15626,0,0,5111,20300,20111,8249,1,0,2,111,249,0,405,11094,189,16,16,0,0,0,0,0,0,173,0,0,0,0,0,0,65150,65144,2,4,0,0
109,3507,"ООО ""Хоум Кредит Страхование""",Москва,106317,0,0,0,0,0,106317,69960,69960,0,0,0,36357,24967,0,0,0,0,0,0,0,556,24411,10899,0,0,0,0,0,0,0,0,10899,0,0,491,0,0,0,0,0,0,0,0,0
110,4358,ООО «РСХБ-Страхование жизни»,Москва,37495,3,12342,12342,0,0,25153,25153,3628,0,0,21525,0,0,0,0,0,0,0,0,0,0,0,0,0,0,0,0,0,0,0,0,0,0,0,0,0,0,0,0,0,0,0,0,11316
111,2182,ООО «СК «Надежда»,Красноярск,0,0,0,0,0,0,0,0,0,0,0,0,0,0,0,0,0,0,0,0,0,0,0,0,0,0,0,0,0,0,0,0,0,0,0,0,0,0,0,0,0,0,0,0,0
112,4372,ООО «Страховая компания «Манго»,Москва,160058,0,0,0,0,0,160058,2097,2097,0,0,0,157961,113098,0,0,0,0,0,0,0,0,113098,41411,0,0,0,0,0,0,0,0,41411,0,0,3452,0,0,0,0,0,0,0,0,0
113,3954,"ООО РСО ""ЕВРОИНС""",Смоленск,227207,40453,0,0,0,0,117055,72738,29035,0,0,43703,44317,36409,26165,0,0,57,2395,678,201,919,6195,5947,354,354,0,0,0,168,0,448,4838,139,0,1961,0,0,0,110152,110152,0,0,0,0
114,3828,"ООО СК ""Альянс Жизнь""",Москва,5541,248,1737,1737,0,0,3804,3804,1650,0,0,2154,0,0,0,0,0,0,0,0,0,0,0,0,0,0,0,0,0,0,0,0,0,0,0,0,0,0,0,0,0,0,0,0,1218
115,3767,"ООО СК ""АСКОР""",Москва,2099,0,0,0,0,0,2099,1135,1135,0,0,0,964,951,904,0,0,0,37,0,0,0,10,3,0,0,0,0,0,0,0,0,3,0,0,10,0,0,0,0,0,0,0,0,0
116,3398,"ООО СК ""ВТБ Страхование""",Москва,1140702,59,0,0,0,0,1140702,429591,166779,0,0,262812,711111,449294,709,1,2,0,70,0,0,104,448408,79825,0,0,0,0,1,0,0,0,79824,0,0,181992,0,0,0,0,0,0,0,0,0
117,3870,"ООО СК ""ДЕЛО ЖИЗНИ""",Москва,6795,0,574,574,0,0,6221,6221,6221,0,0,0,0,0,0,0,0,0,0,0,0,0,0,0,0,0,0,0,0,0,0,0,0,0,0,0,0,0,0,0,0,0,0,0,0
118,3847,"ООО СК ""НСГ""",Москва,3431,8,0,0,0,0,3106,1355,90,0,0,1265,1751,1508,46,0,129,0,1229,0,0,91,13,243,12,12,0,0,98,0,0,0,133,0,0,0,0,0,0,325,0,325,0,0,0
119,3268,"ООО СК ""Паритет-СК""",Москва,25173,10329,0,0,0,0,14637,10522,187,0,0,10335,4115,285,60,0,0,24,27,0,0,111,63,3764,3531,35,0,0,4,1,1,12,214,1,0,66,0,0,0,10536,10377,143,16,0,0
120,0013,"ООО СК ""РЕСО-Шанс""",Москва,10,0,0,0,0,0,0,0,0,0,0,0,0,0,0,0,0,0,0,0,0,0,0,0,0,0,0,0,0,0,0,0,0,0,0,0,0,0,0,10,10,0,0,0,0
121,3879,"ООО СК ""Росгосстрах Жизнь""",Москва,74145,11,52918,52918,0,0,21227,21227,1405,0,0,19822,0,0,0,0,0,0,0,0,0,0,0,0,0,0,0,0,0,0,0,0,0,0,0,0,0,0,0,0,0,0,0,0,18571
122,3692,"ООО СК ""Сбербанк страхование жизни""",Москва,852667,0,846894,846894,753803,0,5773,5773,5477,0,0,296,0,0,0,0,0,0,0,0,0,0,0,0,0,0,0,0,0,0,0,0,0,0,0,0,0,0,0,0,0,0,0,0,18440
123,4331,"ООО СК ""Сбербанк страхование""",Москва,5769663,0,0,0,0,0,5769620,658720,280563,0,0,378157,5110900,3578814,1164,14,11,3,548,89,15,14317,3562668,936066,96,96,0,0,7,0,10,15,935937,1,4856,591164,0,0,0,43,0,40,3,0,0
124,3511,"ООО СК ""Согласие-Вита""",Москва,38447,214,35798,35798,28817,0,2649,2649,1293,0,0,1356,0,0,0,0,0,0,0,0,0,0,0,0,0,0,0,0,0,0,0,0,0,0,0,0,0,0,0,0,0,0,0,0,2380
125,1623,"ООО СК ""Тюмень-Полис""",Тюмень,12570,0,0,0,0,0,12570,5633,5633,0,0,0,6937,4239,23,0,0,0,0,0,0,33,4183,16,0,0,0,0,0,0,0,0,16,0,0,2682,0,0,0,0,0,0,0,0,0
126,0667,"ООО СК ""УРАЛСИБ СТРАХОВАНИЕ""",Москва,147378,1544,0,0,0,0,147378,44518,34865,0,0,9653,102860,65957,1,0,0,0,2766,0,0,4237,58953,26990,0,0,0,0,0,0,10,0,26944,36,0,9913,0,0,0,0,0,0,0,0,0
127,4001,"ООО СК ""Чулпан-Жизнь""",Альметьевск,11952,0,6158,6139,0,19,5794,5794,5794,0,0,0,0,0,0,0,0,0,0,0,0,0,0,0,0,0,0,0,0,0,0,0,0,0,0,0,0,0,0,0,0,0,0,0,0
128,4365,ООО СК «БКС Страхование жизни»,Москва,7936,7,6698,6698,430,0,1238,1238,1215,0,0,23,0,0,0,0,0,0,0,0,0,0,0,0,0,0,0,0,0,0,0,0,0,0,0,0,0,0,0,0,0,0,0,0,6024
129,4380,ООО СК «Константа»,Москва,2,0,0,0,0,0,2,1,1,0,0,0,1,1,0,0,0,0,0,0,0,1,0,0,0,0,0,0,0,0,0,0,0,0,0,0,0,0,0,0,0,0,0,0,0
130,4133,ООО СК ЭчДиАй Глобал,Москва,806,0,0,0,0,0,806,18,18,0,0,0,788,224,0,0,0,0,118,0,0,106,0,494,0,0,0,0,0,0,0,254,240,0,70,0,0,0,0,0,0,0,0,0,0
131,0758,"ООО СМК ""АСТРА-МЕТАЛЛ""",Магнитогорск,119895,0,0,0,0,0,119895,119895,0,0,0,119895,0,0,0,0,0,0,0,0,0,0,0,0,0,0,0,0,0,0,0,0,0,0,0,0,0,0,0,0,0,0,0,0,0
132,3245,"ООО СО ""ВЕРНА""",Краснодар,58748,0,0,0,0,0,46406,43490,7405,0,0,36085,2916,1752,466,0,0,4,3,15,10,624,640,1107,183,183,0,0,2,8,0,210,360,344,0,57,0,0,0,12342,12342,0,0,0,0
133,1643,"ООО СПК ""Юнити Ре""",Москва,3,0,0,0,0,0,3,3,0,0,0,3,0,0,0,0,0,0,0,0,0,0,0,0,0,0,0,0,0,0,0,0,0,0,0,0,0,0,0,0,0,0,0,0,0
134,0397,"ООО Страховая Компания ""Гелиос""",Москва,1286050,0,0,0,0,0,1057591,821939,779317,0,0,42622,235652,142893,11286,0,1,0,1046,0,0,3725,126835,74441,11489,11489,0,0,13,18,6,5,62856,54,0,18318,0,0,0,228459,228459,0,0,0,0
135,2243,"ПАО ""АСКО-СТРАХОВАНИЕ""",Челябинск,1533423,0,0,0,0,0,365066,198997,52538,0,0,146459,166069,161799,138398,0,0,0,111,0,0,551,22739,4270,23,23,0,0,0,0,0,9,4238,0,0,0,0,0,0,1168357,1168357,0,0,0,0
136,1834,"ПАО ""САК ""ЭНЕРГОГАРАНТ""",Москва,764324,15543,0,0,0,0,323571,195173,165552,5,0,29621,128398,108979,27816,19,1,46,2918,174,41,8150,69855,13994,3930,3916,0,1,22,248,62,106,9486,139,240,5185,0,0,0,440753,432035,5761,2957,0,0
137,0001,"ПАО СК ""Росгосстрах""",Люберцы,8281891,924892,0,0,0,0,5550445,3097397,2491814,1,0,605583,2453048,2027164,157894,322,19,221,9508,13855,268,8717,1836628,283655,12573,3028,9545,1,14,495,92,90,270180,210,30,142199,1,1,0,2731445,2709137,18501,3807,0,0
138,0621,"САО ""ВСК""",Москва,14045851,326182,0,0,0,0,12408673,4024564,2834296,1,0,1190268,8384109,5728554,273995,263,159,168,734089,689,134,16820,4702371,2392207,81993,37655,44338,0,412,365,91,252,2309076,18,65,263283,0,0,0,1637178,1612354,20672,4152,0,0
139,0448,"САО ""ГЕОПОЛИС""",Москва,39,0,0,0,0,0,39,39,0,0,0,39,0,0,0,0,0,0,0,0,0,0,0,0,0,0,0,0,0,0,0,0,0,0,0,0,0,0,0,0,0,0,0,0,0
140,0348,"САО ""ЛЕКСГАРАНТ""",Москва,15001,0,0,0,0,0,15001,11984,33,0,0,11951,3017,206,2,0,5,0,123,0,0,23,53,62,0,0,0,0,10,0,0,0,21,31,0,2749,0,0,0,0,0,0,0,0,0
141,0141,"САО ""Медэкспресс""",Санкт-Петербург,4663,174,0,0,0,0,2080,1620,525,0,0,1095,460,371,233,0,0,0,0,0,0,37,101,89,37,37,0,0,0,0,0,0,52,0,0,0,0,0,0,2583,2583,0,0,0,0
142,1209,"САО ""РЕСО-Гарантия""",Москва,6803191,128875,0,0,0,0,3990625,2331222,1710845,8,0,620377,1659403,1152310,316937,115,0,1,18017,252,0,66801,750187,314203,135087,101949,33138,1,21,17,52,403,178282,340,1142,191748,0,0,0,2812566,2792465,18082,2019,0,0
143,1372,"СМК ""АСТРАМЕД-МС"" (АО)",Екатеринбург,0,0,0,0,0,0,0,0,0,0,0,0,0,0,0,0,0,0,0,0,0,0,0,0,0,0,0,0,0,0,0,0,0,0,0,0,0,0,0,0,0,0,0,0,0
144,0928,"СПАО ""Ингосстрах""",Москва,4776307,0,0,0,0,0,2608857,978102,482585,83,0,495517,1630755,1164867,305781,155,194,429,39631,73,0,19735,798869,180436,71392,71392,0,0,624,671,84,1353,106050,262,126,285326,0,0,0,2167450,2140498,20999,5953,0,0
в том числе:,,,,83543466,Х,2940591,2937227,Х,3364,62881259,26598214,21191169,Х,Х,5407045,36283045,22027502,2093416,80,45,279,1923,19772,1,Х,19911987,4760700,329364,186685,139181,0,351,122,Х,Х,4427505,3358,Х,9494843,0,Х,Х,17721616,17721616,Х,Х,Х,Х
по договорам страхования с физическими лицами,,,,,,,,,,,,,,,,,,,,,,,,,,,,,,,,,,,,,,,,,,,,,,,,
по договорам страхования с индивидуальными предпринимателями и юридическими лицами,,,,12751063,Х,3690,3675,Х,15,10571796,3968120,2551109,253,1,1417011,6603676,4295600,448977,2703,904,1761,2969631,3108,1633,241396,627120,1072704,196581,158426,38140,7,1728,4837,984,18253,830068,20246,29113,1206259,9,9,Х,2175568,1996230,148633,30705,Х,Х
