"Сведения о страховых суммах по договорам страхования, заключенным в отчетном периоде, в разрезе страховщиков",Unnamed: 1,Unnamed: 2,Unnamed: 3,Unnamed: 4,Unnamed: 5,Unnamed: 6,Unnamed: 7,Unnamed: 8,Unnamed: 9,Unnamed: 10,Unnamed: 11,Unnamed: 12,Unnamed: 13,Unnamed: 14,Unnamed: 15,Unnamed: 16,Unnamed: 17,Unnamed: 18,Unnamed: 19,Unnamed: 20,Unnamed: 21,Unnamed: 22,Unnamed: 23,Unnamed: 24,Unnamed: 25,Unnamed: 26,Unnamed: 27,Unnamed: 28,Unnamed: 29,Unnamed: 30,Unnamed: 31,Unnamed: 32,Unnamed: 33,Unnamed: 34,Unnamed: 35,Unnamed: 36,Unnamed: 37,Unnamed: 38,Unnamed: 39,Unnamed: 40,Unnamed: 41,Unnamed: 42,Unnamed: 43,Unnamed: 44,Unnamed: 45,Unnamed: 46
Дата составления отчета: 05.06.2018,,,,,,,,,,,,,,,,,,,,,,,,,,,,,,,,,,,,,,,,,,,,,,
Отчетный период:  январь-март 2018 г.,,,,,,,,,,,,,,,,,,,,,,,,,,,,,,,,,,,,,,,,,,,,,,
,,,,,,,,,,,,,,,,,,,,,,,,,,,,,,,,,,,,,,,,,,,,,,тыс. руб.
,,,,Добровольное и обязательное страхование (кроме обязательного медицинского страхования),,,,,,,,,,,,,,,,,,,,,,,,,,,,,,,,,,,,,,,,,,
,,,,,,I. Добровольное страхование,,,,,,,,,,,,,,,,,,,,,,,,,,,,,,,,,,II. Обязательное страхование  ,,,,,,
,,,,,,Страхование жизни,,,,"Страхование иное, чем страхование жизни",,,,,,,,,,,,,,,,,,,,,,,,,,,,,,Обязательное личное страхование,,,Обязательное имущественное страхование,,,
,,,,,,,в том числе,,,,в том числе,,,,,,,,,,,,,,,,,,,,,,,,,,,,,,в том числе,,,в том числе,,
,,,,,,,,из него,,,личное страхование,,,,,Имущественное страхование,,,,,,,,,,,,,,,,,,,,,,,,,,,,,,
,,,,,,,,,,,,в том числе,,,,,в том числе,,,,,,,,,,,,,,,,,,,,,,,,,,,,,
,,,,,,,,,,,,,из него,,,,Страхование имущества,,,,,,,,,,Страхование гражданской ответственности,,,,,,,,,,,,,,государственное,,,,,
,,,,,,,,,,,,,,,,,,в том числе,,,,,,,,,,в том числе,,,,,,,,,,,,, страхование жизни и,иные виды,,гражданской,гражданской,иные виды
,,,,,,,,,,,,,"пациентов,",,,,,,,,,,,из него,,,,,из него,,,,,,,,,,,Всего,здоровья, обязательного личного,Всего,ответственности,ответственности,обязательного
№ п/п,Рег №,Наименование,Город,Всего,из них страхование,,страхование жизни,,,Всего,,,участвующих в,,,,,,,,,,,,,,,владельцев средств,,,,,,,,,,страхование,страхование,,военнослужащих и," страхования,",,владельца опасного,перевозчика за,имущественного
,,,,,нерезидентов,Всего,(кроме,страхование жизни,пенсионное страхование,,Всего,от несчастных,клинических,,,,,,,,,,,,,,Всего,наземного транспорта,владельцев,владельцев,,,,,,,за неисполнение или,предпринимательских,финансовых рисков,,приравненных к ним в, предусмотренные,,объекта за причинение,причинение вреда,"страхования,"
,,,,,,,пенсионного), заемщика,,,,случаев и болезней,исследованиях,работников,медицинское,Всего,,средств наземного,,,,,,,,,, (кроме средств,автотранспортных,автотранспортных,владельцев средств,владельцев средств,владельцев средств,"организаций,",за причинение вреда,за причинение вреда,ненадлежащее,рисков,,,обязательном, федеральными,,вреда в результате," жизни, здоровью,",предусмотренные
,,,,,,, страхования)-всего,,,,,,лекарственного,налоговых органов,страхование,,Всего,транспорта,средств,,,,,"страхование,",,,, железнодорожного, средств (кроме, средств (страхования,железнодорожного,воздушного транспорта,водного транспорта,эксплуатирующих,вследствие недостатков,третьим лицам,исполнение,,,,государственном,законами,,аварии на опасном, имуществу пассажиров,федеральными
,,,,,,,,,,,,,препарата для,,,,,(кроме средств,железнодорожного,средств воздушного,средств водного,грузов,сельскохозяйственное,осуществляемое с,прочего имущества,прочего имущества,,транспорта)," страхования,", осуществляемого в,транспорта,,,опасные объекты,"товаров, работ, услуг",, обязательств по,,,, страховании лиц,,, объекте,,законами
,,,,,,,,,,,,,медицинского,,,,,железнодорожного,транспорта,транспорта,транспорта,,страхование - всего,государственной,юридических лиц,граждан,,, осуществляемого в,рамках международной,,,,,,, договору,,,,,,,,,
,,,,,,,,,,,,,применения,,,,,транспорта),,,,,, поддержкой,,,,,рамках международной, системы страхования,,,,,,,,,,,,,,,,
,,,,,,,,,,,,,,,,,,,,,,,,,,,,, системы страхования," ""Зеленая карта"")",,,,,,,,,,,,,,,,
,,,,,,,,,,,,,,,,,,,,,,,,,,,,," ""Зеленая карта"")",,,,,,,,,,,,,,,,,
,,,,,,,,,,,,,,,,,,,,,,,,,,,,,,,,,,,,,,,,,,,,,,
1,2,3,4,5,6,7,8,9,10,11,12,13,14,15,16,17,18,19,20,21,22,23,24,25,26,27,28,29,30,31,32,33,34,35,36,37,38,39,40,41,42,43,44,45,46,47
ИТОГО:,,,,4674920734438.75,2641751923.00871,711858185.17361,711574935.2245,454202724.79936,283249.94911,591697870783.732,505154691786.51,474232886934.528,8060000,126260261.61,30921804851.9824,86543178997.2218,61718953279.2927,1075889878.57068,634210233.72801,688351294.80175,287269030.05177,14943690152.9498,45787168.17468,10464765.18969,38485902364.6182,5557853156.39787,17633002513.4361,543965761.71113,543008361.71113,0,6845580,5847685855.22082,7499740076.55918,156702530.49934,425212033.41579,2707436009.79862,445414666.23126,3782269959.87777,3408953244.61509,7729414773.84434,7729414773.84434,0,4074781590696,1387860500,4073393730196,0
1,4192," ОВС ""Народные кассы""",Москва,1749949.94789,0,0,0,0,0,1749949.94789,0,0,0,0,0,1749949.94789,42500,0,0,0,0,0,0,0,28800,13700,1454296.63886,0,0,0,0,0,0,0,0,0,1454296.63886,0,253153.30903,0,0,0,0,0,0,0
2,4179," ООО ""СК"" Райффайзен Лайф""",Москва,467414652.599,59285.027,28055786.245,28055786.245,26066834.078,0,439358866.354,439358866.354,1758926.575,0,0,437599939.779,0,0,0,0,0,0,0,0,0,0,0,0,0,0,0,0,0,0,0,0,0,0,0,0,0,0,0,0,0,0,0
3,1207,"АО  ""СК  БЛАГОСОСТОЯНИЕ ОС""",Москва,232316916.67393,2908924.58286,0,0,0,0,232316916.67393,154804932.45935,73723145.50585,0,0,81081786.9535,77511984.21458,39469501.5636,32300,0,0,0,0,0,0,0,39437201.5636,18686706.61,0,0,0,0,0,0,0,0,18686706.61,0,0,19355776.04098,0,0,0,0,0,0,0
4,3991,"АО  ""СК  БЛАГОСОСТОЯНИЕ""",Москва,626259400.35197,32746008.40138,102752.93807,81964.17476,0,20788.76331,626156647.4139,626156647.4139,503927156.5639,0,0,122229490.85,0,0,0,0,0,0,0,0,0,0,0,0,0,0,0,0,0,0,0,0,0,0,0,0,0,0,0,0,0,0,0
5,0206,"АО  ""Страховая Компания ""ДИАНА""",Ангарск,5313532,0,0,0,0,0,5313532,2599542,266998,0,0,2332544,2713990,2378632,103784,0,0,0,12276,0,0,1860345,402227,335358,0,0,0,0,0,0,0,2024,333334,0,0,0,0,0,0,0,0,0,0
6,0191,"АО  ""Тинькофф  Страхование""",Москва,501610294.03903,0,0,0,0,0,501610294.03903,465352123.1617,465352123.1617,0,0,0,36258170.87733,32178146.52082,20014330.35102,0,0,0,0,0,0,0,12163816.1698,3243097,1750000,1750000,0,0,0,0,0,0,1493097,0,0,836927.35651,0,0,0,0,0,0,0
7,0212,"АО  ""Цюрих надежное страхование""",Москва,782431444.9304,26514156.8396,0,0,0,0,782431444.9304,11680484.2087,11680484.2087,0,0,0,770750960.7217,519456107.99225,1653.43,0,0,0,143114251.78203,0,0,376260755.30419,79447.47603,74625105.98402,0,0,0,0,0,0,0,14309520.09592,60315585.8881,0,166198892.04942,10470854.69601,0,0,0,0,0,0,0
8,3947,"АО ""АИГ""",Москва,461630716,0,0,0,0,0,460240716,0,0,0,0,0,460240716,219880630,11520,0,0,0,31362547,0,0,188506563,0,85818163,1908015,1908015,0,0,0,0,0,0,83910148,0,0,154541923,0,0,0,1390000,1390000,0,0
9,2239,"АО ""АльфаСтрахование""",Москва,72679109300.533,240550280.831,0,0,0,0,13224831572.533,1608309549.295,826713011.36,1508000,0,781596537.935,11616522023.238,9200371491.166,125734522.677,69173581.496,27025382.678,43423943.759,5357227331.003,5459291.831,1926057.946,2412564733.979,1159762703.743,1002935008.143,28275708.302,28275708.302,0,0,231948997.607,581929174.9,413200,5730605.936,154105950.098,531371.3,81363163.861,1331852360.068,0,0,0,59454277728,125180000,59329097728,0
10,3064,"АО ""Боровицкое страховое общество""",Москва,4142404.64667,139880,0,0,0,0,4142404.64667,364762.3325,218675,0,0,146087.3325,3777642.31417,1462910.47267,193700.789,0,0,0,30837.81067,0,0,1001256.873,237115,2314731.8415,1000,1000,0,0,0,0,0,3385.67675,9351.67675,2300994.488,0,0,0,0,0,0,0,0,0
11,0433,"АО ""ВостСибЖАСО""",Иркутск,4657377.5225,0,0,0,0,0,4657377.5225,3569288.007,481313.891,0,0,3087974.116,1088089.5155,1054880.2155,23740,0,0,0,301563.6225,0,0,151248.8215,578327.7715,33209.3,0,0,0,0,0,0,0,0,33209.3,0,0,0,0,0,0,0,0,0,0
12,4014,"АО ""ГСК ""Югория-Жизнь""",.Ханты-Мансийск,401938.58805,0,385223.85567,385223.85567,0,0,16714.73238,16714.73238,16714.73238,0,0,0,0,0,0,0,0,0,0,0,0,0,0,0,0,0,0,0,0,0,0,0,0,0,0,0,0,0,0,0,0,0,0
13,3211,"АО ""ГСК ""Югория""",Ханты-Мансийск,216883063.88528,0,0,0,0,0,87873063.88528,40984277.94599,15272834.27636,0,0,25711443.66963,46888785.93929,45307223.9268,20840924.27162,0,0,585919.15624,4666044.80224,6119.8,0,7724432.81428,11483783.08242,1548179.29587,71993.83438,71993.83438,0,0,0,0,0,168,1313349.79149,162667.67,17375.54355,16007.17307,0,0,0,129010000,6130000,122880000,0
14,2071,"АО ""ГСМК""",Санкт-Петербург,702139,7110,0,0,0,0,702139,702139,0,0,0,702139,0,0,0,0,0,0,0,0,0,0,0,0,0,0,0,0,0,0,0,0,0,0,0,0,0,0,0,0,0,0,0
15,1820,"АО ""ГУТА-Страхование""",Москва,13938356.56607,0,0,0,0,0,13938356.56607,0,0,0,0,0,13938356.56607,13636356.56607,182020,0,0,0,541300.57018,0,0,12913035.99589,0,302000,0,0,0,0,0,0,0,0,302000,0,0,0,0,0,0,0,0,0,0
16,1412,"АО ""Д2  Страхование""",Новосибирск,12938278.50363,85000,0,0,0,0,12938278.50363,5033465.3575,1690673.1085,0,0,3342792.249,7904813.14613,6293753.14613,0,0,0,0,407613.53233,0,0,2153304.015,3732835.5988,1334920,0,0,0,0,0,0,0,0,1334920,0,0,276140,0,0,0,0,0,0,0
17,0055,"АО ""ДальЖАСО""",Хабаровск,103249612.24253,0,0,0,0,0,103249612.24253,97377235.54592,4995759.65015,0,0,92381475.89577,5872376.69661,5434481.64877,60984,0,0,0,4359155.74413,0,0,861719.14364,152622.761,437895.04784,2600,2600,0,0,0,20000,0,0,175795.04784,239500,0,0,0,0,0,0,0,0,0
18,4009,"АО ""ЕРВ Туристическое Страхование""",Москва,2967713523.15184,0,0,0,0,0,2967713523.15184,2966845932.46984,2966845932.46984,0,0,0,867590.682,0,0,0,0,0,0,0,0,0,0,852000,0,0,0,0,0,0,0,0,0,852000,0,15590.682,0,0,0,0,0,0,0
19,0870,"АО ""ИНТАЧ СТРАХОВАНИЕ""",Москва,15955198.19605,41527.3,0,0,0,0,15955198.19605,12017658.1214,2710725.1844,0,0,9306932.937,3937540.07465,2404939.184,1797397.178,0,0,0,0,0,0,0,607542.006,1228860.116,943200,0,0,0,0,0,0,0,285660.116,0,0,303740.77465,0,0,0,0,0,0,0
20,4337,"АО ""КСА - КЛУВЕР""",Красноперекопск,3736576.159,0,0,0,0,0,3736576.159,198907.517,190272.538,0,0,8634.979,3537668.642,1884071.395,561571.257,0,0,0,1162.307,0,0,1129828.351,191509.48,1620091.351,54,54,0,0,0,0,0,0,1502150,117887.351,0,33505.896,0,0,0,0,0,0,0
21,3256,"АО ""МетЛайф""",Москва,391573946.14469,0,43874112.14932,43865616.17527,3169416.10122,8495.97405,347699833.99537,347699833.99537,292151223.99537,0,0,55548610,0,0,0,0,0,0,0,0,0,0,0,0,0,0,0,0,0,0,0,0,0,0,0,0,0,0,0,0,0,0,0
22,3116,"АО ""НАСКО""",Казань,96780670252.4384,0,0,0,0,0,74618988.43836,25090160.43581,23085558.91957,0,0,2004601.51624,49528828.00255,37565833.52967,1822835.74178,28998.3,0,0,1068919.065,83449.92588,0,16322325.60888,18239304.88813,9313038.71814,37000,37000,0,0,13410,0,2000,1000080,3348204.59414,4912344.124,365000,2284955.75474,0,0,0,96706051264,12920000,96693131264,0
23,2346,"АО ""ОСК""",Самара,40156061478.1755,0,0,0,0,0,30821382.17547,5472408.98143,2307759.682,0,0,3164649.29943,25348973.19404,19709098.23979,4696976.9959,0,0,80528.675,1299614.12862,0,0,11641012.02341,1990966.41686,5574055.04783,219100,219100,0,0,10125,35280.9,2000,551100.17886,4725898.96897,30550,0,65819.90642,0,0,0,40125240096,3380000,40121860096,0
24,3983,"АО ""РСК ""Стерх""",Якутск,72547996.20838,0,0,0,0,0,72547996.20838,2399395.262,2397395.262,0,0,2000,70148600.94638,41082287.72001,361096.94855,0,366391.64,1900498.60399,623175.3277,89763.189,70587.189,36658299.96537,1083062.0454,28660497.39908,5000,5000,0,0,20074343.6,6376023.53419,0,550462.6088,1654167.65609,500,151671.61429,254144.213,0,0,0,0,0,0,0
25,3748,"АО ""Русский Стандарт Страхование""",Москва,73358057.02843,0,26419612.73172,26419612.73172,0,0,46938444.29671,46938444.29671,33579045.62996,0,0,13359398.66675,0,0,0,0,0,0,0,0,0,0,0,0,0,0,0,0,0,0,0,0,0,0,0,0,0,0,0,0,0,0,0
26,3889,"АО ""СГ ""ПРЕСТИЖ-ПОЛИС""",Москва,0,0,0,0,0,0,0,0,0,0,0,0,0,0,0,0,0,0,0,0,0,0,0,0,0,0,0,0,0,0,0,0,0,0,0,0,0,0,0,0,0,0,0
27,2619,"АО ""СК ""Астро-Волга""",Самара,11300878.82339,0,0,0,0,0,11300878.82339,4535026.24551,3940132.24551,0,0,594894,6765852.57788,6236548.57788,1910191.62821,0,0,96531.375,3184499.42674,30,0,686086.36763,359209.7803,529304,0,0,0,0,0,0,0,1500,527804,0,0,0,0,0,0,0,0,0,0
28,3780,"АО ""СК ""Выручим!""",Екатеринбург,0,0,0,0,0,0,0,0,0,0,0,0,0,0,0,0,0,0,0,0,0,0,0,0,0,0,0,0,0,0,0,0,0,0,0,0,0,0,0,0,0,0,0
29,0507,"АО ""СК ""Колымская""",Хабаровск,10062980.723,0,423013.69,422796.69,0,217,9639967.033,9639967.033,739267.033,0,0,8900700,0,0,0,0,0,0,0,0,0,0,0,0,0,0,0,0,0,0,0,0,0,0,0,0,0,0,0,0,0,0,0
30,0915,"АО ""СК ""ПАРИ""",Москва,1152989311.7744,0,0,0,0,0,482826223.7744,27593221.89574,26727177.76974,0,0,866044.126,455233001.87866,426111456.82676,2542253.66003,38356.7348,15000,13677,270691697.28834,0,0,123220563.17231,29589908.97128,14855943.93672,1011206.84,1011206.84,0,0,0,211097.0652,47500,3453902.315,10114245.40652,17992.31,131908.02,14133693.09518,0,0,0,670163088,6900000,663263088,0
31,0552,"АО ""СК ""Чувашия-Мед""",Чебоксары,58691,0,0,0,0,0,58691,58691,0,0,0,58691,0,0,0,0,0,0,0,0,0,0,0,0,0,0,0,0,0,0,0,0,0,0,0,0,0,0,0,0,0,0,0
32,0630,"АО ""СК ГАЙДЕ""",Санкт-Петербург,28552807583.6124,0,0,0,0,0,153781943.61238,100897177.67263,12633004.86613,0,0,88264172.8065,52884765.93975,49577397.28056,6400244.54299,0,0,0,18386488.9018,0,0,14356501.89248,10434161.94329,800142.35263,559000,559000,0,0,0,0,0,500,194642.35263,46000,0,2507226.30656,0,0,0,28399025640,833000,28398192640,0
33,3099,"АО ""СК Опора""",Рязань ,277456.9178,0,0,0,0,0,277456.9178,0,0,0,0,0,277456.9178,270956.9178,40926.356,0,0,0,0,0,0,220000,10030.5618,6500,6500,6500,0,0,0,0,0,0,0,0,0,0,0,0,0,0,0,0,0
34,2359,"АО ""СК УСПЕХ""",Москва,66124.24787,0,0,0,0,0,66124.24787,43728.96929,11947.63929,0,0,31781.33,22395.27858,11197.63929,0,0,0,0,0,0,0,0,11197.63929,0,0,0,0,0,0,0,0,0,0,0,0,11197.63929,0,0,0,0,0,0,0
35,2873,"АО ""СМК ""Сахамедстрах""",Якутск,32344.8495,9160.15359,0,0,0,0,32344.8495,32344.8495,0,0,0,32344.8495,0,0,0,0,0,0,0,0,0,0,0,0,0,0,0,0,0,0,0,0,0,0,0,0,0,0,0,0,0,0,0
36,1587,"АО ""СО ""Талисман""",Казань,1740407.12283,0,0,0,0,0,1740407.12283,218850.00845,218850.00845,0,0,0,1521557.11438,1426981.21438,151626.411,0,0,0,0,294258.8166,0,868771.36687,112324.61991,64042.5,0,0,0,0,0,0,0,5480,58562.5,0,0,30533.4,0,0,0,0,0,0,0
37,1208,"АО ""СОГАЗ""",Москва,1509280524084.56,0,0,0,0,0,60490304696.4538,24487106325.6879,6385832050.12722,0,0,18101274275.5606,36003198370.7659,24768811122.9365,130248958.84521,401356823.82348,251023871.49055,57826857.83782,787630079.11208,3184337.92311,858723.78006,22799349756.7353,338190437.16898,8440651037.07867,17460617.752,17460617.752,0,100000,4084083442.85989,3047245546.57326,46465413.913,76858365.1432,1166117880.12833,2319770.70899,2600717156.08798,193019054.6627,5780957916.10208,5780957916.10208,0,1443009261472,397250000,1442612011472,0
38,3229,"АО ""Страховая бизнес группа""",Воронеж,113875424032.056,80,0,0,0,0,82504992.05635,5645708.92586,1942486.52586,0,0,3703222.4,76859283.13049,73518232.2359,15289.509,0,800,0,1373233.3258,0,0,72059954.46438,68954.93672,3324112.40235,0,0,0,0,54840,23000,0,249850,2900740.79209,95681.61026,0,16938.49224,0,0,0,113792919040,3520000,113789399040,0
39,0796,"АО ""Страховая группа  АВАНГАРД - ГАРАНТ""",Москва,184847.59882,0,0,0,0,0,184847.59882,2970,2970,0,0,0,181877.59882,169877.59882,62594.91,0,0,0,0,0,0,107282.68882,0,12000,0,0,0,0,0,0,12000,0,0,0,0,0,0,0,0,0,0,0,0
40,2354,"АО ""Страховая группа ""Спасские ворота-М""",Москва,102222.79886,0,0,0,0,0,102222.79886,102222.79886,0,0,0,102222.79886,0,0,0,0,0,0,0,0,0,0,0,0,0,0,0,0,0,0,0,0,0,0,0,0,0,0,0,0,0,0,0
41,0983,"АО ""Страховая группа ""УралСиб""",Москва,48455776.91743,0,0,0,0,0,48455776.91743,27947870.22689,1728535.62863,0,0,26219334.59826,20507906.69054,20251197.17843,0,0,0,0,1204949.81087,0,0,16331276.28536,2714971.0822,254700,0,0,0,0,0,0,0,0,254700,0,0,2009.51211,0,0,0,0,0,0,0
42,3390,"АО ""Страховая Компания  ""ПОЛИС-ГАРАНТ""",Москва,5649056.95871,0,0,0,0,0,5649056.95871,864689.83289,48615,0,0,816074.83289,4784367.12582,3296392.12582,919219.784,0,0,0,342868.86224,0,0,1313203.99358,721099.486,783100,576750,576750,0,0,0,0,0,18000,188350,0,0,704875,0,0,0,0,0,0,0
43,3230,"АО ""Страховая компания  ""СОГАЗ-Мед""",Москва,0,0,0,0,0,0,0,0,0,0,0,0,0,0,0,0,0,0,0,0,0,0,0,0,0,0,0,0,0,0,0,0,0,0,0,0,0,0,0,0,0,0,0
44,2144,"АО ""Страховая компания АСКО-Центр""",Курск,11054755.13576,0,0,0,0,0,11054755.13576,4538453.93027,4203517.68527,0,0,334936.245,6516301.20549,6477641.20549,3518943.06809,0,0,0,16242.42861,210,0,2649429.42165,292816.28714,38660,0,0,0,0,0,0,0,0,38660,0,0,0,0,0,0,0,0,0,0
45,3987,"АО ""УРАЛСИБ Жизнь""",Москва,4089996.86957,0,3795967.01957,3795967.01957,1056985.12773,0,294029.85,294029.85,294029.85,0,0,0,0,0,0,0,0,0,0,0,0,0,0,0,0,0,0,0,0,0,0,0,0,0,0,0,0,0,0,0,0,0,0
46,3995,АО ВТБ Страхование жизни,Москва,14506547.17578,63726.231,10735737.17578,10735737.17578,49640.073,0,3770810,3770810,3770810,0,0,0,0,0,0,0,0,0,0,0,0,0,0,0,0,0,0,0,0,0,0,0,0,0,0,0,0,0,0,0,0,0,0
47,3300,"АО СГ ""Спасские ворота""",Салехард,351741826.96368,3226733.702,0,0,0,0,351216826.96368,2860491.0687,1877187.259,0,0,983303.8097,348356335.89498,90892120.936,143897.5,0,0,0,84070259.43,0,0,5663566.213,1014397.793,257464214.95898,0,0,0,0,0,253547100,0,140926,3776188.95898,0,0,0,0,0,0,525000,525000,0,0
48,1858,"АО СК "" Армеец""",Москва,8111584.89475,4356197.62937,0,0,0,0,8111584.89475,1845576.96964,559591.6303,0,0,1285985.33934,6266007.92511,5119798.522,197441.77305,0,0,0,137,0,0,4356060.82843,566158.92052,1144620.419,9000,9000,0,0,7920,0,0,726600,85600.419,315500,0,1588.98411,0,0,0,0,0,0,0
49,0290,"АО СК ""Альянс""",Москва,3518787135.94453,0,0,0,0,0,3514592823.94454,2221339544.84219,2051560544.60969,0,0,169779000.2325,1293253279.10235,1181719024.30245,673362.72128,15778825.71343,10153257.40222,20678355.39,358214661.27623,0,0,776102573.48529,117988.314,94595773.92204,0,0,0,0,34555298.1,0,0,5219959.4,52633100.62204,2187415.8,282379.188,16656101.68986,0,0,0,4194311.99999,3915000,279311.99999,0
50,0278,"АО СК ""АСКОМЕД""",Самара,102784.184,0,0,0,0,0,102784.184,102784.184,0,0,0,102784.184,0,0,0,0,0,0,0,0,0,0,0,0,0,0,0,0,0,0,0,0,0,0,0,0,0,0,0,0,0,0,0
51,2027,"АО СК ""Двадцать первый век""",Санкт-Петербург,145467267.67993,341925.6495,0,0,0,0,145467267.67993,26224628.575,26112068.575,0,0,112560,119242639.10493,112470140.20993,124188.422,0,0,0,93617381.66797,0,0,17994732.24868,733837.87128,6110618.285,92200,92200,0,0,0,0,0,2106102.495,3912315.79,0,0,661880.61,0,0,0,0,0,0,0
52,2447,"АО СК ""ЖСФ""",Нижний Новгород,28160223.65667,0,0,0,0,0,28160223.65667,24568772.26042,24564572.26042,0,0,4200,3591451.39625,3586941.39625,2234.524,1333465,0,0,2063269.47855,0,0,131315.7597,56656.634,4510,0,0,0,0,0,0,0,0,4510,0,0,0,0,0,0,0,0,0,0
53,0425,"АО СК ""Ингвар""",Москва,62170406.10473,0,0,0,0,0,62170406.10473,150,150,0,0,0,62170256.10473,62138256.10473,1085,0,0,0,31567636.62109,0,0,30547541.54364,21992.94,32000,0,0,0,0,0,0,0,0,32000,0,0,0,0,0,0,0,0,0,0
54,2947,"АО СК ""РСХБ-Страхование""",Москва,329209915.89306,0,0,0,0,0,328414915.89306,33920266.50357,33906766.50357,0,0,13500,294494649.38949,269443355.19973,2838181.63056,33227.03587,0,295262.3472,699562.24882,29677896.18014,6788911.49963,204240827.97313,31658397.78401,17032606.109,119500,119500,0,0,0,0,0,63000,16850106.109,0,4104959.43084,3913728.64992,0,0,0,795000,795000,0,0
55,3467,"АО СК ""Сибирский Спас""",Новокузнецк,10192419.6602,0,0,0,0,0,10192419.6602,5183267.8552,2538927.8552,0,0,2644340,5009151.805,4972601.805,4843860,0,0,0,0,0,0,23350,105391.805,36550,0,0,0,0,0,0,0,8350,28200,0,0,0,0,0,0,0,0,0,0
56,1216,"АО СК ""Чулпан""",Альметьевск,1129829246.48243,0,0,0,0,0,20613246.48243,5209327.41972,4337528.55064,0,0,871798.86908,15403919.06271,14343571.03816,586769.90888,0,0,0,0,5402,0,9758454.47788,3992944.6514,627358.3252,17800,17800,0,0,0,0,17310,54600,537148.3252,500,0,432989.69935,0,0,0,1109216000,14560000,1094656000,0
57,1621,"АО Страховое общество ""ЯКОРЬ""",Москва,49781222.30301,0,0,0,0,0,49781222.30301,34320280.1948,13955230.26195,0,0,20365049.93285,15460942.10821,12757362.52006,62390.29794,0,0,45240,7186804.07971,0,0,5184107.80582,278820.33659,2698039.699,43000,43000,0,0,0,183602.014,0,0,1895437.685,576000,0,5539.88915,0,0,0,0,0,0,0
58,4209,"ЗАО ""Кофас Рус Страховая Компания""",Москва,112048160.95945,0,0,0,0,0,112048160.95945,0,0,0,0,0,112048160.95945,0,0,0,0,0,0,0,0,0,0,0,0,0,0,0,0,0,0,0,0,0,112048160.95945,0,0,0,0,0,0,0,0
59,1427,"ЗАО ""МАКС""",Москва,169749945982.717,0,0,0,0,0,1681350982.71728,380955081.96869,336543477.94269,0,0,44411604.026,1300395900.74859,1295614643.05804,13347320.72615,0,2373724.1,27265,760279.41238,46368,0,1199999594.51763,79060091.30188,4116605.9079,761479.7499,761479.7499,0,0,0,600,733791.7,981006.6725,1444926.2855,194801.5,18205.45,646446.33265,0,0,0,168068595000,8435000,168060160000,0
60,2733,"ЗАО ""СК ""Резерв""",Хабаровск,4384943.79918,0,0,0,0,0,4384943.79918,4043518.79918,4043518.79918,0,0,0,341425,222150,0,0,0,0,0,0,0,0,222150,111000,0,0,0,0,0,0,0,0,111000,0,0,8275,0,0,0,0,0,0,0
61,2284,"ЗАО ГСАО ""Плато""",Москва,21040716.75016,0,0,0,0,0,21040716.75016,20616236,20615236,0,0,1000,424480.75016,275480.75016,0,0,0,0,89144.71121,0,0,185056.03895,1280,149000,0,0,0,0,0,0,0,0,119000,30000,0,0,0,0,0,0,0,0,0
62,1675,Либерти Страхование (АО),Санкт-Петербург,4237732570.60038,1952459.23239,0,0,0,0,453417170.60038,303425837.56627,18500311.32127,0,0,284925526.245,149991333.03411,136461422.58671,11103316.71355,35016,0,234619.37,33111536.56779,0,0,35608624.09503,56368309.84034,8144024.74712,744752.58144,744752.58144,0,0,0,0,300,968266,6350206.16568,80500,5337692.28201,48193.41827,0,0,0,3784315400,1045000,3783270400,0
63,4349,"НКО ""МОВС""",Санкт-Петербург,2057585.99536,0,0,0,0,0,2057585.99536,0,0,0,0,0,2057585.99536,0,0,0,0,0,0,0,0,0,0,2057585.99536,0,0,0,0,0,0,0,0,0,2057585.99536,0,0,0,0,0,0,0,0,0
64,4314,"НКО ""ПОВС застройщиков""",Москва,20995566.96023,0,0,0,0,0,20995566.96023,0,0,0,0,0,20995566.96023,0,0,0,0,0,0,0,0,0,0,20995566.96023,0,0,0,0,0,0,0,0,0,20995566.96023,0,0,0,0,0,0,0,0,0
65,4301,НКО НОВС,Камышин,401032.68575,0,0,0,0,0,401032.68575,0,0,0,0,0,401032.68575,0,0,0,0,0,0,0,0,0,0,347534.45779,0,0,0,0,0,0,0,0,0,347534.45779,0,53498.22796,0,0,0,0,0,0,0
66,4202,"НКО ОВС ""Саклау""",Казань,1126000,0,0,0,0,0,1126000,0,0,0,0,0,1126000,0,0,0,0,0,0,0,0,0,0,1126000,0,0,0,0,0,0,0,0,1126000,0,0,0,0,0,0,0,0,0,0
67,4170,"НКО ПОВС ""ВиС""",Махачкала,598500,0,0,0,0,0,598500,0,0,0,0,0,598500,0,0,0,0,0,0,0,0,0,0,598500,0,0,0,0,0,0,0,598500,0,0,0,0,0,0,0,0,0,0,0
68,4296,"НКО ПОВС ""Кооп-Ресурс""",Вологда,21942.978,0,0,0,0,0,21942.978,0,0,0,0,0,21942.978,21942.978,1600,0,0,0,0,0,0,20142.978,200,0,0,0,0,0,0,0,0,0,0,0,0,0,0,0,0,0,0,0,0
69,4354,НКО ПОВС «ВЗАИМОПОМОЩЬ»,Москва,41908.03853,0,0,0,0,0,41908.03853,0,0,0,0,0,41908.03853,0,0,0,0,0,0,0,0,0,0,41908.03853,0,0,0,0,0,0,0,0,0,41908.03853,0,0,0,0,0,0,0,0,0
70,4279,НКО ПОВС «Кооперативное единство»,Новосибирск,262928.591,0,0,0,0,0,262928.591,0,0,0,0,0,262928.591,262928.591,20335.066,0,0,0,0,0,0,242593.525,0,0,0,0,0,0,0,0,0,0,0,0,0,0,0,0,0,0,0,0,0
71,1298,"ОАО ""Капитал Страхование""",Когалым,13700553775.3084,4676272.237,0,0,0,0,3750561375.30841,123533724.2345,104077844.04,0,0,19455880.1945,3627027651.07391,2510660994.65551,1734729.04185,0,523987.72896,19344457.91647,1172871.55116,0,0,2486227783.88024,1657164.53683,1116360264.8552,372100,372100,0,0,550204.15,929351185.2,50790306,281777,135014692.5052,0,4000,2391.5632,0,0,0,9949992400,37250000,9912742400,0
72,2708,"ОАО ""ЧСК""",Москва,13021773322.9105,0,0,0,0,0,141902268.79013,139054759.446,66459259.446,0,0,72595500,2847509.34413,1565669.89493,1419.3,0,59600,528,211776.67294,0,0,1278315.28199,14030.64,835644.4492,1200,1200,0,0,214246,8400,47483.9,0,564314.5492,0,0,446195,28168454.12036,28168454.12036,0,12851702600,17245000,12834457600,0
73,0518,"ОАО СК ""БАСК""",Белово,5731276.55563,0,0,0,0,0,3941276.55563,803159.49725,254995.85565,0,0,548163.6416,3138117.05838,3095607.05838,97579.29397,0,0,0,907360.64328,0,0,2047914.62113,42752.5,33510,0,0,0,0,0,0,0,0,33510,0,0,9000,0,0,0,1790000,1790000,0,0
74,0436,"ООО  ""АМТ Страхование""",Москва,25347185.78146,0,0,0,0,0,25347185.78146,152389.7933,152389.7933,0,0,0,25194795.98816,2676652.57173,0,0,0,2570027.49242,106625.07931,0,0,0,0,22518143.41643,0,0,0,0,0,22518143.41643,0,0,0,0,0,0,0,0,0,0,0,0,0
75,1083,"ООО  ""Зетта Страхование""",Москва,78744427623.8291,68796172.38125,0,0,0,0,368739759.82911,210004692.31754,31765530.54684,0,0,178239161.7707,158735067.51157,128596449.25568,13535839.97691,12000,0,0,8208862.48728,50807.63324,0,38360485.95004,68428453.20821,26701158.02196,456699,456699,0,0,0,0,21500,407702.9,25339937.84068,475318.28128,1368,3436092.23393,0,0,0,78375687864,16355000,78359332864,0
76,2877,"ООО  ""СК ""Мегарусс-Д""",Москва,66543417.16849,0,0,0,0,0,66543417.16849,4247773.09486,3801173.09486,0,0,446600,62295644.07363,62220151.72641,3451730.3859,0,0,0,1681679.48791,0,0,56216305.35,870436.5026,74492.34722,2750,2750,0,0,0,0,0,2000,69742.34722,0,0,1000,0,0,0,0,0,0,0
77,3517,"ООО  ""ЦСО""",Мытищи,44727940904.1885,7579412.20298,0,0,0,0,121282865.17755,91325858.84593,87873162.05993,0,0,3452696.786,29957006.33162,12686731.37023,2120760.63309,0,2337,1782047.53561,5133604.58055,220,0,3122796.26049,524965.36049,17259768.11125,10000,10000,0,0,851,5852571.795,0,8556403.32109,2751412.92216,88529.073,3781.85014,6725,1823250863.0109,1823250863.0109,0,42783407176,5905000,42777502176,0
78,3828,"ООО  СК ""Альянс  Жизнь""",Москва,456326310.51095,38587497.67024,14392159.99812,14392159.99812,0,0,441934150.51283,441934150.51283,39426354.48533,0,0,402507796.0275,0,0,0,0,0,0,0,0,0,0,0,0,0,0,0,0,0,0,0,0,0,0,0,0,0,0,0,0,0,0,0
79,3692,"ООО  СК ""Сбербанк страхование жизни""",Москва,542721947.67772,0,411150674.62586,411150674.62586,382746573.44472,0,131571273.05186,131571273.05186,117310967.58786,0,0,14260305.464,0,0,0,0,0,0,0,0,0,0,0,0,0,0,0,0,0,0,0,0,0,0,0,0,0,0,0,0,0,0,0
80,2496,"ООО ""Абсолют Страхование""     ",Москва,11502615553.1637,15783543.96407,0,0,0,0,438979303.16369,129762123.98392,107358789.23242,0,0,22403334.7515,309217179.17977,240182123.34556,2915369.50472,0,0,13908273.48714,55987857.31413,0,0,140969074.05463,26401548.98494,53519341.71513,588448.531,588448.531,0,0,0,22611553.7313,0,8993898.701,12275977.2157,9049463.53613,14975617.04891,540097.07017,0,0,0,11063636250,2175000,11061461250,0
81,3290,"ООО ""Адвант-Страхование""",Санкт-Петербург,36612626.09343,73210,0,0,0,0,36612626.09343,29109043.146,701405,0,0,28407638.146,7503582.94743,6669589.60243,129279.057,0,0,0,528967.58727,0,0,5869865.60702,141477.35114,813150,398000,398000,0,0,0,0,0,0,404650,10500,0,20843.345,0,0,0,0,0,0,0
82,3867,"ООО ""АК БАРС СТРАХОВАНИЕ""",Казань,40173122.98618,0,0,0,0,0,40173122.98618,8031149.53966,6846935.15416,0,0,1184214.3855,32141973.44652,30623153.70311,465501.917,0,221184.152,0,5005,112214.79,0,4234688.402,25584559.44211,1477270,0,0,0,0,5720,0,0,162150,1309400,0,0,41549.74341,0,0,0,0,0,0,0
83,3447,"ООО ""АльфаСтрахование-Жизнь""",Москва,54110768.92328,241812.00445,52256624.89675,52256624.89675,0,0,1854144.02653,1854144.02653,986565.51153,0,0,867578.515,0,0,0,0,0,0,0,0,0,0,0,0,0,0,0,0,0,0,0,0,0,0,0,0,0,0,0,0,0,0,0
84,4334,"ООО ""Атрадиус Рус Кредитное Страхование""",Москва,231663099.67218,0,0,0,0,0,231663099.67218,0,0,0,0,0,231663099.67218,0,0,0,0,0,0,0,0,0,0,0,0,0,0,0,0,0,0,0,0,0,231663099.67218,0,0,0,0,0,0,0,0
85,3487,"ООО ""БИН Страхование""",Москва,11830139.96196,0,0,0,0,0,11830139.96196,9802200,9802200,0,0,0,2027939.96196,649145,0,0,0,0,0,0,0,0,649145,0,0,0,0,0,0,0,0,0,0,0,0,1378794.96196,0,0,0,0,0,0,0
86,3799,"ООО ""БСД""",Москва,76233426.09144,0,0,0,0,0,76233426.09144,5060981.05091,430218.33291,0,0,4630762.718,71172445.04053,22090914.10353,107895.452,0,0,0,18967472.25381,0,0,2856972.27054,158574.12718,43378999.81822,83500,83500,0,0,0,0,0,0,40255807.64138,3039692.17684,5702531.11878,0,0,0,0,0,0,0,0
87,3826,"ООО ""Вита-страхование""",Сургут,82774.6105,0,48721.2435,48721.2435,2844.9111,0,34053.367,34053.367,22103.367,0,0,11950,0,0,0,0,0,0,0,0,0,0,0,0,0,0,0,0,0,0,0,0,0,0,0,0,0,0,0,0,0,0,0
88,3866,"ООО ""ВСК-Линия жизни""",Москва,644254455.64981,0,11367078.8047,11367078.8047,0,0,632887376.84511,632887376.84511,632887376.84511,0,126260261.61,0,0,0,0,0,0,0,0,0,0,0,0,0,0,0,0,0,0,0,0,0,0,0,0,0,0,0,0,0,0,0,0
89,3978,"ООО ""ВСК-Милосердие""",Москва,33294000,0,0,0,0,0,33294000,33294000,0,0,0,33294000,0,0,0,0,0,0,0,0,0,0,0,0,0,0,0,0,0,0,0,0,0,0,0,0,0,0,0,0,0,0,0
90,1284,"ООО ""Группа Ренессанс Страхование""",Москва,14658267662.466,38604192.67661,0,0,0,0,4880356262.46599,572016076.37996,166177615.53496,0,0,405838460.845,4308340186.08603,3699497860.69118,45142030.49818,162286.133,0,1348052.972,3356894834.756,0,0,270362121.553,25588534.779,239801889.50812,230492831.75812,230492831.75812,0,0,0,61887.43,0,502858.41,8744311.91,0,0,369040435.88673,0,0,0,9777911400,10385000,9767526400,0
91,3535,"ООО ""ИНКОР Страхование""",Дмитров,93274632.5171,0,0,0,0,0,93274632.5171,749621.73673,730445.43815,0,0,19176.29858,92525010.78037,86715750.60009,1256192.31695,104743.98349,0,0,3325696.76882,0,0,81777131.98738,251985.54345,5655311.16814,77000,77000,0,0,1134,0,0,1885000,3596677.16814,95500,0,153949.01214,0,0,0,0,0,0,0
92,3993,"ООО ""Компания Банковского Страхования""",Москва,19419389.89519,0,0,0,0,0,19419389.89519,0,0,0,0,0,19419389.89519,121180,0,0,0,0,0,0,0,0,121180,2950,0,0,0,0,0,0,0,0,2950,0,0,19295259.89519,0,0,0,0,0,0,0
93,4326,"ООО ""КПСК"" ",Симферополь,87493458.51395,0,0,0,0,0,87493458.51395,624926.15427,236082.87252,0,0,388843.28175,86868532.35968,83458886.6093,138847.56648,0,0,865183.03782,67605489.85849,0,0,14549264.91988,300101.22663,3220645.75038,0,0,0,0,4800,2852432.18,0,0,363413.57038,0,189000,0,0,0,0,0,0,0,0
94,3059,"ООО ""КПТС""",Новокузнецк,9568.5,0,0,0,0,0,9568.5,9568.5,0,0,0,9568.5,0,0,0,0,0,0,0,0,0,0,0,0,0,0,0,0,0,0,0,0,0,0,0,0,0,0,0,0,0,0,0
95,4189,"ООО ""Кредендо - Ингосстрах  Кредитное Страхование""",Москва,4159307.5,0,0,0,0,0,4159307.5,0,0,0,0,0,4159307.5,0,0,0,0,0,0,0,0,0,0,0,0,0,0,0,0,0,0,0,0,0,4159307.5,0,0,0,0,0,0,0,0
96,3781,"ООО ""КРК-Страхование""",Москва,8043258.68749,0,0,0,0,0,8043258.68749,3945980.5492,1373768.0492,0,0,2572212.5,4097278.13829,3478224.18383,1981042.23633,0,0,0,276751.07362,0,0,805096.53306,415334.34082,382070,153900,153900,0,0,0,0,0,50500,177670,0,0,236983.95446,0,0,0,0,0,0,0
97,4013,"ООО ""МАКС-Жизнь""",Москва,2495089.368,0,2495089.368,2495089.368,0,0,0,0,0,0,0,0,0,0,0,0,0,0,0,0,0,0,0,0,0,0,0,0,0,0,0,0,0,0,0,0,0,0,0,0,0,0,0
98,3594,"ООО ""МСГ""",Москва,3179942.81617,189300,0,0,0,0,3179942.81617,3136753.74488,2917314.74488,0,0,219439,43189.07129,0,0,0,0,0,0,0,0,0,0,0,0,0,0,0,0,0,0,0,0,0,0,43189.07129,0,0,0,0,0,0,0
99,3128,"ООО ""МСК ""АйАйСи""",Москва,95320171.1,340400,0,0,0,0,95320171.1,340400,0,0,0,340400,94979771.1,94919771.1,0,0,0,0,0,0,0,0,94919771.1,60000,0,0,0,0,0,0,0,0,60000,0,0,0,0,0,0,0,0,0,0
100,2031,"ООО ""МСК ""ИНКО-МЕД""",Воронеж,0,0,0,0,0,0,0,0,0,0,0,0,0,0,0,0,0,0,0,0,0,0,0,0,0,0,0,0,0,0,0,0,0,0,0,0,0,0,0,0,0,0,0
101,0484,"ООО ""МСК ""МЕДСТРАХ""",Москва,0,0,0,0,0,0,0,0,0,0,0,0,0,0,0,0,0,0,0,0,0,0,0,0,0,0,0,0,0,0,0,0,0,0,0,0,0,0,0,0,0,0,0
102,3295,"ООО ""НСГ-""Росэнерго""",Горно-Алтайск,38438573.11028,0,0,0,0,0,38438573.11028,26719459.30369,18336992.914,0,0,8382466.38969,11719113.80659,11598463.80659,10881050,0,0,0,48434,0,0,43363.14959,625616.657,120650,0,0,0,0,0,0,0,1400,119250,0,0,0,0,0,0,0,0,0,0
103,4008,"ООО ""ОСЖ РЕСО-Гарантия""",Москва,3043075.86378,500,1578516.2651,1578516.2651,0,0,1464559.59868,1464559.59868,1464559.59868,0,0,0,0,0,0,0,0,0,0,0,0,0,0,0,0,0,0,0,0,0,0,0,0,0,0,0,0,0,0,0,0,0,0
104,3609,"ООО ""ППФ Страхование жизни""",Москва,6838743,0,4116831,3868762,0,248069,2721912,2721912,2572412,0,0,149500,0,0,0,0,0,0,0,0,0,0,0,0,0,0,0,0,0,0,0,0,0,0,0,0,0,0,0,0,0,0,0
105,3438,"ООО ""ПРОМИНСТРАХ""",Москва,814659256.77475,185724.96617,0,0,0,0,174229456.77475,40572783.06369,38315296.3105,0,0,2257486.75319,133656673.71106,7348790.96262,66578,0,0,0,260759.08059,0,0,6980021.90142,41431.98061,124989370.21716,17000,17000,0,0,22110,0,0,16000,718391.22857,124215868.98859,1308055.93128,10456.6,0,0,0,640429800,225000,640204800,0
106,3568,"ООО ""ПСА""",Сызрань,8354242.28467,0,0,0,0,0,8354242.28467,6369192.59534,6365692.22733,0,0,3500.36801,1985049.68933,1622803.59634,536797.004,0,0,0,26797.9046,0,0,467538.6551,591670.03264,362246.09299,14080,14080,0,0,0,0,0,163400,184766.09299,0,0,0,0,0,0,0,0,0,0
107,3621,"ООО ""Региональный Страховой Центр""",Москва,0,0,0,0,0,0,0,0,0,0,0,0,0,0,0,0,0,0,0,0,0,0,0,0,0,0,0,0,0,0,0,0,0,0,0,0,0,0,0,0,0,0,0
108,0473,"ООО ""РИКС""",Москва,380836107.64005,0,0,0,0,0,380836107.64005,168919.3495,159189.3495,0,0,9730,380667188.29055,49296770.87193,0,0,0,0,236931.67193,0,0,22500000,26559839.2,503088.75,0,0,0,0,0,0,0,0,383088.75,120000,0,330867328.66862,0,0,0,0,0,0,0
109,3943,"ООО ""СК ""АК БАРС-Мед""",Казань,5087852.26893,377309.79913,0,0,0,0,5087852.26893,5087852.26893,0,0,0,5087852.26893,0,0,0,0,0,0,0,0,0,0,0,0,0,0,0,0,0,0,0,0,0,0,0,0,0,0,0,0,0,0,0
110,0066,"ООО ""СК ""Ангара""",Братск,1675435.20849,0,0,0,0,0,1675435.20849,1102017.27096,1023117.27096,0,0,78900,573417.93753,556582.25154,98806.14,0,0,0,0,0,0,249213.48006,208562.63148,4555,0,0,0,0,0,0,0,0,4555,0,0,12280.68599,0,0,0,0,0,0,0
111,3999,"ООО ""СК ""АСКО-Жизнь""",Набережные Челны,3718916.32724,0,0,0,0,0,3718916.32724,3718916.32724,441647.09524,0,0,3277269.232,0,0,0,0,0,0,0,0,0,0,0,0,0,0,0,0,0,0,0,0,0,0,0,0,0,0,0,0,0,0,0
112,2042,"ООО ""СК ""Гранта""",Казань .,6297738.28423,334200,0,0,0,0,6297738.28423,2734701.9952,1110723.1782,0,0,1623978.817,3563036.28903,1959604.86494,1087756.4989,0,0,0,13690.85319,0,0,440303.89061,417853.62224,1539814,0,0,0,0,0,0,0,1358080,181734,0,0,63617.42409,0,0,0,0,0,0,0
113,3823,"ООО ""СК ""Ингосстрах-Жизнь""",Москва,159217367.04925,2667175.29004,3890346.03085,3889136.3191,85855.3646,1209.71175,155327021.0184,155327021.0184,127687021.0184,0,0,27640000,0,0,0,0,0,0,0,0,0,0,0,0,0,0,0,0,0,0,0,0,0,0,0,0,0,0,0,0,0,0,0
114,3837,"ООО ""СК ""Ингосстрах-М""",Москва,0,0,0,0,0,0,0,0,0,0,0,0,0,0,0,0,0,0,0,0,0,0,0,0,0,0,0,0,0,0,0,0,0,0,0,0,0,0,0,0,0,0,0
115,2169,"ООО ""СК ""Инертек""",Санкт-Петербург,3640,0,0,0,0,0,3640,0,0,0,0,0,3640,3140,3140,0,0,0,0,0,0,0,0,500,0,0,0,0,0,0,0,0,500,0,0,0,0,0,0,0,0,0,0
116,3645,"ООО ""СК ""Капитал - Лайф""",Москва,825325.42127,0,783176.18269,783176.18269,1880,0,42149.23858,42149.23858,42149.23858,0,0,0,0,0,0,0,0,0,0,0,0,0,0,0,0,0,0,0,0,0,0,0,0,0,0,0,0,0,0,0,0,0,0
117,1336,"ООО ""СК ""Капитал-полис""",Санкт-Петербург,90802239.84283,0,0,0,0,0,90802239.84283,64481723.334,424528.334,0,0,64057195,26320516.50883,20487546.86263,713499.975,0,0,0,18124614.91258,0,0,1404079.63843,245352.33662,143369.6462,60900,60900,0,0,0,0,2000,3500,76969.6462,0,0,5689600,0,0,0,0,0,0,0
118,3493,"ООО ""СК ""Национальные Страховые Традиции""",Москва,0,0,0,0,0,0,0,0,0,0,0,0,0,0,0,0,0,0,0,0,0,0,0,0,0,0,0,0,0,0,0,0,0,0,0,0,0,0,0,0,0,0,0
119,4293,"ООО ""СК ""Ойлер Гермес Ру""",Москва,95013462.396,0,0,0,0,0,95013462.396,0,0,0,0,0,95013462.396,0,0,0,0,0,0,0,0,0,0,0,0,0,0,0,0,0,0,0,0,0,95013462.396,0,0,0,0,0,0,0,0
120,3984,"ООО ""СК ""РГС-Жизнь""",Москва,76323655.10547,2520.14338,23615221.71519,23615221.71519,5557386.07861,0,52708433.39028,52708433.39028,52706821.02454,0,0,1612.36574,0,0,0,0,0,0,0,0,0,0,0,0,0,0,0,0,0,0,0,0,0,0,0,0,0,0,0,0,0,0,0
121,3972,"ООО ""СК ""Ренессанс Жизнь""",Москва,331502234.55083,347715.25419,48407658.40671,48407658.40671,22558432.12442,0,283094576.14412,283094576.14412,157128950.22087,0,0,125965625.92325,0,0,0,0,0,0,0,0,0,0,0,0,0,0,0,0,0,0,0,0,0,0,0,0,0,0,0,0,0,0,0
122,3492,"ООО ""СК ""РЕСПЕКТ""",Рязань,256273129.86707,0,0,0,0,0,256273129.86707,10682877.203,10681434.897,0,0,1442.306,245590252.66407,45564580.47924,0,0,0,0,28473258.18386,0,0,17091322.29538,0,200025672.18483,0,0,0,0,0,0,0,0,0,200025672.18483,0,0,0,0,0,0,0,0,0
123,1999,"ООО ""СК ""РУССКАЯ КОРОНА""",Рязань,59420414.1627,0,0,0,0,0,59420414.1627,58624279.13376,58494579.13376,0,0,129700,796135.02894,287064.60894,0,0,0,0,181720,0,0,0,105344.60894,509070.42,0,0,0,0,0,0,0,0,509070.42,0,0,0,0,0,0,0,0,0,0
124,0632,"ООО ""СК ""СЕРВИСРЕЗЕРВ""",Ковров,4011830.96452,0,0,0,0,0,4011830.96452,1891614.542,1891474.542,0,0,140,2120216.42252,1976762.79564,586082.58544,0,0,0,0,0,0,161020.44341,1229659.76679,143453.62688,0,0,0,0,0,0,17000,0,126453.62688,0,0,0,0,0,0,0,0,0,0
125,1307,"ООО ""СК ""Согласие""",Москва,142006407142.291,279760201.65508,0,0,0,0,2141749422.29138,513372456.08556,466101511.23734,0,0,47270944.84822,1628376966.20582,1098047801.72592,49452017.25639,47827025.84993,44280.608,2898861.06199,61127014.96219,504230.23482,205854.829,917166226.18909,19028145.56351,515378989.1062,5761169.967,5761169.967,0,0,83232.8,489253374.599,516606.6,93775.7304,19596829.4098,74000,2396340.078,12553835.2957,0,0,0,139864657720,25395000,139839262720,0
126,3678,"ООО ""СК ""Страховой Дом ЕДИНСТВО""",Москва,3430666.75468,0,0,0,0,0,3430666.75468,3001382.07089,1418382.07089,0,0,1583000,429284.68379,396784.68379,38000,0,0,0,0,0,0,358310.31779,474.366,32500,16000,16000,0,0,0,0,0,0,16500,0,0,0,0,0,0,0,0,0,0
127,1182,"ООО ""СК ""ТИТ""",Москва,207582196.82377,0,0,0,0,0,207582196.82377,18363768.99455,15506518.99455,0,0,2857250,189218427.82922,16967407.5426,271868.775,0,2046277.466,0,1201980.071,0,0,13317927.772,129353.4586,162885109.13462,39700,39700,0,0,161237853.29662,0,0,1518055.838,27500,62000,0,9365911.152,0,0,0,0,0,0,0
128,3815,"ООО ""СК ""Экспресс-страхование""",Санкт-Петербург,539671.217,0,0,0,0,0,539671.217,0,0,0,0,0,539671.217,0,0,0,0,0,0,0,0,0,0,476085.121,0,0,0,0,0,0,0,0,469000,7085.121,0,63586.096,0,0,0,0,0,0,0
129,3879,"ООО ""СК ""ЭРГО Жизнь""",Москва,44283574.7174,2659809.758,1831228.30059,1831228.30059,0,0,42452346.41681,42452346.41681,40751091.41681,0,0,1701255,0,0,0,0,0,0,0,0,0,0,0,0,0,0,0,0,0,0,0,0,0,0,0,0,0,0,0,0,0,0,0
130,3803,"ООО ""СК Доминанта""",Москва,6782723.58546,0,0,0,0,0,6782723.58546,1200,1200,0,0,0,6781523.58546,5872502.78706,0,0,0,0,4953283,0,0,919219.78706,0,909020.7984,0,0,0,0,0,0,0,20000,889020.7984,0,0,0,0,0,0,0,0,0,0
131,0574,"ООО ""СК Екатеринбург""",Екатеринбург,16564574.71043,307837.999,0,0,0,0,16564574.71043,11664033.9546,440346.2646,0,0,11223687.69,4900540.75583,4567543.8453,1781156.225,0,0,0,825437.9274,0,0,1394128.077,566821.6159,270445.5865,211850.458,211850.458,0,0,0,0,0,2150,51945.1285,4500,0,62551.32403,0,0,0,0,0,0,0
132,3225,"ООО ""СК ИНТЕРИ""",Москва,7406612.65508,0,0,0,0,0,7406612.65508,0,0,0,0,0,7406612.65508,5011112.65508,5011112.65508,0,0,0,0,0,0,0,0,2395500,2395500,2395500,0,0,0,0,0,0,0,0,0,0,0,0,0,0,0,0,0
133,4104,"ООО ""СК КАРДИФ""",Москва,72123420.88447,19741.047,0,0,0,0,72123420.88447,31793462.78005,31793462.78005,0,0,0,40329958.10442,10817007.53036,2496121.32236,0,0,0,0,0,0,0,8320886.208,8248020,0,0,0,0,0,0,0,0,8248020,0,0,21264930.57406,0,0,0,0,0,0,0
134,0401,"ООО ""СК НИК-Лайф""",Ульяновск,0,0,0,0,0,0,0,0,0,0,0,0,0,0,0,0,0,0,0,0,0,0,0,0,0,0,0,0,0,0,0,0,0,0,0,0,0,0,0,0,0,0,0
135,2917,"ООО ""СК НИК""",Ульяновск,6090732.57158,0,0,0,0,0,6090732.57158,4768190,376190,0,0,4392000,1322542.57158,669495.44758,44051.4442,0,0,0,548908.74071,0,0,64374.62267,12160.64,22490,14390,14390,0,0,0,0,0,0,8100,0,0,630557.124,0,0,0,0,0,0,0
136,3825,"ООО ""СК СОГАЗ-ЖИЗНЬ""",Москва,14358448.471,80724.985,3634491.31182,3634491.31182,0,0,10723957.15918,10723957.15918,10723957.15918,0,0,0,0,0,0,0,0,0,0,0,0,0,0,0,0,0,0,0,0,0,0,0,0,0,0,0,0,0,0,0,0,0,0
137,3857,"ООО ""СК Трудстрах""",Москва,0,0,0,0,0,0,0,0,0,0,0,0,0,0,0,0,0,0,0,0,0,0,0,0,0,0,0,0,0,0,0,0,0,0,0,0,0,0,0,0,0,0,0
138,3998,"ООО ""СК Чабб Жизнь""",Москва,88611.96,0,0,0,0,0,88611.96,88611.96,88611.96,0,0,0,0,0,0,0,0,0,0,0,0,0,0,0,0,0,0,0,0,0,0,0,0,0,0,0,0,0,0,0,0,0,0
139,3969,"ООО ""СК Чабб""",Москва,240805149.79137,27905805.402,0,0,0,0,240805149.79137,89241459.74699,89241459.74699,1962000,0,0,151563690.04438,75733655.16669,0,0,0,0,12551001.86625,0,0,61738535.64616,1444117.65428,50592277.56018,0,0,0,0,0,0,0,17205862.88,33386414.68018,0,25181573.31751,56184,0,0,0,0,0,0,0
140,2444,"ООО ""СМО ""СИМАЗ-МЕД""",Новосибирск,44884.642,0,0,0,0,0,44884.642,44884.642,0,0,0,44884.642,0,0,0,0,0,0,0,0,0,0,0,0,0,0,0,0,0,0,0,0,0,0,0,0,0,0,0,0,0,0,0
141,3528,"ООО ""СМО ""Спасение""",Казань,5433995.611,0,0,0,0,0,5433995.611,5433995.611,0,0,0,5433995.611,0,0,0,0,0,0,0,0,0,0,0,0,0,0,0,0,0,0,0,0,0,0,0,0,0,0,0,0,0,0,0
142,3941,"ООО ""СМП-Страхование""",Москва,71023497.47556,1700,0,0,0,0,71023497.47556,18202167.60586,3612876.02586,0,0,14589291.58,52821329.8697,51721273.64496,665776.61578,0,0,0,18410533.23038,0,0,31169196.40026,1475767.39854,869490.47951,58500,58500,0,0,0,0,0,0,810990.47951,0,0,230565.74523,0,0,0,0,0,0,0
143,4079,"ООО ""СОСЬЕТЕ ЖЕНЕРАЛЬ Страхование Жизни""",Москва,27173219.51427,0,14284520.332,14284520.332,12500149.649,0,12888699.18227,12888699.18227,12888699.18227,0,0,0,0,0,0,0,0,0,0,0,0,0,0,0,0,0,0,0,0,0,0,0,0,0,0,0,0,0,0,0,0,0,0
144,1580,"ООО ""СОСЬЕТЕ ЖЕНЕРАЛЬ Страхование""",Москва,21339744.26005,0,0,0,0,0,21339744.26005,886577.06414,886577.06414,0,0,0,20453167.19591,14835609.24691,1368.1,0,0,0,0,0,0,0,14834241.14691,495684.007,0,0,0,0,0,0,0,0,495684.007,0,0,5121873.942,0,0,0,0,0,0,0
145,4133,"ООО ""Страховая  компания ""ЭчДиАй  Страхование""",Москва,713313218.81117,0,0,0,0,0,713313218.81117,2907906.25231,2907906.25231,0,0,0,710405312.55886,604797603.66589,0,0,0,0,265714100.5911,0,0,339083503.07479,0,43906881.78968,0,0,0,0,0,0,0,42874510.30258,1032371.4871,0,61700827.10329,0,0,0,0,0,0,0,0
146,3193,"ООО ""СТРАХОВАЯ КОМПАНИЯ ""АРСЕНАЛЪ""",Москва,150565316.67513,0,0,0,0,0,150565316.67513,16696580.7922,4931865.1962,0,0,11764715.596,133868735.88293,23278442.8008,0,0,505509.48016,0,11929569.35284,0,0,9118822.32297,1724541.64483,97405661.65222,0,0,0,0,18930,6864143.55,0,0,79542881.70992,10979706.3923,0,13184631.42991,0,0,0,0,0,0,0
147,3561,"ООО ""Страховая компания ""ВИТАЛ-Полис""",Москва,87244.57,0,0,0,0,0,87244.57,71144.57,13000,0,0,58144.57,16100,14100,8600,0,0,0,0,0,0,0,5500,2000,2000,2000,0,0,0,0,0,0,0,0,0,0,0,0,0,0,0,0,0
148,4117,"ООО ""Страховая компания ""Кредит Европа Лайф""",Москва,41529704.80908,0,4530.09061,4530.09061,0,0,41525174.71847,41525174.71847,41525174.71847,0,0,0,0,0,0,0,0,0,0,0,0,0,0,0,0,0,0,0,0,0,0,0,0,0,0,0,0,0,0,0,0,0,0
149,2353,"ООО ""Страховая компания ""СДС"" ",Кемерово,23983644.44136,0,0,0,0,0,23983644.44136,23247343.18341,12053124.0525,0,0,11194219.13091,736301.25795,582440.35777,64389.336,0,0,0,1000,0,0,281439.97644,235611.04533,150360.90018,10900,10900,0,0,0,0,0,0,80460.90018,59000,0,3500,0,0,0,0,0,0,0
150,4105,"ООО ""Страховая компания ""СиВ Лайф""",Москва,24848794.77907,0,1597869.72667,1597869.72667,406727.84696,0,23250925.0524,23250925.0524,4082050.7324,0,0,19168874.32,0,0,0,0,0,0,0,0,0,0,0,0,0,0,0,0,0,0,0,0,0,0,0,0,0,0,0,0,0,0,0
151,1149,"ООО ""Страховая компания ""СтрИж""",Ижевск,0,0,0,0,0,0,0,0,0,0,0,0,0,0,0,0,0,0,0,0,0,0,0,0,0,0,0,0,0,0,0,0,0,0,0,0,0,0,0,0,0,0,0
152,3834,"ООО ""Страховое общество ""Помощь""",Санкт-Петербург,101692866.34871,553766.21683,0,0,0,0,101692866.34871,43903879.6958,2230011.4,1160000,0,41673868.2958,57788986.65291,12784687.90246,522532,0,0,24271.38304,6556053.0228,0,0,5452380.53487,229450.96175,20064473.99895,196300,196300,0,0,0,7500,0,9900,19304507.96695,546266.032,0,24939824.7515,0,0,0,0,0,0,0
153,3127,"ООО ""Страховое общество ""Сургутнефтегаз""",Сургут,63479223284.6288,86596.79212,0,0,0,0,299628844.62878,45516999.88835,39337642.03498,0,0,6179357.85337,254111844.74043,210599124.72694,5412580.10753,0,3225173.39664,2500,2507578.31609,0,0,189008959.01252,10442333.89416,40118104.76111,0,0,0,0,38284213.15611,3048.2,824786.4,538900,453157.005,14000,1800,3392815.25238,0,0,0,63179594440,4880000,63174714440,0
154,3928,"ООО ""Страховые инвестиции""",Уфа,587774,0,0,0,0,0,587774,6450,6400,0,0,50,581324,62000,0,0,0,0,0,0,0,62000,0,150,0,0,0,0,0,0,0,0,150,0,0,519174,0,0,0,0,0,0,0
155,0585,"ООО ""СФ ""Адонис""",Пермь,3796178365.78454,0,0,0,0,0,19468565.78454,6070181.736,5302014.13,0,0,768167.606,13398384.04854,13331734.04854,2136295.3685,0,0,0,481472.42939,10255.668,0,4020647.5961,6683062.98655,60770,29750,29750,0,0,0,0,15000,0,16020,0,0,5880,0,0,0,3776709800,3065000,3773644800,0
156,1688,"ООО ""ТСК""",Королев,6359121.73434,0,0,0,0,0,6359121.73434,433100,433100,0,0,0,5926021.73434,5622157.70534,339583.422,0,0,0,0,0,0,5195773.53834,86800.745,303864.029,80000,80000,0,0,0,0,0,100223.2,123640.829,0,0,0,0,0,0,0,0,0,0
157,3507,"ООО ""Хоум Кредит Страхование""",Москва,103067841.741,0,0,0,0,0,103067841.741,92110851.741,92110851.741,0,0,0,10956990,8883030,0,0,0,0,0,0,0,0,8883030,2073960,0,0,0,0,0,0,0,0,2073960,0,0,0,0,0,0,0,0,0,0
158,4358,ООО «РСХБ-Страхование жизни»,Москва,10,0,10,10,0,0,0,0,0,0,0,0,0,0,0,0,0,0,0,0,0,0,0,0,0,0,0,0,0,0,0,0,0,0,0,0,0,0,0,0,0,0,0
159,2890,ООО ВТБ МС,Москва,119010,0,0,0,0,0,119010,119010,0,0,0,119010,0,0,0,0,0,0,0,0,0,0,0,0,0,0,0,0,0,0,0,0,0,0,0,0,0,0,0,0,0,0,0
160,3954,"ООО РСО  ""ЕВРОИНС""",Смоленск,115473223.1932,0,0,0,0,0,115473223.1932,4005831.48056,1821343.53943,0,0,2184487.94113,111467391.71264,53261870.85468,432922.176,0,0,2330.234,50222210.63412,15034.5,0,1402225.8361,1187147.47446,4841699.24411,4200,4200,0,0,0,4000,0,366104.03101,3905004.6231,562390.59,0,53363821.61385,0,0,0,0,0,0,0
161,3767,"ООО СК ""АСКОР""",Москва,859286.48915,0,0,0,0,0,859286.48915,539534.77076,539534.77076,0,0,0,319751.71839,170428.91839,70059.14408,0,0,0,100369.77431,0,0,0,0,149322.8,0,0,0,0,0,0,0,0,149322.8,0,0,0,0,0,0,0,0,0,0
162,3398,"ООО СК ""ВТБ Страхование""",Москва,533539085891.538,106138144.11291,0,0,0,0,456542570546.927,452770989653.991,451995495633.677,0,0,775494020.31394,3771580892.93564,3170655150.16885,3008567.49681,4759464.76225,23071043.48104,7585510.7777,458861008.12301,0,0,1502734426.43539,1170635129.09265,318129984.39768,584950,581950,0,0,39242374.51,2000,17500,97479501.42317,179922977.14657,880681.31794,13150,282782608.36911,97037540.611,97037540.611,0,76899477804,70707500,76828770304,0
163,3870,"ООО СК ""ДЕЛО ЖИЗНИ""",Москва,1282988.008,0,153809.097,153809.097,0,0,1129178.911,1129178.911,1129178.911,0,0,0,0,0,0,0,0,0,0,0,0,0,0,0,0,0,0,0,0,0,0,0,0,0,0,0,0,0,0,0,0,0,0
164,1363,"ООО СК ""Диамант""",Москва,700000,0,0,0,0,0,700000,0,0,0,0,0,700000,700000,0,0,0,0,700000,0,0,0,0,0,0,0,0,0,0,0,0,0,0,0,0,0,0,0,0,0,0,0,0
165,0902,"ООО СК ""Кайрос""",Петропавловск-Камчатский,0,0,0,0,0,0,0,0,0,0,0,0,0,0,0,0,0,0,0,0,0,0,0,0,0,0,0,0,0,0,0,0,0,0,0,0,0,0,0,0,0,0,0
166,1867,"ООО СК ""Коместра-Томь""",Томск,14544270.31571,0,0,0,0,0,14544270.31571,11149573,569728,0,0,10579845,3394697.31571,3221267.89271,2196027.579,0,0,0,47907.51814,0,0,547584.17383,429748.62174,173429.423,6300,6300,0,0,0,0,0,7000,88639,71490.423,0,0,0,0,0,0,0,0,0
167,3847,"ООО СК ""Независимая страховая группа""",Москва,385249290.08535,12720,0,0,0,0,381554290.08535,119896307.6905,191569.2665,0,0,119704738.424,261657982.39485,205858063.7165,129099.066,0,75694455.73133,0,118943996.93764,0,0,10777457.98153,313054,55799918.67835,9460,9460,0,0,54115432.6,0,0,0,1675026.07835,0,0,0,0,0,0,3695000,3695000,0,0
168,0326,"ООО СК ""Орбита""",Москва,2788127.57717,0,0,0,0,0,2788127.57717,2112.5,1700,0,0,412.5,2786015.07717,209384.21464,16215,0,0,0,59526.4,0,0,133642.81464,0,2193682.05024,0,0,0,0,0,0,0,1743551.49865,34000,416130.55159,270000,112948.81229,0,0,0,0,0,0,0
169,3268,"ООО СК ""Паритет-СК""",Москва,10765007305.387,59600,0,0,0,0,7432505.387,2658493.012,2433514.097,0,0,224978.915,4774012.375,4024676.128,454972.194,0,0,0,1309671.921,0,0,2215417.813,44614.2,644120.494,24000,24000,0,0,0,0,0,10590,609530.494,0,0,105215.753,0,0,0,10757574800,250000,10757324800,0
170,0013,"ООО СК ""РЕСО-Шанс""",Москва,0,0,0,0,0,0,0,0,0,0,0,0,0,0,0,0,0,0,0,0,0,0,0,0,0,0,0,0,0,0,0,0,0,0,0,0,0,0,0,0,0,0,0
171,4331,"ООО СК ""Сбербанк страхование""",Москва,2133661634.4641,0,0,0,0,0,2133661634.4641,1195572015.743,3935388.127,0,0,1191636627.616,938089618.7211,650232721.08249,0,0,0,0,524275.3198,68842.68787,0,69713308.56058,579926294.51424,108126568.93939,0,0,0,0,0,0,0,0,108126568.93939,0,1080608.108,178649720.59122,0,0,0,0,0,0,0
172,3511,"ООО СК ""Согласие-Вита""",Москва,2903837.21432,21050,2267940.41832,2267940.41832,0,0,635896.796,635896.796,635896.796,0,0,0,0,0,0,0,0,0,0,0,0,0,0,0,0,0,0,0,0,0,0,0,0,0,0,0,0,0,0,0,0,0,0
173,1623,"ООО СК ""Тюмень-Полис""",Тюмень,10841461.14163,0,0,0,0,0,10841461.14163,3802387.658,3802387.658,0,0,0,7039073.48363,4908899.74163,183296.38765,0,0,0,0,0,0,962194.52949,3763408.82449,400,0,0,0,0,0,0,0,0,400,0,0,2129773.742,0,0,0,0,0,0,0
174,0667,"ООО СК ""УРАЛСИБ СТРАХОВАНИЕ""",Москва,134273108.05427,4382338.54274,0,0,0,0,134273108.05427,32352858.85902,13640626.37502,0,0,18712232.484,101920249.19525,92110172.81774,9540,0,0,0,65773538.75919,0,0,5186112.8641,21140981.19445,9785079.2624,0,0,0,0,0,0,0,1308117.0524,8385469.312,91492.898,0,24997.11511,0,0,0,0,0,0,0
175,4001,"ООО СК ""Чулпан-Жизнь""",Альметьевск,294088.738,0,189481.554,185012.054,0,4469.5,104607.184,104607.184,104607.184,0,0,0,0,0,0,0,0,0,0,0,0,0,0,0,0,0,0,0,0,0,0,0,0,0,0,0,0,0,0,0,0,0,0
176,3543,"ООО СК ""Экип""",Москва,2817639,0,0,0,0,0,2817639,431298,405679,0,0,25619,2386341,2122117,767178,0,0,0,13644,0,0,1118409,222886,264224,80251,80251,0,0,0,0,0,8000,134473,41500,0,0,0,0,0,0,0,0,0
177,0758,"ООО СМК ""АСТРА-МЕТАЛЛ""",Магнитогорск,8898100.283,0,0,0,0,0,8898100.283,8898100.283,0,0,0,8898100.283,0,0,0,0,0,0,0,0,0,0,0,0,0,0,0,0,0,0,0,0,0,0,0,0,0,0,0,0,0,0,0
178,3313,"ООО СМК ""УГМК-Медицина""",Екатеринбург,453200.08202,132793.11924,0,0,0,0,453200.08202,453200.08202,0,0,0,453200.08202,0,0,0,0,0,0,0,0,0,0,0,0,0,0,0,0,0,0,0,0,0,0,0,0,0,0,0,0,0,0,0
179,1457,"ООО СМК ""Урал-Рецепт М""",Екатеринбург,1968.912,0,0,0,0,0,1968.912,1968.912,0,0,0,1968.912,0,0,0,0,0,0,0,0,0,0,0,0,0,0,0,0,0,0,0,0,0,0,0,0,0,0,0,0,0,0,0
180,3957,"ООО СМО ""Чулпан-Мед""",Альметьевск,19317.587,0,0,0,0,0,19317.587,19317.587,0,0,0,19317.587,0,0,0,0,0,0,0,0,0,0,0,0,0,0,0,0,0,0,0,0,0,0,0,0,0,0,0,0,0,0,0
181,3572,"ООО СО ""Акцепт""",Кинель,1309393.37832,0,0,0,0,0,1309393.37832,801314.74064,801314.74064,0,0,0,508078.63768,508078.63768,508078.63768,0,0,0,0,0,0,0,0,0,0,0,0,0,0,0,0,0,0,0,0,0,0,0,0,0,0,0,0
182,3245,"ООО СО ""ВЕРНА""",Краснодар,22300667.55733,0,0,0,0,0,22300667.55733,12514203.67037,9848623.49856,0,0,2665580.17181,9786463.88696,4500391.26578,172920.643,0,0,0,96147.7689,73725.6,0,3056067.86303,1101529.39085,5061242.94269,60800,60800,0,0,0,0,0,479710,311118.59917,4209614.34352,946.72073,223882.95776,0,0,0,0,0,0,0
183,2397,"ООО СО ""Геополис""",Москва,1661821.37764,0,0,0,0,0,1661821.37764,24325,3436,0,0,20889,1637496.37764,1474378.31624,761452.95324,0,0,0,0,0,0,344704.046,368221.317,163118.0614,143038.0614,143038.0614,0,0,0,0,0,0,20080,0,0,0,0,0,0,0,0,0,0
184,1643,"ООО СПК ""Юнити Ре""",Москва,0,0,0,0,0,0,0,0,0,0,0,0,0,0,0,0,0,0,0,0,0,0,0,0,0,0,0,0,0,0,0,0,0,0,0,0,0,0,0,0,0,0,0
185,0397,"ООО Страховая Компания  ""Гелиос""",Москва,99111951.39913,0,0,0,0,0,96506951.39913,61372865.3547,48041776.1977,0,0,13331089.157,35134086.04443,26426303.71304,850778.90862,0,6840,205467.6,6921367.28532,0,0,6169264.079,12272585.8401,7667305.10476,2717980.5,2717980.5,0,0,10990,2000,3000,2180,4921154.60476,10000,0,1040477.22663,0,0,0,2605000,2605000,0,0
186,1834,"ПАО ""САК ""ЭНЕРГОГАРАНТ""",Москва,156479401810.933,56679259.22161,0,0,0,0,550554435.93347,303940888.45985,231325376.53808,570000,0,72615511.92177,246613547.47362,215731051.51423,18616668.44871,53152.62203,256289.85,22490.22,16069885.97528,968921.01842,0,151111213.60165,28632429.77814,27180552.69047,4622250,4611050,0,0,0,58932,303598.9,643931,21336859.95855,214980.83192,702605.32712,2999337.9418,0,0,0,155928847375,41725000,155887122375,0
187,2243,"ПАО ""СК ЮЖУРАЛ-АСКО""",Челябинск,42991451.80583,0,0,0,0,0,42991451.80583,19962489.66656,9491297.86656,0,0,10471191.8,23028962.13927,22632835.07927,15274600.107,0,0,0,315525.76102,0,0,3147162.72496,3895546.48629,396127.06,52440,52440,0,0,0,0,0,1300,342387.06,0,0,0,0,0,0,0,0,0,0
188,0319,"ПАО ""Страховая группа ""ХОСКА""",Хабаровск,14596220.394,107793,0,0,0,0,14596220.394,5760190.489,5635826.289,0,0,124364.2,8836029.905,7472469.993,252590.051,0,0,570876.313,2394874.918,0,0,4174552.425,79576.286,1170317.932,146400,146400,0,0,0,49637.432,0,0,908620.5,65660,0,193241.98,0,0,0,0,0,0,0
189,0001,"ПАО СК ""Росгосстрах""",Люберцы,469322830905.917,457808350.82599,0,0,0,0,2077378633.91697,1238512862.18763,422234464.37301,0,0,816278397.81462,838865771.72934,762135912.58059,77154234.7907,32298401.47989,10118079.98661,5178510.58084,23435975.26321,1152511.28061,154429.128,220458965.95433,392339233.2444,73294494.05722,8728503.29512,8728503.29512,0,0,45624,26538377.9438,931194.06388,578537.225,36417260.14889,54997.38053,0,3435365.09153,0,0,0,467245452272,170660000,467074792272,0
190,4348,"ПК ""НОМПОВС""",Тюмень,6000,0,0,0,0,0,6000,0,0,0,0,0,6000,0,0,0,0,0,0,0,0,0,0,6000,0,0,0,0,0,0,0,0,6000,0,0,0,0,0,0,0,0,0,0
191,0621,"САО ""ВСК""",Москва,424480710114.745,83376893.47203,0,0,0,0,9363062389.74548,5236284874.85984,3928826334.05182,0,0,1307458540.80802,4126777514.88564,3412661193.4503,128797110.26229,13398228.73406,238744900.69506,20195854.669,1423144994.98616,3649233.84138,460200.818,1302821604.60136,281909265.66099,654403821.19524,21691965.4391,21691965.4391,0,10000,380914690.0412,475046,49176555.23923,33743243.41102,118997449.08856,49394871.97613,13914895.44433,45797604.79577,0,0,0,415117647725,172085000,414945562725,0
192,0448,"САО ""ГЕОПОЛИС""",Москва,38919.92,0,0,0,0,0,38919.92,38919.92,0,0,0,38919.92,0,0,0,0,0,0,0,0,0,0,0,0,0,0,0,0,0,0,0,0,0,0,0,0,0,0,0,0,0,0,0
193,4246,"САО ""Кристалл""",Москва,520000,0,0,0,0,0,520000,0,0,0,0,0,520000,0,0,0,0,0,0,0,0,0,0,520000,0,0,0,0,0,0,0,520000,0,0,0,0,0,0,0,0,0,0,0
194,0348,"САО ""ЛЕКСГАРАНТ""",Москва,99726161.18559,0,0,0,0,0,99726161.18559,67742.8716,35238.3716,0,0,32504.5,99658418.31399,1201511.25974,84737.041,0,734177.65175,0,96914.19166,0,0,188363.91603,97318.4593,40304599.845,3000,3000,0,0,39870686.625,0,0,0,161593.22,269320,0,58152307.20925,0,0,0,0,0,0,0
195,0141,"САО ""Медэкспресс""",Санкт-Петербург,52725943.51019,378000,0,0,0,0,52725943.51019,51561958.034,1474890.68,0,0,50087067.354,1163985.47619,1025885.47619,193600.1,0,0,0,71100,0,0,616176.72919,145008.647,138100,122500,122500,0,0,0,0,0,0,15600,0,0,0,0,0,0,0,0,0,0
196,2182,"САО ""Надежда""",Красноярск,145112922.68194,0,0,0,0,0,145112922.68194,135624046.93465,23447757.97965,0,0,112176288.955,9488875.74729,6887127.55962,4729383.1207,0,0,0,245659.06353,0,0,616488.3477,1295597.02769,359626.1728,21350,21350,0,0,0,12000,1100,140,319536.1728,5500,0,2242122.01487,0,0,0,0,0,0,0
197,0177,САО ЭРГО,Москва,588524303.75392,14325702.67,0,0,0,0,588524303.75392,287751660.06627,286976591.38627,0,0,775068.68,300772643.68765,201634106.31653,25985491.04101,0,0,1500,29067124.63167,0,0,136101287.60974,10478703.03411,31005805.18623,848400,848400,0,0,0,0,0,2548932.746,27608472.44023,0,66804193.452,1328538.73289,0,0,0,0,0,0,0
198,1372,"СМК ""АСТРАМЕД-МС"" (АО)",Екатеринбург,204.75,0,0,0,0,0,204.75,204.75,0,0,0,204.75,0,0,0,0,0,0,0,0,0,0,0,0,0,0,0,0,0,0,0,0,0,0,0,0,0,0,0,0,0,0,0
199,0928,"СПАО ""Ингосстрах""",Москва,582619657284.737,974052168.65518,0,0,0,0,6851980004.73719,994551687.61701,118160938.52149,1632000,0,876390749.09552,5857428317.12018,2569390709.98183,144388009.51711,26560797.33872,42138730.26343,85553588.25649,974896411.41224,326031.67111,0,830856447.15236,464670694.37037,3110797554.47981,124718141.05415,124718141.05415,0,0,762314385.875,2103642418.095,3013570.93857,21335056.6071,95680810.07035,93171.83964,1285105.66778,175954946.99076,0,0,0,575767677280,104120000,575663557280,0
200,1209,"СПАО ""РЕСО-Гарантия""",Москва,52071171725.2916,141111511.36478,0,0,0,0,6533056775.29165,3702812684.90132,172098935.4624,1228000,0,3530713749.43892,2830244090.39033,2266516502.53382,139359375.25571,21255838.72106,0,0,575962502.72846,8011.5835,0,1104084131.79204,425846642.45305,254256407.80683,83219884.58752,83219884.58752,0,6735580,0,0,3327812.84466,66085835.61634,94630401.41831,256893.34,285161126.65518,24310053.3945,0,0,0,45538114950,110565000,45427549950,0
201,3859,"ООО ""СК ""Аллега""",Симферополь,0,0,0,0,0,0,0,0,0,0,0,0,0,0,0,0,0,0,0,0,0,0,0,0,0,0,0,0,0,0,0,0,0,0,0,0,0,0,0,0,0,0,0
202,2682,"ООО СК ""ПРОФСОДРУЖЕСТВО""",Москва,0,0,0,0,0,0,0,0,0,0,0,0,0,0,0,0,0,0,0,0,0,0,0,0,0,0,0,0,0,0,0,0,0,0,0,0,0,0,0,0,0,0,0
203,4169,"НКО ПОВС ""ГарантИнвест""",Москва,0,0,0,0,0,0,0,0,0,0,0,0,0,0,0,0,0,0,0,0,0,0,0,0,0,0,0,0,0,0,0,0,0,0,0,0,0,0,0,0,0,0,0
204,4323,НКО  ОВСС,Москва,0,0,0,0,0,0,0,0,0,0,0,0,0,0,0,0,0,0,0,0,0,0,0,0,0,0,0,0,0,0,0,0,0,0,0,0,0,0,0,0,0,0,0
в том числе:,,,,20098059218.2553,Х,485570841.67423,485288566.12512,Х,282275.54911,19612488376.5811,11906909928.7385,8007876602.19826,Х,Х,3899033326.54023,7705578447.8426,5941799515.10743,643970212.20078,0,748675.076,775008.38682,4928656.63687,644264.68757,0,Х,5290732698.11939,448531367.20971,93673246.99256,92730046.99256,0,0,2900134.856,62013.094,Х,Х,333256288.85105,18639683.4161,Х,1315247565.52546,0,Х,Х,0,Х,Х,Х
по договорам страхования с физическими лицами,,,,,,,,,,,,,,,,,,,,,,,,,,,,,,,,,,,,,,,,,,,,,,
по договорам страхования с индивидуальными предпринимателями и юридическими лицами,,,,4654822675220.49,Х,226287343.49938,226286369.09938,Х,974.4,572085382407.151,493247781857.772,466225010332.329,8060000,126260261.61,27022771525.4422,78837600549.3792,55777153764.1853,431919666.3699,634210233.72801,687602619.72575,286494021.66495,14938761496.3129,45142903.48711,10464765.18969,38485902364.6182,267120458.27848,17184471146.2264,450292514.71857,450278314.71857,0,6845580,5844785720.36482,7499678063.46518,156702530.49934,425212033.41579,2374179720.94757,426774982.81516,3782269959.87777,2093705679.08963,7729414773.84434,7729414773.84434,Х,4074781590696,1387860500,4073393730196,Х
