"Сведения о страховых премиях (взносах) по договорам страхования, заключенным при участии посредников (кроме договоров страхования, заключенных путем обмена информацией в электронной форме), тыс руб.",Unnamed: 1,Unnamed: 2,Unnamed: 3,Unnamed: 4,Unnamed: 5,Unnamed: 6,Unnamed: 7,Unnamed: 8,Unnamed: 9,Unnamed: 10,Unnamed: 11,Unnamed: 12,Unnamed: 13,Unnamed: 14,Unnamed: 15,Unnamed: 16,Unnamed: 17,Unnamed: 18,Unnamed: 19,Unnamed: 20,Unnamed: 21,Unnamed: 22,Unnamed: 23,Unnamed: 24,Unnamed: 25,Unnamed: 26,Unnamed: 27,Unnamed: 28,Unnamed: 29,Unnamed: 30,Unnamed: 31,Unnamed: 32,Unnamed: 33,Unnamed: 34,Unnamed: 35,Unnamed: 36,Unnamed: 37,Unnamed: 38,Unnamed: 39,Unnamed: 40,Unnamed: 41,Unnamed: 42,Unnamed: 43,Unnamed: 44,Unnamed: 45,Unnamed: 46,Unnamed: 47,Unnamed: 48,Unnamed: 49,Unnamed: 50,Unnamed: 51,Unnamed: 52,Unnamed: 53,Unnamed: 54,Unnamed: 55,Unnamed: 56,Unnamed: 57,Unnamed: 58,Unnamed: 59,Unnamed: 60,Unnamed: 61,Unnamed: 62,Unnamed: 63,Unnamed: 64
,,,,,,,,,,,,,,,,,,,,,,,,,,,,,,,,,,,,,,,,,,,,,,,,,,,,,,,,,,,,,,,,
Дата составления отчета: 05.11.2024,,,,,,,,,,,,,,,,,,,,,,,,,,,,,,,,,,,,,,,,,,,,,,,,,,,,,,,,,,,,,,,,
Отчетный период: январь-сентябрь 2024 г.,,,,,,,,,,,,,,,,,,,,,,,,,,,,,,,,,,,,,,,,,,,,,,,,,,,,,,,,,,,,,,,,
Регистрационный номер записи страховщика в едином государственном реестре субъектов страхового дела,Полное наименование страховщика,Всего*,Добровольное страхование жизни (кроме пенсионного страхования),,,,,,,,,,,,,,,,,,,,,,,,,,,Добровольное пенсионное страхование,,,Добровольное личное страхование (кроме страхования жизни),,,,,Добровольное имущественное страхование,,,,,,,,,,,,,,,,,,,,,,Обязательное государственное страхование жизни и здоровья военнослужащих и приравненных к ним в обязательном государственном страховании лиц*,Обязательное страхование гражданской ответственности владельцев транспортных средств,Обязательное страхование гражданской ответственности владельца опасного объекта за причинение вреда в результате аварии на опасном объекте,"Обязательное страхование гражданской ответственности перевозчика за причинение вреда жизни, здоровью, имуществу пассажиров","Иной вид обязательного страхования, предусмотренный федеральным законом о нем"
,,,Всего,"Добровольное страхование жизни на случай смерти, дожития до определенного возраста или срока либо наступления иного события",,,,,,,,,,,,,"Добровольное страхование жизни с условием периодических страховых выплат (ренты, аннуитетов) и (или) с участием страхователя в инвестиционном доходе страховщика",,,,,,,,,,,,,Всего,Добровольное пенсионное страхование с единовременной уплатой страховой премии,Добровольное пенсионное страхование с уплатой страховой премии в рассрочку,Всего,Добровольное страхование от несчастных случаев и болезней,,,Добровольное медицинское страхование,Всего,Добровольное страхование имущества,,,,,,,,,,Добровольное страхование гражданской ответственности,,,,,,,,,Добровольное страхование предпринимательских рисков,Добровольное страхование финансовых рисков,,,,,
,,,,Всего,"Добровольное страхование жизни на случай смерти, дожития до определенного возраста или срока либо наступления иного события с единовременной уплатой страховой премии",,,,,,"Добровольное страхование жизни на случай смерти, дожития до определенного возраста или срока либо наступления иного события с уплатой страховой премии в рассрочку",,,,,,Всего,"Добровольное страхование жизни с условием периодических страховых выплат (ренты, аннуитетов) и (или) с участием страхователя в инвестиционном доходе страховщика с единовременной уплатой страховой премии",,,,,,"Добровольное страхование жизни с условием периодических страховых выплат (ренты, аннуитетов) и (или) с участием страхователя в инвестиционном доходе страховщика с уплатой страховой премии в рассрочку",,,,,,,,,,Всего,"Добровольное страхование от несчастных случаев и болезней пациентов, участвующих в клинических исследованиях лекарственного препарата для медицинского применения",Добровольное страхование от несчастных случаев и болезней работников налоговых органов,,,Всего,Добровольное страхование средств наземного транспорта (кроме средств железнодорожного транспорта),Добровольное страхование средств железнодорожного транспорта,Добровольное страхование средств воздушного транспорта,Добровольное страхование средств водного транспорта,Добровольное страхование грузов,Добровольное сельскохозяйственное страхование,,"Добровольное страхование имущества юридических лиц (кроме транспортных средств, грузов и сельскохозяйственного страхования)","Добровольное страхование имущества граждан (кроме транспортных средств, грузов и сельскохозяйственного страхования)",Всего,Добровольное страхование гражданской ответственности владельцев средств наземного транспорта (кроме средств железнодорожного транспорта),Добровольное страхование гражданской ответственности владельцев средств железнодорожного транспорта,Добровольное страхование гражданской ответственности владельцев средств воздушного транспорта,Добровольное страхование гражданской ответственности владельцев средств водного транспорта,"Добровольное страхование гражданской ответственности организаций, эксплуатирующих опасные объекты","Добровольное страхование гражданской ответственности за причинение вреда вследствие недостатков товаров, работ, услуг",Добровольное страхование гражданской ответственности за причинение вреда третьим лицам,Добровольное страхование гражданской ответственности за неисполнение или ненадлежащее исполнение обязательств по договору,,,,,,,
,,,,,Всего,Инвестиционное страхование жизни,Кредитное страхование жизни,Накопительное страхование жизни,Рисковое страхование жизни,Прочее страхование жизни,Всего,Инвестиционное страхование жизни,Кредитное страхование жизни,Накопительное страхование жизни,Рисковое страхование жизни,Прочее страхование жизни,,Всего,Инвестиционное страхование жизни,Кредитное страхование жизни,Накопительное страхование жизни,Рисковое страхование жизни,Прочее страхование жизни,Всего,Инвестиционное страхование жизни,Кредитное страхование жизни,Накопительное страхование жизни,Рисковое страхование жизни,Прочее страхование жизни,,,,,,,,,,,,,,,,Всего,"Добровольное сельскохозяйственное страхование, осуществляемое с государственной поддержкой",,,,,,,,,,,,,,,,,,
ИТОГО:,,1585479757.9496105,910260940.6933601,658401786.6240196,591724029.19748,21103080.83941,25929080.1152,542866261.11268,1700689.02265,124918.10754000001,62398383.99317,389808.18717000005,4000027.69638,55740681.13879001,468016.10594000004,1799850.8648899999,254711754.23723,234014282.58038,206961261.50191,88139.91392,26823116.92909,129107.33457,12656.90089,21839366.348890003,1803116.11095,0,19667082.391440004,62974.028439999995,306193.81806,1246625.3620100003,6634.387,1239990.9750100002,172137920.94899005,79101215.71201,66176.39274,130.6522,93064970.57086,423805853.4409001,358563406.57219,190896912.8339001,670489.8854300001,6653195.22092,8420120.250939999,18517860.11334,5796153.18148,5275224.389180001,59320352.50136998,68326646.38931999,26748993.201260004,3522352.61328,4138.1497,1051192.80262,5405734.313119999,1254528.70585,1384964.2821000002,13548847.673809996,979336.4009900001,8442315.04588,30051138.62157001,0,76140838.5308,967837.6502600003,919741.32329,0
0001,"Публичное акционерное общество Страховая Компания ""Росгосстрах""",44872699.55744,0,0,0,0,0,0,0,0,0,0,0,0,0,0,0,0,0,0,0,0,0,0,0,,0,0,0,0,0,0,9991330.60031,7813354.59127,0,0,2177976.00904,24650777.02528,21421816.24307,9163407.14534,46657.60345,27070.2002,95775.1092,70250.1328,185077.11964,144458.90461,1131771.71706,10701807.21538,638944.5856,27971.78546,445,1397.06,74449.81861,39213.55,6706.79653,295158.25612,193602.31888,100351.12878,2489665.06783,,10102906.25751,87009.51024,40676.1641,
0141,"Страховое Акционерное Общество ""Медэкспресс""",488728.58700999996,0,0,0,0,0,0,0,0,0,0,0,0,0,0,0,0,0,0,0,0,0,0,0,,0,0,0,0,0,0,478579.52835,8719.81366,0,0,469859.71469,8297.27135,7861.29858,5061.96873,0,0,0,0,0,0,1698.98292,1100.34693,435.97277,192.277,0,0,0,0,0,243.69577,0,0,0,,1851.78731,0,0,
0191,"Акционерное общество ""Т-Страхование""",4137341.6203300003,0,0,0,0,0,0,0,0,0,0,0,0,0,0,0,0,0,0,0,0,0,0,0,,0,0,0,0,0,0,1287705.58826,1287705.58826,0,0,0,2849636.03207,2680937.82375,2535792.52774,0,0,0,0,0,0,0,145145.29601,2211.06092,2094.12192,0,0,0,0,0,116.939,0,0,166487.1474,,0,0,0,
0206,"Акционерное общество ""Страховая Компания ""СОЛИДАРНОСТЬ""",495454.77334,0,0,0,0,0,0,0,0,0,0,0,0,0,0,0,0,0,0,0,0,0,0,0,,0,0,0,0,0,0,424153.08064,11785.87989,0,0,419198.41057,71301.6927,63170.87163,17415.05137,0,1031.51834,0,771.36287,0,0,34045.23236,20355.24158,7391.37107,0,0,8.8088,0,0,552.20051,5175.07768,3808,0,739.45,,0,0,0,
0212,"Акционерное общество Страховая компания ""Турикум""",320490.37544,0,0,0,0,0,0,0,0,0,0,0,0,0,0,0,0,0,0,0,0,0,0,0,,0,0,0,0,0,0,0,0,0,0,0,320490.37544,234300.11741,0,0,0,0,65673.30712,0,0,184799.29081,0,53968.12339,0,0,0,0,0,28328.11915,26317.50424,0,27071.96864,5150.166,,0,0,0,
0290,"Акционерное общество ""Зетта Страхование""",764680.74336,0,0,0,0,0,0,0,0,0,0,0,0,0,0,0,0,0,0,0,0,0,0,0,,0,0,0,0,0,0,81442.1366,63558.54661,829.15948,0,17883.58999,680701.96531,544165.25654,133766.7788,43.075,0,0,104359.38724,1994.29267,0,173070.70816,130931.01467,123223.71937,976.58953,0,0,0,6082.52114,13905.12602,100390.26727,1869.21541,703.0923,12609.8971,,0,1810.97863,725.66282,
0348,"Страховое акционерное общество ""ЛЕКСГАРАНТ""",38577.450710000005,0,0,0,0,0,0,0,0,0,0,0,0,0,0,0,0,0,0,0,0,0,0,0,,0,0,0,0,0,0,35672.9,0,0,0,35672.9,2904.55071,0,0,0,0,0,0,0,0,0,0,192.43,0,0,0,0,0,0,0,192.43,0,2712.12071,,0,0,0,
0397,"Общество с ограниченной ответственностью Страховая Компания ""Гелиос""",1330707.19458,0,0,0,0,0,0,0,0,0,0,0,0,0,0,0,0,0,0,0,0,0,0,0,,0,0,0,0,0,0,203792.99156,130827.98616,0,0,72965.0054,598097.64731,523540.52411,249589.80866,0,0,0,32491.54884,0,0,219861.17089,21597.99572,60085.68555,109.881,0,77.11,3111.5945,0,520.05,55664.55005,602.5,0,14471.43765,,528816.55571,0,0,
0436,"Общество с ограниченной ответственностью ""АМТ Страхование""",928677.3899000001,0,0,0,0,0,0,0,0,0,0,0,0,0,0,0,0,0,0,0,0,0,0,0,,0,0,0,0,0,0,481414.42341,480807.24841,0,0,607.175,447262.96649,340632.73321,0,0,7.68468,60743.91246,12239.70032,534.2372,0,124402.34931,142704.84924,68368.08458,0,0,24,39742.47755,0,5525.077,23076.53003,0,0,38262.1487,,0,0,0,
0448,"Страховое Акционерное Общество ""Геополис""",1486.9,0,0,0,0,0,0,0,0,0,0,0,0,0,0,0,0,0,0,0,0,0,0,0,,0,0,0,0,0,0,1486.9,0,0,0,1486.9,0,0,0,0,0,0,0,0,0,0,0,0,0,0,0,0,0,0,0,0,0,0,,0,0,0,
0518,"Акционерное общество Страховая компания ""БАСК""",143052.5025,0,0,0,0,0,0,0,0,0,0,0,0,0,0,0,0,0,0,0,0,0,0,0,,0,0,0,0,0,0,5466.57605,1435.90605,0,0,4030.67,8403.97377,8362.23311,7213.42046,0,0,0,0,0,0,96.164,1052.64865,41.74066,0,0,0,0,0,0,41.74066,0,0,0,,128758.10518,423.8475,0,
0585,"Общество с ограниченной ответственностью ""Страховая фирма ""Адонис""",169546.54822,0,0,0,0,0,0,0,0,0,0,0,0,0,0,0,0,0,0,0,0,0,0,0,,0,0,0,0,0,0,20447.45565,18605.90249,0,0,1841.55316,66573.63122,66046.02738,22219.38808,0,0,0,27.65512,499.11948,0,6654.34479,36645.51991,255.60384,43.29384,0,0,0,0,0,212.31,0,0,272,,82525.46135,0,0,
0621,"Страховое акционерное общество ""ВСК""",66204290.86994,0,0,0,0,0,0,0,0,0,0,0,0,0,0,0,0,0,0,0,0,0,0,0,,0,0,0,0,0,0,11166478.35188,5975781.56381,910.02275,0,5190696.78807,50789506.48877,43364247.61429,23593755.16074,75971.6338,533358.96089,1106970.99608,2493631.08442,305052.35372,274133.87178,7204622.09688,8050885.32776,2432135.25414,288890.03755,42.5,31972.29939,945664.61817,58863.45844,73681.68221,1022012.8703,11007.78808,645331.97284,4347791.6475,,3975542.83597,169346.11422,103417.0791,
0630,"Акционерное общество ""Страховая компания ГАЙДЕ""",3261789.7962099994,0,0,0,0,0,0,0,0,0,0,0,0,0,0,0,0,0,0,0,0,0,0,0,,0,0,0,0,0,0,317575.01138,141820.4624,0,0,175754.54898,1521383.45149,1444918.96107,1007765.22361,2430.6705,0,7119.04839,320065.19491,0,0,50001.59981,57537.22385,32157.1215,2033.52577,0,0,0,0,192.5,19571.59573,10359.5,0,44307.36892,,1378894.31411,16825.23555,27111.78368,
0915,"Акционерное общество ""Страховая компания ""ПАРИ""",4680274.119299999,0,0,0,0,0,0,0,0,0,0,0,0,0,0,0,0,0,0,0,0,0,0,0,,0,0,0,0,0,0,890968.7331,415143.66717,0,0,475825.06593,3769286.16648,3574541.91672,353118.26759,1066.38266,6074.69467,7494.73724,2220986.52732,0,0,682969.30279,302832.00445,146294.45333,5835.45079,0,416.767,7541.63588,7595.92071,6026.3336,117135.92535,1742.42,986.3549,47463.44153,,12817.74439,3815.22077,3386.25456,
0928,"Страховое публичное акционерное общество ""Ингосстрах""",75494962.16994,0,0,0,0,0,0,0,0,0,0,0,0,0,0,0,0,0,0,0,0,0,0,0,,0,0,0,0,0,0,10856094.04199,3882696.14932,-408.16947,0,6973397.89267,54620010.85968,46665554.36731,28128695.68805,51647.01895,921228.7182,2337329.42508,4697604.23457,158865.36246,136837.53364,7372434.33439,2997749.58561,4452827.96003,520073.56025,0,260743.2252,1780389.84276,164054.16623,536318.52663,1186314.56364,4934.07532,79874.89843,3421753.63391,,9577759.33678,191682.29441,249415.63708,
1182,"Общество с ограниченной ответственностью ""Страховая компания ""ТИТ""",1319290.24097,0,0,0,0,0,0,0,0,0,0,0,0,0,0,0,0,0,0,0,0,0,0,0,,0,0,0,0,0,0,641233.68445,263602.79929,0,0,377630.88516,678056.55652,492983.25892,271044.02428,0,31695.733,2753.792,38209.43578,0,0,87329.93947,61950.33439,152639.67821,914.837,0,28103.27477,0,0,116744.45394,0,6877.1125,0,32433.61939,,0,0,0,
1208,"Акционерное общество ""Страховое общество газовой промышленности""",72520937.79583,0,0,0,0,0,0,0,0,0,0,0,0,0,0,0,0,0,0,0,0,0,0,0,,0,0,0,0,0,0,16393544.64465,7063188.1144,0,0,9330356.53025,52932038.53958,46004073.75297,14571445.8208,203405.96788,3956114.66981,672208.77631,675557.85094,23159.33452,14370.19481,22879382.80383,3022798.52888,2769783.98653,191838.29807,0,376685.35513,311039.82569,377340.36418,120173.99051,1384745.99085,7960.1621,2652493.51298,1505687.2871,,2992554.63682,43531.83376,159268.14102,
1209,"Страховое акционерное общество ""РЕСО-Гарантия""",83315895.31967999,3263.31181,3106.40471,0,0,0,0,0,0,3106.40471,0,-43.99705,3150.40176,0,0,156.9071,0,0,0,0,0,0,156.9071,0,,156.9071,0,0,0,0,0,23640069.5449,6366843.69274,4509.13325,0,17273225.85216,39650888.87498,36314834.9873,27379096.29385,16042.53678,0,0,919483.95387,4514.04173,2514.83652,2948692.22058,5047005.94049,1404032.52141,496501.96433,3.92489,75.23295,989.3904,193055.36221,43673.97396,579461.68088,90270.99179,83345.16857,1848676.1977,,19786220.83736,183699.41803,51753.3326,
1216,"Акционерное общество Страховая компания ""Чулпан""",209033.13134000002,0,0,0,0,0,0,0,0,0,0,0,0,0,0,0,0,0,0,0,0,0,0,0,,0,0,0,0,0,0,31187.49692,6957.58405,0,0,24229.91287,174406.51316,171934.76159,75538.75024,0,0,178.75,63937.01442,617.6744,0,12669.59451,18992.97802,2438.86408,149.11715,0,0,434.2868,17.84,0,1837.62013,0,0,32.88749,,289.47414,2547.4773,602.16982,
1284,"Публичное акционерное общество ""Группа Ренессанс Страхование""",26505851.975219995,0,0,0,0,0,0,0,0,0,0,0,0,0,0,0,0,0,0,0,0,0,0,0,,0,0,0,0,0,0,5773913.18303,2430484.33864,0,0,3343428.84439,17806211.76358,15073068.42734,13560953.8184,839.16686,0,59408.5601,60380.59353,0,0,173591.66697,1217894.62148,214556.14844,139215.8192,0,0,187.48272,0,4685.71464,70467.13188,0,0,2518587.1878,,2877139.09797,14169.22212,34418.70852,
1307,"Общество с ограниченной ответственностью ""Страховая Компания ""Согласие""",22875534.061380003,0,0,0,0,0,0,0,0,0,0,0,0,0,0,0,0,0,0,0,0,0,0,0,,0,0,0,0,0,0,2127930.5928,1078620.35785,0,0,1049310.23495,20199353.97122,17187447.87559,12759951.24578,20521.66078,41745.94051,694745.143,961595.04765,730715.18757,695399.44229,1441599.08395,536574.56635,1147579.25701,272030.28581,0,3359.79682,565898.46779,36919.25094,6751.09484,259262.93691,3357.4239,1127867.39578,736459.44284,,514651.28306,13625.79517,19972.41913,
1336,"общество с ограниченной ответственностью ""Страховая компания ""Капитал-полис""",1141840.5370399999,0,0,0,0,0,0,0,0,0,0,0,0,0,0,0,0,0,0,0,0,0,0,0,,0,0,0,0,0,0,806891.42643,3599.34724,0,0,803292.07919,334949.11061,332877.35981,118881.132,0,0,0,212054.16715,0,0,1672.3476,269.71306,346.879,95.829,0,0,0,0,0,251.05,0,0,1724.8718,,0,0,0,
1412,"Акционерное общество ""Д2 Страхование""",3045746.3312500003,0,0,0,0,0,0,0,0,0,0,0,0,0,0,0,0,0,0,0,0,0,0,0,,0,0,0,0,0,0,2363117.05091,2258660.95252,0,0,104456.09839,682629.28034,273067.81645,245715.0485,0,0,0,2001.58298,0,0,7624.24114,17726.94383,9917.31776,189,0,0,0,0,0,5373.43776,4354.88,0,399644.14613,,0,0,0,
1427,"Акционерное общество ""Московская акционерная страховая компания""",5182466.22975,0,0,0,0,0,0,0,0,0,0,0,0,0,0,0,0,0,0,0,0,0,0,0,,0,0,0,0,0,0,548042.78864,526495.65057,0,0,21547.13807,3108621.66649,1950486.1364,1721765.2374,104488.7203,686,1183.29153,3958.38266,0,0,22609.46373,95795.04078,89247.18883,24940.86191,0,46,660.19976,28356.37067,855.22793,12216.42772,22172.10084,18785.15154,1050103.18972,,1505654.07594,5068.88697,15078.81171,
1580,Общество с ограниченной ответственностью «РБ Страхование»,446909.68255,0,0,0,0,0,0,0,0,0,0,0,0,0,0,0,0,0,0,0,0,0,0,0,,0,0,0,0,0,0,63056.1912,42222.24089,0,0,20833.95031,383853.49135,343081.85976,0,0,0,0,0,0,0,0,343081.85976,4821.65692,0,0,0,0,0,0,4821.65692,0,0,35949.97467,,0,0,0,
1587,"Акционерное общество ""Страховое общество ""Талисман""",8155.08768,0,0,0,0,0,0,0,0,0,0,0,0,0,0,0,0,0,0,0,0,0,0,0,,0,0,0,0,0,0,407.5782,407.5782,0,0,0,7747.50948,7691.69948,3552.5208,0,0,0,0,0,0,3318.80014,820.37854,55.81,0,0,0,0,0,0,0,0,0,0,,0,0,0,
1623,"Общество с ограниченной ответственностью Страховая компания ""Пульс""",72027.154,0,0,0,0,0,0,0,0,0,0,0,0,0,0,0,0,0,0,0,0,0,0,0,,0,0,0,0,0,0,46588.25919,46588.25919,0,0,0,25438.89481,17293.54456,0,0,0,0,0,0,0,0,17293.54456,3069.88,0,0,0,0,0,0,3069.88,0,0,5075.47025,,0,0,0,
1675,"Акционерное общество ""Совкомбанк страхование""",11956710.04487,0,0,0,0,0,0,0,0,0,0,0,0,0,0,0,0,0,0,0,0,0,0,0,,0,0,0,0,0,0,2623954.09962,2241501.25399,0,0,382452.84563,8914813.39565,8076195.85328,7346380.39085,1184.02438,0,0,187396.3784,0,0,359787.70544,181447.35421,346653.16901,73541.42191,0,0,0,23732.95254,3363.38216,182308.7953,63706.6171,10699.47378,481264.89958,,416321.88693,831.73045,788.93222,
1834,"Публичное акционерное общество ""Страховая акционерная компания ""ЭНЕРГОГАРАНТ""",10707380.153250001,0,0,0,0,0,0,0,0,0,0,0,0,0,0,0,0,0,0,0,0,0,0,0,,0,0,0,0,0,0,1858309.45477,1110775.33293,5914.54695,130.6522,747534.12184,7614896.27447,7187043.71531,4232615.66982,5174.86138,0,13147.20145,1112584.38347,148770.01087,139393.69922,1130399.26354,544352.32478,317213.73266,38928.28494,144,206.64917,17061.97716,25020.5175,12323.56283,219962.40655,3566.33451,35038.42033,75600.40617,,1119316.72904,66027.91424,48829.78073,
1858,"Акционерное общество Страховая компания ""Армеец""",346019.70651000005,0,0,0,0,0,0,0,0,0,0,0,0,0,0,0,0,0,0,0,0,0,0,0,,0,0,0,0,0,0,5814.47127,3828.38482,0,0,1986.08645,22494.82009,19554.74087,13961.40705,0,0,0,23.18721,0,0,598.87868,4971.26793,2941.22593,0,0,0,0,0,0,2941.22593,0,0,-1.14671,,317710.41515,0,0,
2027,"Акционерное общество ""Страховая компания ""Двадцать первый век""",1284431.88993,0,0,0,0,0,0,0,0,0,0,0,0,0,0,0,0,0,0,0,0,0,0,0,,0,0,0,0,0,0,87637.37544,33167.71744,0,0,54469.658,219961.68106,125751.50327,87945.08268,0,0,0,25429.61602,0,0,6817.40193,5559.40264,93972.11188,88994.895,0,0,0,181.50123,3386.425,1309.29065,100,0,238.06591,,976832.83343,0,0,
2031,"Общество с ограниченной ответственностью ""Медицинская страховая компания ""ИНКО-МЕД""",4672,0,0,0,0,0,0,0,0,0,0,0,0,0,0,0,0,0,0,0,0,0,0,0,,0,0,0,0,0,0,4672,0,0,0,4672,0,0,0,0,0,0,0,0,0,0,0,0,0,0,0,0,0,0,0,0,0,0,,0,0,0,
2042,"Общество с ограниченной ответственностью ""Страховая компания ""Гранта""",290233.01988,0,0,0,0,0,0,0,0,0,0,0,0,0,0,0,0,0,0,0,0,0,0,0,,0,0,0,0,0,0,24611.0979,11892.26096,0,0,12718.83694,265621.92198,241844.83736,195406.60901,1196,0,198.3875,4538.70142,0,0,20591.29657,19913.84286,15461.982,1124.94678,0,0,88.75,0,10422.36514,3037.89508,788.025,0,8315.10262,,0,0,0,
2239,"Акционерное общество ""АльфаСтрахование""",94004238.53923,0,0,0,0,0,0,0,0,0,0,0,0,0,0,0,0,0,0,0,0,0,0,0,,0,0,0,0,0,0,16101950.36057,9787938.15636,9787.93723,0,6314012.20421,68642521.01875,54438849.33637,30431538.38949,44948.1795,550297.61238,2144537.16077,1979807.04929,1721826.61307,1644130.63088,5181961.28382,12383933.04805,7185389.56877,544343.74684,0,220420.0325,1229660.19118,134947.7206,186129.66013,4854439.33158,15448.88594,722986.45386,6295295.65975,,9039455.61535,130346.1269,89965.41766,
2346,"Акционерное общество ""Объединенная страховая компания""",1210760.91548,0,0,0,0,0,0,0,0,0,0,0,0,0,0,0,0,0,0,0,0,0,0,0,,0,0,0,0,0,0,206567.30403,94403.84639,0,0,112163.45764,966221.98539,748491.99462,600600.22672,56.25,40,8797.74773,10785.05561,101,0,92720.08735,35391.62721,31076.91357,3403.45795,0,510.75412,3738.30564,18,2893.251,20485.05139,28.09347,2.5,186650.5772,,37971.62606,0,0,
2496,"Общество с ограниченной ответственностью ""Абсолют Страхование""",5083924.64406,0,0,0,0,0,0,0,0,0,0,0,0,0,0,0,0,0,0,0,0,0,0,0,,0,0,0,0,0,0,1205100.48777,669075.30976,36615.03135,0,536025.17801,3804210.32523,3079786.83039,668341.68773,271.97395,0,273743.61141,695277.86516,187946.34122,185970.80971,1010835.10153,243370.24939,644017.6286,4580.35154,729.095,527.15,284508.80746,0,147519.9301,206132.2945,20,20432.27682,59973.58942,,51379.2649,2846.31541,20388.25075,
2619,"Акционерное общество ""Страховая компания ""Астро-Волга""",3507371.57419,0,0,0,0,0,0,0,0,0,0,0,0,0,0,0,0,0,0,0,0,0,0,0,,0,0,0,0,0,0,718826.34466,651713.28578,0,0,67113.05888,1964343.05798,1266566.21635,596179.47619,0,0,1858.76017,8870.97063,4980.36242,4221.3666,177431.61104,477245.0359,634362.97079,612747.65922,0,0,592.96496,0,780.77,18404.94106,1836.63555,0,63413.87084,,813812.77851,981.4875,9407.90554,
2682,"Общество с ограниченной ответственностью ""Страховая компания ""ИНСАЙТ""",3419781.4114099997,0,0,0,0,0,0,0,0,0,0,0,0,0,0,0,0,0,0,0,0,0,0,0,,0,0,0,0,0,0,588372.95315,579719.76705,0,0,8653.1861,2668392.2062,655241.70211,654351.55545,0,0,0,0,0,0,0,1272.83766,5026.5167,5026.5167,0,0,0,0,0,0,0,0,2008123.98739,,163016.25206,0,0,
2708,Акционерное общество «Баланс Страхование»,392442.2985,0,0,0,0,0,0,0,0,0,0,0,0,0,0,0,0,0,0,0,0,0,0,0,,0,0,0,0,0,0,108.2377,108.2377,0,0,0,392334.0608,311902.12118,0,0,0,161183.92241,149277.82027,0,0,2239.69277,0,63709.5276,0,0,0,58931.71102,0,0,4570.70158,0,0,16722.41202,,0,0,0,
2733,"Акционерное общество ""Страховая компания ""Бестиншур""",118757.95988,0,0,0,0,0,0,0,0,0,0,0,0,0,0,0,0,0,0,0,0,0,0,0,,0,0,0,0,0,0,106843.26311,4895.12806,0,0,101948.13505,11914.69677,2858.81284,0,0,0,0,0,0,0,1091,1767.81284,2014.3345,0,0,0,0,0,0,2014.3345,0,0,7041.54943,,0,0,0,
2877,"Общество с ограниченной ответственностью ""Страховая компания ""Мегарусс-Д""",415383.90408,0,0,0,0,0,0,0,0,0,0,0,0,0,0,0,0,0,0,0,0,0,0,0,,0,0,0,0,0,0,260058.26823,75930.63558,0,0,184127.63265,155325.63585,155325.63585,15242.03606,0,0,0,92212.66494,0,0,47701.45477,169.48008,0,0,0,0,0,0,0,0,0,0,0,,0,0,0,
2947,"Акционерное общество ""Страховая компания ""РСХБ-Страхование""",3792599.02398,0,0,0,0,0,0,0,0,0,0,0,0,0,0,0,0,0,0,0,0,0,0,0,,0,0,0,0,0,0,809902.06812,788572.65812,0,0,22323.03,2982696.95586,2516700.79751,129364.51886,3003.98438,0,0,1307.32836,2099568.99481,1859069.76111,181576.43626,101879.53484,47492.87996,675.8,0,0,0,0,135,47846.03093,0,18327.46679,400175.8116,,0,0,0,
3064,"Акционерное общество ""Боровицкое страховое общество""",975251.70325,0,0,0,0,0,0,0,0,0,0,0,0,0,0,0,0,0,0,0,0,0,0,0,,0,0,0,0,0,0,168850.95379,68279.41002,0,0,100571.54377,186369.10401,152959.83176,127656.50477,0,0,0,7838.88439,0,0,16371.27892,1093.16368,33341.27225,68.28,0,0,0,0,5452.92108,8304.43668,19515.63449,0,68,,620031.64545,0,0,
3128,"Общество с ограниченной ответственностью ""Международная страховая компания ""АйАйСи""",172078.50842,0,0,0,0,0,0,0,0,0,0,0,0,0,0,0,0,0,0,0,0,0,0,0,,0,0,0,0,0,0,16975.86432,52.47596,0,0,62893.18,155102.6441,154866.57992,0,0,0,0,0,0,0,0,154866.57992,208.98,0,0,0,0,0,0,208.98,0,0,27.08418,,0,0,0,
3211,"Акционерное общество ""Группа страховых компаний ""Югория""",19353979.076610003,0,0,0,0,0,0,0,0,0,0,0,0,0,0,0,0,0,0,0,0,0,0,0,,0,0,0,0,0,0,2804774.99605,2166094.88489,0,0,638680.11116,7615371.88811,7156684.68668,4959965.18569,542.644,34295.36335,37672.05722,454151.44865,2052.86684,0,630653.67784,1037351.44309,258730.62945,85116.22198,82.12,9809.42967,17665.07582,27886.2019,3458.32258,90430.33008,24282.92742,7370.30405,192586.26793,,8879669.15659,22934.59253,31228.44333,
3225,"Общество с ограниченной ответственностью ""Страховая компания ИНТЕРИ""",1299069.77095,0,0,0,0,0,0,0,0,0,0,0,0,0,0,0,0,0,0,0,0,0,0,0,,0,0,0,0,0,0,22445.61669,17991.77432,0,0,4453.84237,1276624.15426,1201212.55534,1198243.33336,0,0,0,0,0,0,2969.22198,0,75411.59892,75411.59892,0,0,0,0,0,0,0,0,0,,0,0,0,
3229,"Акционерное общество ""Страховая бизнес группа""",1153132.9519200001,0,0,0,0,0,0,0,0,0,0,0,0,0,0,0,0,0,0,0,0,0,0,0,,0,0,0,0,0,0,119953.86709,26176.35292,0,0,93777.51417,1014545.26822,951753.88195,0,1140.91,38.4,0,22988.48109,0,0,926979.8414,606.24946,62691.26947,0,0,635.961,559.53154,0,7157.35,53832.58093,505.846,0,100.1168,,0,6327.75038,12306.06623,
3300,"Акционерное общество Страховая группа ""Спасские ворота""",302171.10607,0,0,0,0,0,0,0,0,0,0,0,0,0,0,0,0,0,0,0,0,0,0,0,,0,0,0,0,0,0,86927.44189,34965.42136,0,0,51962.02053,214479.14779,211469.2643,27665.46421,0,0,0,163155.36258,0,0,886.30625,19762.13126,2238.25259,0,0,0,0,0,0,2238.25259,0,0,771.6309,,764.51639,0,0,
3398,"Общество с ограниченной ответственностью Страховая компания ""Газпром страхование""",1843454.42274,0,0,0,0,0,0,0,0,0,0,0,0,0,0,0,0,0,0,0,0,0,0,0,,0,0,0,0,0,0,242523.97726,30324.08283,0,0,212199.89443,1600930.44548,1262603.3176,0,0,0,471996.35592,23826.98803,0,0,754785.49481,11994.47884,48573.69269,0,0,0,0,38620.7592,0,9952.93349,0,289734.91049,18.5247,,0,0,0,
3447,"Общество с ограниченной ответственностью ""АльфаСтрахование-Жизнь""",50514357.021970004,29355029.12069,29341770.27401,27155203.89419,13353014.36483,3849563.04303,9952626.48633,0,0,2184982.15967,0,0,2184982.15967,0,0,14843.06683,0,0,0,0,0,0,14843.06683,0,,14843.06683,0,0,0,0,0,21159327.90128,1060607.75401,0,0,20098985.16947,0,0,0,0,0,0,0,0,0,0,0,0,0,0,0,0,0,0,0,0,0,0,,0,0,0,
3507,"Общество с ограниченной ответственностью ""Хоум Кредит Страхование""",318147.56,0,0,0,0,0,0,0,0,0,0,0,0,0,0,0,0,0,0,0,0,0,0,0,,0,0,0,0,0,0,230391.38388,230391.38388,0,0,0,87756.17612,56273.74025,0,0,0,0,0,0,0,0,56273.74025,8225.68635,0,0,0,0,0,0,8225.68635,0,0,23256.74952,,0,0,0,
3511,"Общество с ограниченной ответственностью Страховая компания ""Согласие-Вита""",8484306.59114,8191920.88227,8191920.88227,7129328.62626,509586.85484,3520773.59187,3082703.11,16265.06955,0,1062592.25601,220679.61689,0,828673.88992,13238.7492,0,0,0,0,0,0,0,0,0,0,,0,0,0,0,0,0,292385.70887,2022.522,0,0,290363.18687,0,0,0,0,0,0,0,0,0,0,0,0,0,0,0,0,0,0,0,0,0,0,,0,0,0,
3528,"Общество с ограниченной ответственностью ""Страховое медицинское общество ""Спасение""",8936.981,0,0,0,0,0,0,0,0,0,0,0,0,0,0,0,0,0,0,0,0,0,0,0,,0,0,0,0,0,0,8936.981,0,0,0,8936.981,0,0,0,0,0,0,0,0,0,0,0,0,0,0,0,0,0,0,0,0,0,0,,0,0,0,
3594,"Общество с ограниченной ответственностью ""Международная Страховая Группа""",16986.18334,0,0,0,0,0,0,0,0,0,0,0,0,0,0,0,0,0,0,0,0,0,0,0,,0,0,0,0,0,0,16986.18334,12532.58334,0,0,23189.67167,0,0,0,0,0,0,0,0,0,0,0,0,0,0,0,0,0,0,0,384314.24303,0,0,,0,0,0,
3609,"Общество с ограниченной ответственностью ""ППФ Страхование жизни""",4089933.99308,3528586.87567,174540.081,10490.764,0,0,7928.515,2562.249,0,164049.317,0,0,74382.009,89667.308,0,3354046.79467,1832.77,0,0,0,0,1832.77,3352214.02467,0,,3051886.85637,0,300327.1683,514856.50335,6634.387,508222.11635,46490.61406,44627.08206,0,0,1863.532,0,0,0,0,0,0,0,0,0,0,0,0,0,0,0,0,0,0,0,0,0,0,,0,0,0,
3692,"Общество с ограниченной ответственностью Страховая компания ""Сбербанк страхование жизни""",559782946.05973,559405847.32154,367345200.55989,344496890.83648,0,445519.14364,344051371.69284,0,0,22848309.72341,0,3379143.85501,19464721.61688,4444.25152,0,192060646.76165,184748324.42049,182231905.90449,0,2516418.516,0,0,7312322.34116,0,,7312322.34116,0,0,0,0,0,377098.73819,376155.77389,0,0,942.9643,0,0,0,0,0,0,0,0,0,0,0,0,0,0,0,0,0,0,0,0,0,0,,0,0,0,
3748,"Акционерное общество ""Русский Стандарт Страхование""",5748884.51097,4866115.61456,4866115.61456,4865983.93614,-44631.14811,4192678.97723,854.39501,701889.01791,15192.6941,131.67842,0,0,131.67842,0,0,0,0,0,0,0,0,0,0,0,,0,0,0,0,0,0,882768.89641,355704.69901,0,0,527064.1974,0,0,0,0,0,0,0,0,0,0,0,0,0,0,0,0,0,0,0,0,0,0,,0,0,0,
3767,"Общество с ограниченной ответственностью Страховая компания ""АСКОР""",972823.0594,0,0,0,0,0,0,0,0,0,0,0,0,0,0,0,0,0,0,0,0,0,0,0,,0,0,0,0,0,0,351819.26254,345778.36254,0,0,6040.9,621003.79686,334247.64511,327486.08377,0,0,581.199,140.5521,0,0,5203.1978,836.61244,286541.76379,0,0,0,0,0,0,257868.76379,28673,0,214.38796,,0,0,0,
3799,Общество с ограниченной ответственностью «Страховой Дом «БСД»,985733.39506,0,0,0,0,0,0,0,0,0,0,0,0,0,0,0,0,0,0,0,0,0,0,0,,0,0,0,0,0,0,212709.83621,7428.055,0,0,205281.78121,773023.55885,59923.67318,6963.88596,0,0,0,33234.08038,0,0,17653.25066,2069.93318,690055.25106,206.42495,0,0,0,0,20,683375.48455,6453.34156,0,23044.63461,,0,0,0,
3803,"Общество с ограниченной ответственностью ""Страховая Компания Доминанта""",21.6,0,0,0,0,0,0,0,0,0,0,0,0,0,0,0,0,0,0,0,0,0,0,0,,0,0,0,0,0,0,21.6,21.6,0,0,0,0,0,0,0,0,0,0,0,0,10508.30683,0,0,0,0,0,0,0,440,8079.17309,0,0,0,,0,0,0,
3815,"Общество с ограниченной ответственностью ""СК ""Экспресс-страхование""",40412.27467,0,0,0,0,0,0,0,0,0,0,0,0,0,0,0,0,0,0,0,0,0,0,0,,0,0,0,0,0,0,0,0,0,0,0,40412.27467,0,0,0,0,0,0,0,0,0,0,5682.03445,0,0,0,0,0,0,1437.2,4244.83445,0,34730.24022,,0,0,0,
3823,"Общество с ограниченной ответственностью ""Страховая компания ""Ингосстрах-Жизнь""",20635298.85157,19761744.80894,14796752.89682,14586620.62396,0,42205.81963,14544414.80433,0,0,210132.27286,0,-31.00558,210163.27844,0,0,4964991.91212,4361749.4836,356559.14767,0,4005190.33593,0,0,603242.42852,0,,603242.42852,0,0,34079.47262,0,34079.47262,839474.57001,829883.3418,0,0,9591.22821,0,0,0,0,0,0,0,0,0,0,0,0,0,0,0,0,0,0,0,0,0,0,,0,0,0,
3825,"Общество с ограниченной ответственностью ""Страховая Компания СОГАЗ-ЖИЗНЬ""",94891093.06215,94888192.33411,93193014.13465,89591793.65019,4718322.5608,0,84873466.93439,4.155,0,3601220.48446,0,-55.25265,3601241.00881,34.7283,0,1695178.19946,1687264.80792,90409.17245,0,1596855.63547,0,0,7913.39154,0,,7913.39154,0,0,3,0,3,2897.72804,2897.72804,0,0,0,0,0,0,0,0,0,0,0,0,0,0,0,0,0,0,0,0,0,0,0,0,0,,0,0,0,
3826,"Общество с ограниченной ответственностью ""Вита-страхование""",10684.22572,10488.37623,10165.677,0,0,0,0,0,0,10165.677,0,0,10165.677,0,0,322.69923,0,0,0,0,0,0,322.69923,0,,322.69923,0,0,0,0,0,195.84949,195.84949,0,0,0,0,0,0,0,0,0,0,0,0,0,0,0,0,0,0,0,0,0,0,0,0,0,,0,0,0,
3828,"Общество с ограниченной ответственностью ""Зетта Страхование жизни""",6634339.35857,1290998.34643,92949.01654,71035.11395,0,0,70132.33578,0,902.77817,21913.90259,0,0,6782.39801,0,15131.50458,1198049.32989,570142.1061,551955.973,0,18186.1331,0,0,627907.22379,0,,627907.22379,0,0,172.60025,0,172.60025,5343168.41189,92117.60562,0,0,5251050.80627,0,0,0,0,0,0,0,0,0,0,0,0,0,0,0,0,0,0,0,0,0,0,,0,0,0,
3866,"Общество с ограниченной ответственностью ""Страховая компания ""ВСК-Линия жизни""",1634832.6877,1634832.6877,1634832.6877,1242177.2,41212,0,1200965.2,0,0,392655.4877,0,0,371662.6997,20992.788,0,0,0,0,0,0,0,0,0,0,,0,0,0,0,0,0,0,0,0,0,0,0,0,0,0,0,0,0,0,0,0,0,0,0,0,0,0,0,0,0,0,0,0,,0,0,0,
3867,"Общество с ограниченной ответственностью ""АК БАРС СТРАХОВАНИЕ""",632100.53298,0,0,0,0,0,0,0,0,0,0,0,0,0,0,0,0,0,0,0,0,0,0,0,,0,0,0,0,0,0,165154.36644,160969.68773,0,0,4184.67871,466946.16654,433918.09768,7244.229,0,16503.62582,0,0,11522.27223,0,33638.26895,365009.70168,32792.9283,0,0,8483.30115,0,0,37.95,24271.67715,0,0,235.14056,,0,0,0,
3870,"Общество с ограниченной ответственностью страховая компания ""ДЕЛО ЖИЗНИ""",235108.7504,203887.69683,191383.37833,2398,0,0,2398,0,0,188985.37833,0,0,188985.37833,0,0,0,0,0,0,0,0,0,12504.3185,0,,12504.3185,0,0,0,0,0,31221.05357,31221.05357,0,0,0,0,0,0,0,0,0,0,0,0,0,0,0,0,0,0,0,0,0,0,0,0,0,,0,0,0,
3879,"Общество с ограниченной ответственностью Страховая компания ""Росгосстрах Жизнь""",51889186.97694,51835472.93688,42342798.78859,36040257.02708,0,2860590.2986,33175250.12328,4416.6052,0,6302541.76151,0,0,6018546.61614,283995.14537,0,9492674.14829,7523277.68445,7526439.95045,0,-3162.266,0,0,1969396.46384,822319.81101,,1128624.06936,18452.58347,0,0,0,0,53714.04006,43952.43559,0,0,9761.60447,0,0,0,0,0,0,0,0,0,0,0,0,0,0,0,0,0,0,0,0,0,0,,0,0,0,
3941,Общество с ограниченной ответственностью «ПСБ Страхование»,799220.62862,0,0,0,0,0,0,0,0,0,0,0,0,0,0,0,0,0,0,0,0,0,0,0,,0,0,0,0,0,0,452209.98662,179379.14705,0,0,272830.83957,347010.642,317768.36843,62704.43414,1708.66043,0,0,0,0,0,203487.94563,49867.32823,6772.60185,80.166,0,0,0,0,0,6692.43585,0,0,22469.67172,,0,0,0,
3943,"Общество с ограниченной ответственностью ""Страховая компания ""АК БАРС-Мед""",50932.11129,0,0,0,0,0,0,0,0,0,0,0,0,0,0,0,0,0,0,0,0,0,0,0,,0,0,0,0,0,0,50932.11129,0,0,0,50932.11129,0,0,0,0,0,0,0,0,0,0,0,0,0,0,0,0,0,0,0,0,0,0,,0,0,0,
3947,Акционерное общество «Страховая компания ГАРДИЯ»,52744.985799999995,0,0,0,0,0,0,0,0,0,0,0,0,0,0,0,0,0,0,0,0,0,0,0,,0,0,0,0,0,0,105.85,105.85,0,0,0,52639.1358,52044.38149,571.85291,0,0,19755.6722,11043.04112,0,0,20673.81526,0,594.75431,0,0,0,0,0,97.5,497.25431,0,0,0,,0,0,0,
3954,"Общество с ограниченной ответственностью ""РУССКОЕ СТРАХОВОЕ ОБЩЕСТВО ""ЕВРОИНС""",2234377.15417,0,0,0,0,0,0,0,0,0,0,0,0,0,0,0,0,0,0,0,0,0,0,0,,0,0,0,0,0,0,937089.08299,372647.26125,0,0,564441.82174,1064368.79984,880689.00354,348342.39501,0,0,6122.26381,371886.12122,13986.02166,3191.60585,70346.52777,70005.67407,114611.74478,609.47439,0,0,15777.32212,0,22125.94586,73144.83329,2954.16912,62.1,69005.95152,,232919.27134,0,0,
3969,"Общество с ограниченной ответственностью ""Страховая Компания Чабб""",5407.99684,0,0,0,0,0,0,0,0,0,0,0,0,0,0,0,0,0,0,0,0,0,0,0,,0,0,0,0,0,0,0,0,0,0,0,5407.99684,436.89612,0,0,0,0,0,0,0,436.89612,0,4698.61164,0,0,0,0,0,2386.50315,2312.10849,0,272.48908,0,,0,0,0,
3972,"Общество с ограниченной ответственностью ""Страховая Компания ""Ренессанс Жизнь""",47251454.999520004,45030364.7197,38808500.56063,31101733.96546,0,6778592.95034,23373788.02491,949352.99021,0,7706766.59517,0,78625.24273,7627573.1235,568.22894,0,6221864.15907,6035522.32407,5818275.07558,88139.91392,0,129107.33457,0,186341.835,0,,141820.39003,44521.44497,0,13880.51601,0,13880.51601,2207209.76381,1324554.86228,0,0,882654.90153,0,0,0,0,0,0,0,0,0,0,0,0,0,0,0,0,0,0,0,0,0,0,,0,0,0,
3984,"Общество с ограниченной ответственностью ""Капитал Лайф Страхование Жизни""",18268384.403449997,14327528.69757,9074847.36594,4156884.73948,0,1158366.44819,2889883.4006,760.63741,107874.25328,4917962.62646,0,0,3129698.13626,3545.12989,1784719.36031,5252681.33163,265700.54773,252983.95769,0,1892.45915,0,10824.13089,4986980.7839,967208.53194,,4018888.0022,0,884.24976,499262.55379,0,499262.55379,3441593.15209,1375287.10816,8018.7312,0,2066306.04393,0,0,0,0,0,0,0,0,0,0,0,0,0,0,0,0,0,0,0,0,0,0,,0,0,0,
3987,"Акционерное общество «Инлайф страхование жизни""",3614637.36046,3614637.36046,3612985.11256,3550727.11256,2225301.196,628990.20056,696435.716,0,0,62258,0,0,62258,0,0,1652.2479,1500,0,0,1500,0,0,152.2479,0,,152.2479,0,0,0,0,0,0,0,0,0,0,0,0,0,0,0,0,0,0,0,0,0,0,0,0,0,0,0,0,0,0,0,0,,0,0,0,
4001,"Общество с ограниченной ответственностью Страховая компания ""Чулпан-Жизнь""",179037.04093000002,174259.17211,174259.17211,949.834,0,0,949.834,0,0,173309.33811,0,0,173309.33811,0,0,0,0,0,0,0,0,0,0,0,,0,0,0,3414.53288,0,3414.53288,1363.33594,1363.33594,0,0,0,0,0,0,0,0,0,0,0,0,0,0,0,0,0,0,0,0,0,0,0,0,0,,0,0,0,
4008,"Общество с ограниченной ответственностью ""Общество страхования жизни ""РЕСО-Гарантия""",68979.63862,64092.66418,60468.76234,0,0,0,0,0,0,60468.76234,0,0,60468.76234,0,0,3623.90184,0,0,0,0,0,0,3623.90184,0,,3623.90184,0,0,0,0,0,4886.97444,4886.97444,0,0,0,0,0,0,0,0,0,0,0,0,0,0,0,0,0,0,0,0,0,0,0,0,0,,0,0,0,
4013,"Общество с ограниченной ответственностью Страховая компания ""МАКС страхование жизни""",6324992.29721,6065395.75253,6065395.75253,4409744.55223,300275.01105,2294140.56475,1815328.97643,0,0,1655651.2003,169128.57028,0,1486522.63002,0,0,0,0,0,0,0,0,0,0,0,,0,0,0,0,0,0,259596.54468,259442.99395,0,0,153.55073,0,0,0,0,0,0,0,0,0,0,0,0,0,0,0,0,0,0,0,0,0,0,,0,0,0,
4014,Акционерное общество «Страховая компания «Ю-Лайф»,5861451.0091699995,5795582.88902,3349366.88999,3322806.39,0,0,3305014.08967,17792.30033,0,26560.49999,0,0,26498.63663,61.86336,0,2446215.99903,2173302.9392,2172302.9392,0,1000,0,0,272913.05983,0,,272913.05983,0,0,111.18857,0,111.18857,65756.93158,32328.98699,0,0,33427.94459,0,0,0,0,0,0,0,0,0,0,0,0,0,0,0,0,0,0,0,0,0,0,,0,0,0,
4079,Общество с ограниченной ответственностью «РБ Страхование Жизни»,22758640.45513,21255615.16846,1432519.80932,133638.51516,0,128903.01516,4735.5,0,0,1298881.29416,0,379455.58784,919425.70632,0,0,19823095.35914,19551527.06741,867340.95197,0,18684186.11544,0,0,271568.29173,0,,271568.29173,0,0,0,0,0,1503025.28667,183714.1139,0,0,1319311.17277,0,0,0,0,0,0,0,0,0,0,0,0,0,0,0,0,0,0,0,0,0,0,,0,0,0,
4104,"Общество с ограниченной ответственностью ""Дефанс Страхование""",1253858.19923,0,0,0,0,0,0,0,0,0,0,0,0,0,0,0,0,0,0,0,0,0,0,0,,0,0,0,0,0,0,998500.19692,998500.19692,0,0,0,255358.00231,9021.83636,-301.97853,0,0,0,0,0,0,0,9323.81489,7048.92767,0,0,0,0,0,0,7048.92767,0,0,239287.23828,,0,0,0,
4105,Общество с ограниченной ответственностью «Совкомбанк страхование жизни»,18141595.08737,11767787.79551,10816528.12569,1886106.73651,0,22932.2172,1855528.52127,7645.99804,0,8930421.38918,0,9379.20016,8869574.27566,51467.91336,0,951259.66982,0,0,0,0,0,0,951259.66982,0,,951259.66982,0,0,180844.99454,0,180844.99454,6192962.29732,5847591.27583,0,0,345371.02149,0,0,0,0,0,0,0,0,0,0,0,0,0,0,0,0,0,0,0,0,0,0,,0,0,0,
4117,"Общество с ограниченной ответственностью ""Страховая компания ""Кредит Европа Лайф""",315262.41436,0,0,0,0,0,0,0,0,0,0,0,0,0,0,0,0,0,0,0,0,0,0,0,,0,0,0,0,0,0,315262.41436,31749.93046,0,0,238982.10245,0,0,0,0,0,0,0,0,0,0,16,0,0,0,0,0,0,0,0,5537.0822,0,0,,0,0,0,
4133,Общество с ограниченной ответственностью Страховая компания ЭчДиАй Глобал,59.301,0,0,0,0,0,0,0,0,0,0,0,0,0,0,0,0,0,0,0,0,0,0,0,,0,0,0,0,0,0,0,0,0,0,0,59.301,0,0,0,0,0,0,0,0,0,0,0,0,0,0,0,0,0,0,0,0,59.301,,0,0,0,
4179,"Общество с ограниченной ответственностью ""Страховая компания ""Райффайзен Лайф""",1362094.81122,1286427.57341,157037.19987,0,0,0,0,0,0,157037.19987,0,153554.06592,3483.13395,0,0,0,0,0,0,0,0,0,1129390.37354,0,,1124407.97354,0,4982.4,0,0,0,75667.23781,75199.69581,0,0,467.542,0,0,0,0,0,0,0,0,0,0,0,0,0,0,0,0,0,0,0,0,0,0,,0,0,0,
4189,Общество с ограниченной ответственностью «Протекта Торговое Страхование»,1078349.18254,0,0,0,0,0,0,0,0,0,0,0,0,0,0,0,0,0,0,0,0,0,0,0,,0,0,0,0,0,0,0,0,0,0,0,1078349.18254,0,0,0,0,0,0,0,0,0,0,0,0,0,0,0,0,0,0,0,1078349.18254,0,,0,0,0,
4209,"Общество с ограниченной ответственностью ""Кофас Рус Страховая Компания""",28803.2987,0,0,0,0,0,0,0,0,0,0,0,0,0,0,0,0,0,0,0,0,0,0,0,,0,0,0,0,0,0,0,0,0,0,0,28803.2987,0,0,0,0,0,0,0,0,0,0,0,0,0,0,0,0,0,0,0,28803.2987,0,,0,0,0,
4293,Общество с ограниченной ответственностью «Страховая Компания Герса»,430592.95763,0,0,0,0,0,0,0,0,0,0,0,0,0,0,0,0,0,0,0,0,0,0,0,,0,0,0,0,0,0,0,0,0,0,0,430592.95763,0,0,0,0,0,0,0,0,0,0,0,0,0,0,0,0,0,0,0,430592.95763,0,,0,0,0,
4326,"Общество с ограниченной ответственностью ""Крымская первая страховая компания""",190116.13219,0,0,0,0,0,0,0,0,0,0,0,0,0,0,0,0,0,0,0,0,0,0,0,,0,0,0,0,0,0,43838.84738,21235.00062,0,0,22603.84676,146277.28481,135001.04467,14755.78399,763.75,0,9846.18872,122.01686,0,0,93180.99093,16332.31417,8423.82572,0,0,23.2,5202.16185,24,10.32888,3164.13499,0,1962,890.41442,,0,0,0,
4331,"Общество с ограниченной ответственностью Страховая компания ""Сбербанк страхование""",38614625.00979,0,0,0,0,0,0,0,0,0,0,0,0,0,0,0,0,0,0,0,0,0,0,0,,0,0,0,0,0,0,8392360.08106,5747541.38858,0,0,2644818.69248,30217278.66786,26939847.36175,2914171.68056,87384.21045,533006.09907,203045.56626,169314.20274,194369.97497,171531.73216,3348938.96556,19489616.66214,1876358.12663,13396.83058,2691.50981,107667.39495,31866.36195,92598.24836,10056.58672,1563831.38193,54249.81233,319637.24154,1081435.93794,,0,3985.89818,1000.36269,
4334,Общество с ограниченной ответственностью Страховая компания «АСТК»,986270.21802,0,0,0,0,0,0,0,0,0,0,0,0,0,0,0,0,0,0,0,0,0,0,0,,0,0,0,0,0,0,3000,0,0,0,3000,983270.21802,221007.14848,0,0,0,21722.61498,37369.74889,0,0,161914.78461,0,19636.33243,0,0,0,9971.51179,0,2125.66,7539.16064,0,741233.32551,1393.4116,,0,0,0,
4358,Общество с ограниченной ответственностью «РСХБ-Страхование жизни»,16418806.09282,16133927.51938,15849048.94594,11526383.16217,0,0,11525964.66917,0,418.493,44876.57055,0,0,44876.57055,0,0,4277789.21322,4227481.38684,4227481.38684,0,0,0,0,50307.82638,0,,50307.82638,0,0,0,0,0,284878.57344,182888.92256,0,0,101989.65088,0,0,0,0,0,0,0,0,0,0,0,0,0,0,0,0,0,0,0,0,0,0,,0,0,0,
4365,Общество с ограниченной ответственностью Страховая компания «БКС Страхование жизни»,3506899.00071,3503577.88263,550915.34629,177511.33292,0,5823.845,171167.48792,0,520,373404.01337,0,0,373404.01337,0,0,2952662.53634,2866657.04257,2865607.04257,0,1050,0,0,86005.49377,13587.768,,72417.72577,0,0,0,0,0,3321.11808,3143.77808,0,0,177.34,0,0,0,0,0,0,0,0,0,0,0,0,0,0,0,0,0,0,0,0,0,0,,0,0,0,
4380,Общество с ограниченной ответственностью РНКБ Страхование,275121.79557,0,0,0,0,0,0,0,0,0,0,0,0,0,0,0,0,0,0,0,0,0,0,0,,0,0,0,0,0,0,145826.7733,145826.7733,0,0,0,129295.02227,96625.69192,3772.60793,0,0,0,0,0,0,43055.06026,49798.02373,0,0,0,0,0,0,0,0,0,0,32669.33035,,0,0,0,
4404,ОБЩЕСТВО С ОГРАНИЧЕННОЙ ОТВЕТСТВЕННОСТЬЮ «СТРАХОВАЯ КОМПАНИЯ «ХАТХОР»,5254.736,0,0,0,0,0,0,0,0,0,0,0,0,0,0,0,0,0,0,0,0,0,0,0,,0,0,0,0,0,0,0,0,0,0,0,0,0,0,0,0,0,0,0,0,0,0,0,0,0,0,0,0,0,0,0,0,0,,5254.736,0,0,
4407,Общество с ограниченной ответственностью «ПСБ Страхование жизни»,6265363.18474,6265363.18474,6265363.18474,6265363.18474,0,0,6265353.29575,0,9.88899,0,0,0,0,0,0,0,0,0,0,0,0,0,0,0,,0,0,0,0,0,0,0,0,0,0,0,0,0,0,0,0,0,0,0,0,0,0,0,0,0,0,0,0,0,0,0,0,0,,0,0,0,
"*В соответствии с Решением Совета директоров Банка России от 26.12.2023 Банк России до 31.12.2024 включительно не раскрывает на своем официальном сайте в информационно-телекоммуникационной сети «Интернет» информацию, содержащуюся в отчетности субъектов страхового дела, подлежащую размещению в соответствии с пунктом 5 статьи 28 Закона № 4015-1, в части информации раскрытие которой может привести к введению мер ограничительного характера со стороны иностранных государств, и (или) государственных объединений, и (или) союзов, и (или) государственных (межгосударственных) учреждений иностранных государств или государственных объединений и (или) союзов в отношении субъектов страхового дела. Таким образом, публикуемые в настоящее время Банком России статистические данные в силу нового подхода к раскрытию информации могут быть несопоставимы со сведениями за предыдущие периоды.  ",,,,,,,,,,,,,,,,,,,,,,,,,,,,,,,,,,,,,,,,,,,,,,,,,,,,,,,,,,,,,,,,
