"Сведения о страховых суммах по договорам страхования, действовавшим на конец отчетного периода, в разрезе страховщиков",Unnamed: 1,Unnamed: 2,Unnamed: 3,Unnamed: 4,Unnamed: 5,Unnamed: 6,Unnamed: 7,Unnamed: 8,Unnamed: 9,Unnamed: 10,Unnamed: 11,Unnamed: 12,Unnamed: 13,Unnamed: 14,Unnamed: 15,Unnamed: 16,Unnamed: 17,Unnamed: 18,Unnamed: 19,Unnamed: 20,Unnamed: 21,Unnamed: 22,Unnamed: 23,Unnamed: 24,Unnamed: 25,Unnamed: 26,Unnamed: 27,Unnamed: 28,Unnamed: 29,Unnamed: 30,Unnamed: 31,Unnamed: 32,Unnamed: 33,Unnamed: 34,Unnamed: 35,Unnamed: 36,Unnamed: 37,Unnamed: 38,Unnamed: 39,Unnamed: 40,Unnamed: 41,Unnamed: 42,Unnamed: 43,Unnamed: 44,Unnamed: 45,Unnamed: 46,Unnamed: 47,Unnamed: 48,Unnamed: 49,Unnamed: 50
,,,,,,,,,,,,,,,,,,,,,,,,,,,,,,,,,,,,,,,,,,,,,,,,,,
Дата составления отчета: 26.08.2016,,,,,,,,,,,,,,,,,,,,,,,,,,,,,,,,,,,,,,,,,,,,,,,,,,
Отчетный период: Январь-Июнь 2016 г.,,,,,,,,,,,,,,,,,,,,,,,,,,,,,,,,,,,,,,,,,,,,,,,,,,тыс. руб.
№ п\п,Рег №,Наименование,Город,Добровольное и обязательное страхование (кроме обязательного медицинского страхования),,,,,,,,,,,,,,,,,,,,,,,,,,,,,,,,,,,,,,,,,,,,,,
,,,,Всего,из них страхование нерезидентов,I. Добровольное страхование,,,,,,,,,,,,,,,,,,,,,,,,,,,,,,,,,,,,,,II. Обязательное страхование (кроме обязательного медицинского страхования),,,,,,
,,,,,,Страхование жизни,,,,"Страхование иное, чем страхование жизни",,,,,,,,,,,,,,,,,,,,,,,,,,,,,,,,,,Обязательное личное страхование,,,Обязательное имущественное страхование,,,
,,,,,,Всего,в том числе,,,Всего,в том числе:,,,,,,,,,,,,,,,,,,,,,,,,,,,,,,,,,Всего,в том числе,,Всего,в том числе,,
,,,,,,,страхование жизни (кроме пенсионного страхования)-всего,из него,пенсионное страхование,,личное страхование,,,,,Имущественное страхование,,,,,,,,,,,,,,,,,,,,,,,,,,,,,государственное страхование жизни и здоровья военнослужащих и приравненных к ним в обязательном государственном страховании лиц,"иные виды обязательного личного страхования, предусмотренные федеральными законами",,гражданской ответственности владельца опасного объекта за причинение вреда в результате аварии на опасном объекте,"гражданской ответственности перевозчика за причинение вреда жизни, здоровью, имуществу пассажиров","иные виды обязательного имущественного страхования, предусмотренные федеральными законами"
,,,,,,,,страхование жизни заемщика,,,Всего,в том числе,,,,Всего,в том числе,,,,,,,,,,,,,,,,,,,,,,,,,,,,,,,,,
,,,,,,,,,,,,от несчастных случаев и болезней,из него,,медицинское страхование,,Страхование имущества,,,,,,,,,,Страхование гражданской ответственности,,,,,,,,,,,,,,,страхование предпринимательских рисков,страхование финансовых рисков,,,,,,,
,,,,,,,,,,,,,"пациентов, участвующих в клинических исследованиях лекарственного препарата для медицинского применения",работников налоговых органов,,,Всего,в том числе,,,,,,,,,Всего,в том числе:,,,,,,,,,,,,,,,,,,,,,,
,,,,,,,,,,,,,,,,,,средств наземного транспорта (кроме средств железнодорожного транспорта),"средств 
железнодорожного транспорта",средств воздушного транспорта,средств водного транспорта,грузов,сельскохозяйственное страхование - всего,из него,прочего имущества юридических лиц,прочего имущества граждан,,Перевозчиков,,,,,Иных владельцев (кроме перевозчиков),,,,,"организаций, эксплуатирующих опасные объекты","за причинение вреда вследствие недостатков товаров, работ, услуг",за причинение вреда третьим лицам,за неисполнение или ненадлежащее исполнение обязательств по договору,,,,,,,,,
,,,,,,,,,,,,,,,,,,,,,,,,"страхование, осуществляемое с государственной поддержкой",,,,Всего,в том числе,,,,Всего,в том числе,,,,,,,,,,,,,,,,
,,,,,,,,,,,,,,,,,,,,,,,,,,,,,владельцев средств наземного транспорта (кроме средств железнодорожного транспорта),владельцев средств железнодорожного транспорта,владельцев средств воздушного транспорта,владельцев средств водного транспорта,,средств наземного транспорта (кроме средств железнодорожного транспорта),средств железнодорожного транспорта,владельцев средств воздушного транспорта,владельцев средств водного транспорта,,,,,,,,,,,,,
1,2,3,4,5,6,7,8,9,10,11,12,13,14,15,16,17,18,19,20,21,22,23,24,25,26,27,28,29,30,31,32,33,34,35,36,37,38,39,40,41,42,43,44,45,46,47,48,49,50,51
,,ИТОГО:,,38018744424343,6875929647,3417318897,3394160887,2004429969,23158010,319644336762,89776982537,31747023624,72071400,123915744,58029958913,229867354225,147325319649,4061858622,3291460307,3777068724,1404265962,17192306976,371527403,194006948,104842854402,12383977253,64416622737,38898622226,29296017,1407610,36607033955,2260884644,13537726508,2182543322,217000,6359500342,4995465844,559551243,1614531242,8702509900,1103681618,12135988732,5989423107,11698855908,11698855908,0,37683983912776,3278076224,37680705836552,0
1,2496,  АБСОЛЮТ СТРАХОВАНИЕ,Москва,15767619923,22136871,0,0,0,0,799872148,130110400,43419781,168000,0,86690619,669761748,508927616,8982974,2026483,0,12457391,64675497,0,0,352521929,68263342,133994086,13954,0,13954,0,0,13133224,2955879,0,0,10177345,0,28834944,32076569,59935395,25197142,1642904,0,0,0,14967747775,2935000,14964812775,0
2,796,  АВАНГАРД-ГАРАНТ,Москва,19482159,0,0,0,0,0,19482159,2810,2810,0,0,0,19479349,19429349,288269,0,0,0,0,18983625,9599291,157455,0,50000,0,0,0,0,0,0,0,0,0,0,50000,0,0,0,0,0,0,0,0,0,0,0,0
3,3290,  АДВАНТ-СТРАХОВАНИЕ,Санкт-Петербург,91046685,246603,0,0,0,0,91046685,80809617,1536153,0,0,79273464,10237068,2722172,505964,0,0,4189,48803,0,0,1571623,591593,3870449,0,0,0,0,0,105000,101500,0,0,3500,0,30000,3733949,1500,0,3644447,0,0,0,0,0,0,0
4,585,  АДОНИС,Пермь,20536703860,0,0,0,0,0,40402660,6284491,5083568,0,0,1200923,34118169,33744479,1864033,0,0,18502,11630,25286,0,17852520,13972508,369090,0,0,0,0,0,343650,343650,0,0,0,0,0,25440,0,0,4600,0,0,0,20496301200,4090000,20492211200,0
5,3947,  АИГ СТРАХОВАЯ КОМПАНИЯ,Москва,1993587377,0,0,0,0,0,1985489653,309167,309167,0,0,0,1985180486,856668615,0,0,0,0,51609259,0,0,805059029,327,382915776,0,0,0,0,0,0,0,0,0,0,0,13086657,369829119,0,0,745596095,0,0,0,8097724,8097724,0,0
6,4210,  АИЖК,Москва,26348210,0,0,0,0,0,26348210,0,0,0,0,0,26348210,0,0,0,0,0,0,0,0,0,0,2214,0,0,0,0,0,0,0,0,0,0,0,0,0,2214,0,26345996,0,0,0,0,0,0,0
7,3867,  АК БАРС СТРАХОВАНИЕ,Казань,164680743,29185,0,0,0,0,164680743,29414791,29342226,0,0,72565,135265952,112923387,916679,0,4020213,11872,41795,984394,0,50082581,56865853,22149317,0,0,0,0,0,19899186,3650,0,19753018,142518,1000,1233200,1015931,0,0,193248,0,0,0,0,0,0,0
8,3943,  АК БАРС-МЕД,Казань,17367945,3215840,0,0,0,0,17367945,17367945,0,0,0,17367945,0,0,0,0,0,0,0,0,0,0,0,0,0,0,0,0,0,0,0,0,0,0,0,0,0,0,0,0,0,0,0,0,0,0,0
9,455,  АКОМС,Холмск,0,0,0,0,0,0,0,0,0,0,0,0,0,0,0,0,0,0,0,0,0,0,0,0,0,0,0,0,0,0,0,0,0,0,0,0,0,0,0,0,0,0,0,0,0,0,0
10,3572,  АКЦЕПТ,Люберцы,5294712,0,0,0,0,0,5294712,455690,455690,0,0,0,4839022,4839022,4839022,0,0,0,0,0,0,0,0,0,0,0,0,0,0,0,0,0,0,0,0,0,0,0,0,0,0,0,0,0,0,0,0
11,3859,  АЛЛЕГА,Симферополь,0,0,0,0,0,0,0,0,0,0,0,0,0,0,0,0,0,0,0,0,0,0,0,0,0,0,0,0,0,0,0,0,0,0,0,0,0,0,0,0,0,0,0,0,0,0,0
12,2239,  АЛЬФАСТРАХОВАНИЕ,Москва,2584151143512,766754422,0,0,0,0,44328343768,4519896256,644330445,0,0,3875565811,39808447512,12584921512,276949976,135670658,2061109454,68697896,2647883591,63633496,29559919,6739299657,591676784,25318663448,24235655967,999120,0,23900128037,334528810,495876511,482430983,0,0,13445528,4125607,35366337,530948409,16690617,598188105,1306674447,0,0,0,2539822799744,238640000,2539584159744,0
13,193,  АЛЬФАСТРАХОВАНИЕ - ОМС,Москва,0,0,0,0,0,0,0,0,0,0,0,0,0,0,0,0,0,0,0,0,0,0,0,0,0,0,0,0,0,0,0,0,0,0,0,0,0,0,0,0,0,0,0,0,0,0,0
14,3447,  АЛЬФАСТРАХОВАНИЕ-ЖИЗНЬ,Москва,242373017,1461090,199457744,199456453,0,1291,42915273,42915273,35314049,0,0,7601224,0,0,0,0,0,0,0,0,0,0,0,0,0,0,0,0,0,0,0,0,0,0,0,0,0,0,0,0,0,0,0,0,0,0,0
15,290,  АЛЬЯНС,Москва,53559658629,260159438,0,0,0,0,3765937717,1040527942,789835664,38800000,0,250692278,2725409775,1867579655,3516075,87974236,29206163,39307612,101029377,40000,0,1572848267,33657925,479577789,0,0,0,0,0,244243900,30741902,0,192456365,21045633,7957633,9415746,217960510,0,340564956,37687375,0,0,0,49793720912,13458000,49780262912,0
16,3828,  АЛЬЯНС ЖИЗНЬ,Москва,3233317519,102725345,100317924,100316977,33994338,947,3132999595,3132999595,63268167,0,0,3069731428,0,0,0,0,0,0,0,0,0,0,0,0,0,0,0,0,0,0,0,0,0,0,0,0,0,0,0,0,0,0,0,0,0,0,0
17,2699,  АЛЬЯНС-МЕД,Сызрань,7669,6878,0,0,0,0,7669,7669,0,0,0,7669,0,0,0,0,0,0,0,0,0,0,0,0,0,0,0,0,0,0,0,0,0,0,0,0,0,0,0,0,0,0,0,0,0,0,0
18,436,  АМТ СТРАХОВАНИЕ,Москва,128315746,86255380,0,0,0,0,128315746,96716,96716,0,0,0,128219030,55471250,0,0,0,55421630,49620,0,0,0,0,72747780,72541985,0,0,0,72541985,204785,0,0,0,204785,0,1010,0,0,0,0,0,0,0,0,0,0,0
19,66,  АНГАРА,Братск,6606423,0,0,0,0,0,6606423,3638586,2851397,0,0,787189,2967837,2864276,564356,0,0,0,0,0,0,1405976,893944,65872,0,0,0,0,0,21144,21144,0,0,0,0,0,44728,0,0,37689,0,0,0,0,0,0,0
20,2982,  АНДРОМЕДА,Москва,12717118,0,0,0,0,0,12717118,0,0,0,0,0,12717118,11683811,0,0,0,0,0,0,0,11683811,0,1033307,0,0,0,0,0,0,0,0,0,0,0,2500,1030807,0,0,0,0,0,0,0,0,0,0
21,4324,  АРСЕНАЛ МЕДИЦИНСКОЕ СТРАХОВАНИЕ,Москва,0,0,0,0,0,0,0,0,0,0,0,0,0,0,0,0,0,0,0,0,0,0,0,0,0,0,0,0,0,0,0,0,0,0,0,0,0,0,0,0,0,0,0,0,0,0,0
22,3193,  АРСЕНАЛЪ,Москва,1020258449,0,0,0,0,0,1020258449,47818809,32045850,0,0,15772959,972439640,90647747,0,76293,23104077,5494376,7176947,0,0,50538516,4257538,873028224,0,0,0,0,0,849788644,0,0,821988094,27800550,8000,0,4907058,18324522,0,8763669,0,0,0,0,0,0,0
23,2489,  АСКО,Набережные Челны,176178924934,0,0,0,0,0,139533590,59788937,38401226,0,0,21387711,79744653,71247381,3830724,0,9074,500,231555,1425805,1126942,52018111,13731612,7828327,0,0,0,0,0,660008,538950,0,0,121058,68135,5523521,1393576,183087,0,668945,0,0,0,176039391344,9995000,176029396344,0
24,3999,  АСКО-ЖИЗНЬ,Набережные Челны,2348644,0,2035052,2035052,0,0,313592,313592,313592,0,0,0,0,0,0,0,0,0,0,0,0,0,0,0,0,0,0,0,0,0,0,0,0,0,0,0,0,0,0,0,0,0,0,0,0,0,0
25,1894,  АСКО-ЗАБОТА,Омск,0,0,0,0,0,0,0,0,0,0,0,0,0,0,0,0,0,0,0,0,0,0,0,0,0,0,0,0,0,0,0,0,0,0,0,0,0,0,0,0,0,0,0,0,0,0,0
26,278,  АСКОМЕД,Самара,6089797,0,0,0,0,0,6089797,6089797,0,0,0,6089797,0,0,0,0,0,0,0,0,0,0,0,0,0,0,0,0,0,0,0,0,0,0,0,0,0,0,0,0,0,0,0,0,0,0,0
27,3767,  АСКОР,Москва,3668571,0,0,0,0,0,3668571,3607239,3607239,0,0,0,61332,61332,5290,0,0,0,0,0,0,56042,0,0,0,0,0,0,0,0,0,0,0,0,0,0,0,0,0,0,0,0,0,0,0,0,0
28,2144,  АСКО-ЦЕНТР,Курск,22370318,0,0,0,0,0,22370318,3685135,3228850,0,0,456285,18685183,18364365,8139495,0,0,0,15815,43176,0,9331134,834745,320818,0,0,0,0,0,0,0,0,0,0,0,0,320818,0,0,0,0,0,0,0,0,0,0
29,1372,  АСТРАМЕД-МС,Екатеринбург,18687,0,0,0,0,0,18687,18687,0,0,0,18687,0,0,0,0,0,0,0,0,0,0,0,0,0,0,0,0,0,0,0,0,0,0,0,0,0,0,0,0,0,0,0,0,0,0,0
30,758,  АСТРА-МЕТАЛЛ,Магнитогорск,17123516,0,0,0,0,0,17123516,17123516,0,0,0,17123516,0,0,0,0,0,0,0,0,0,0,0,0,0,0,0,0,0,0,0,0,0,0,0,0,0,0,0,0,0,0,0,0,0,0,0
31,2619,  АСТРО-ВОЛГА,Самара,14993338,0,0,0,0,0,14993338,3875496,3815968,0,0,59528,11117842,8834457,1208823,0,0,226607,2773574,110,0,3021074,1604269,2281813,0,0,0,0,0,7400,7400,0,0,0,0,51632,2212781,10000,0,1572,0,0,0,0,0,0,0
32,2684,  АСТРО-ВОЛГА-МЕД,Самара,137726,95700,0,0,0,0,137726,137726,0,0,0,137726,0,0,0,0,0,0,0,0,0,0,0,0,0,0,0,0,0,0,0,0,0,0,0,0,0,0,0,0,0,0,0,0,0,0,0
33,4334,  АТРАДИУС РУС КРЕДИТНОЕ СТРАХОВАНИЕ,Москва,58554970,0,0,0,0,0,58554970,0,0,0,0,0,58554970,0,0,0,0,0,0,0,0,0,0,0,0,0,0,0,0,0,0,0,0,0,0,0,0,0,58554970,0,0,0,0,0,0,0,0
34,518,  БАСК,Белово,25703497,0,0,0,0,0,21473497,3565529,1177248,0,0,2388281,17907968,5966843,199199,0,0,0,309162,0,0,5007347,451135,11926220,25376,25376,0,0,0,0,0,0,0,0,0,100,11900744,0,0,14905,0,0,0,4230000,4230000,0,0
35,3673,  БЕЛОКАМЕННАЯ,Москва,0,0,0,0,0,0,0,0,0,0,0,0,0,0,0,0,0,0,0,0,0,0,0,0,0,0,0,0,0,0,0,0,0,0,0,0,0,0,0,0,0,0,0,0,0,0,0
36,3487,  БИН СТРАХОВАНИЕ,Москва,473344871137,45215453,0,0,0,0,529315112,162316306,35595453,0,0,126720853,366998806,243115255,2917074,29606,271845,90245,21055404,3023,0,165904816,52843242,115663102,0,0,0,0,0,35675189,167350,0,35507839,0,10000,26410616,42434425,11132872,206240,8014209,0,0,0,472815556025,21440000,472794116025,0
37,3991,  БЛАГОСОСТОЯНИЕ,Москва,847904482,0,3770868,1443137,0,2327731,844133614,844133614,804740838,0,0,39392776,0,0,0,0,0,0,0,0,0,0,0,0,0,0,0,0,0,0,0,0,0,0,0,0,0,0,0,0,0,0,0,0,0,0,0
38,1207,  БЛАГОСОСТОЯНИЕ ОБЩЕЕ СТРАХОВАНИЕ,Москва,244310177,0,0,0,0,0,244310177,153149966,65172908,0,0,87977058,91160211,31792081,0,0,0,0,0,0,0,0,31792081,24697466,0,0,0,0,0,0,0,0,0,0,0,0,24697466,0,0,34670664,0,0,0,0,0,0,0
39,3064,  БОРОВИЦКОЕ СТРАХОВОЕ ОБЩЕСТВО,Москва,4095448,0,0,0,0,0,4095448,1683899,1654355,0,0,29544,2411549,2246649,212090,0,0,0,3870,0,0,1626612,404077,98846,0,0,0,0,0,6150,6150,0,0,0,0,12608,78588,1500,0,66054,0,0,0,0,0,0,0
40,3799,  БРИТАНСКИЙ СТРАХОВОЙ ДОМ,Москва,314821766,0,0,0,0,0,314821766,10941182,1010055,0,0,9931127,303880584,163039052,1080400,0,0,0,1298298,0,0,158950158,1710196,140664544,0,0,0,0,0,458000,458000,0,0,0,0,5000,138798326,1403218,176272,716,0,0,0,0,0,0,0
41,2664,  ВЕКТОР,Симферополь,33686454,0,0,0,0,0,33686454,23740986,4364078,0,0,19376908,9945468,7701019,498058,0,0,80720,0,0,0,5904455,1217786,2244449,0,0,0,0,0,8250,1000,0,7250,0,0,76200,2159999,0,0,0,0,0,0,0,0,0,0
42,3245,  ВЕРНА,Краснодар,27014028,0,0,0,0,0,27014028,6612626,6068120,0,0,544506,20401402,5825858,343199,0,0,14310,0,1140725,823316,3461112,866512,14163488,11550,11550,0,0,0,6000,6000,0,0,0,0,1112880,502611,12530447,0,412056,0,0,0,0,0,0,0
43,4170,  ВИС,Махачкала,2716300,0,0,0,0,0,2716300,0,0,0,0,0,2716300,0,0,0,0,0,0,0,0,0,0,2716300,0,0,0,0,0,0,0,0,0,0,0,2716300,0,0,0,0,0,0,0,0,0,0,0
44,3561,  ВИТАЛ-ПОЛИС,Москва,16367206,0,0,0,0,0,16367206,16167756,6542450,0,0,9625306,199450,184650,99368,0,0,0,0,0,0,15612,69670,14800,0,0,0,0,0,13000,13000,0,0,0,0,0,1800,0,0,0,0,0,0,0,0,0,0
45,3826,  ВИТА-СТРАХОВАНИЕ,Сургут,1383438,0,488923,488603,33061,320,894515,894515,221226,0,0,673289,0,0,0,0,0,0,0,0,0,0,0,0,0,0,0,0,0,0,0,0,0,0,0,0,0,0,0,0,0,0,0,0,0,0,0
46,1440,  ВОЗРОЖДЕНИЕ-КРЕДИТ,Красноярск,17335465,0,0,0,0,0,17335465,16134094,15897499,0,0,236595,1201371,963456,207941,0,0,0,0,0,0,272423,483092,237915,24600,24600,0,0,0,34550,33000,0,1550,0,0,0,161765,17000,0,0,0,0,0,0,0,0,0
47,3570,  ВОСТОЧНО-СТРАХОВОЙ АЛЬЯНС,Владивосток,36610,0,0,0,0,0,36610,36610,0,0,0,36610,0,0,0,0,0,0,0,0,0,0,0,0,0,0,0,0,0,0,0,0,0,0,0,0,0,0,0,0,0,0,0,0,0,0,0
48,433,  ВОСТСИБЖАСО,Иркутск,15091189,0,0,0,0,0,15091189,9429778,3536639,0,0,5893139,5661411,5520529,243255,0,0,0,216401,0,0,710679,4350194,122249,0,0,0,0,0,3500,3500,0,0,0,0,0,118749,0,0,18633,0,0,0,0,0,0,0
49,621,  ВСК,Москва,4521793656866,51781232,0,0,0,0,6694594202,2016737899,866779204,0,0,1149958695,4677856303,3947600181,330946272,2805208,38039087,6900,179394617,29720777,12806122,2613720805,752966515,688430100,3250519,3250519,0,0,0,221646820,67237321,12000,153542780,854719,16321644,124474684,287634830,35101603,26665906,15160116,0,0,0,4515099062664,406385000,4514692677664,0
50,3866,  ВСК-ЛИНИЯ ЖИЗНИ,Москва,1284155227,0,410360,405355,0,5005,1283744867,1283744867,1283744867,0,0,0,0,0,0,0,0,0,0,0,0,0,0,0,0,0,0,0,0,0,0,0,0,0,0,0,0,0,0,0,0,0,0,0,0,0,0
51,3978,  ВСК-МИЛОСЕРДИЕ,Москва,26156462,0,0,0,0,0,26156462,26156462,0,0,0,26156462,0,0,0,0,0,0,0,0,0,0,0,0,0,0,0,0,0,0,0,0,0,0,0,0,0,0,0,0,0,0,0,0,0,0,0
52,257,  ВТБ МЕДИЦИНСКОЕ СТРАХОВАНИЕ,Москва,26879439,0,0,0,0,0,26879439,26879439,0,0,0,26879439,0,0,0,0,0,0,0,0,0,0,0,0,0,0,0,0,0,0,0,0,0,0,0,0,0,0,0,0,0,0,0,0,0,0,0
53,3398,  ВТБ СТРАХОВАНИЕ,Москва,402004570685,0,0,0,0,0,12337221322,4315808466,1674086824,0,0,2641721642,8021412856,6285874681,15084642,37740798,241382847,13297794,87256754,4990,0,4977625788,913481068,991643529,118094670,0,0,118094670,0,13061146,12105114,175000,330050,450982,195710,147600984,703369804,9321215,76512,743818134,61942179,61942179,0,389605407184,66370000,389539037184,0
54,3995,  ВТБ СТРАХОВАНИЕ ЖИЗНИ,Москва,19633985,301718,19583628,19581341,6423924,2287,50357,50357,50357,0,0,0,0,0,0,0,0,0,0,0,0,0,0,0,0,0,0,0,0,0,0,0,0,0,0,0,0,0,0,0,0,0,0,0,0,0,0
55,3780,  ВЫРУЧИМ!,Екатеринбург,7726521,0,0,0,0,0,7726521,1550953,1525853,0,0,25100,6175568,4439985,2557394,0,0,0,0,0,0,1002243,880348,1468683,0,0,0,0,0,46600,46600,0,0,0,0,14250,1407833,0,0,266900,0,0,0,0,0,0,0
56,630,  ГАЙДЕ,Санкт-Петербург,232454339407,0,0,0,0,0,238700551,172214113,27868198,0,0,144345915,66486438,60993646,16391498,0,0,228414,3423544,7443,0,30056643,10886104,3652401,0,0,0,0,0,2363970,2363970,0,0,0,0,210500,636431,441500,0,1840391,0,0,0,232215638856,605000,232215033856,0
57,3908,  ГАЛАКТИКА,Москва,23719049,0,0,0,0,0,23719049,0,0,0,0,0,23719049,23719049,299170,0,0,0,0,0,0,23419879,0,0,0,0,0,0,0,0,0,0,0,0,0,0,0,0,0,0,0,0,0,0,0,0,0
58,4169,  ГАРАНТИЯ ИНВЕСТИЦИЙ,Москва,0,0,0,0,0,0,0,0,0,0,0,0,0,0,0,0,0,0,0,0,0,0,0,0,0,0,0,0,0,0,0,0,0,0,0,0,0,0,0,0,0,0,0,0,0,0,0
59,473,  ГЕВОРСТРАХ,Ярославль,3207,0,0,0,0,0,3207,0,0,0,0,0,3207,3207,2600,0,0,0,607,0,0,0,0,0,0,0,0,0,0,0,0,0,0,0,0,0,0,0,0,0,0,0,0,0,0,0,0
60,397,  ГЕЛИОС,Москва,282598556,0,0,0,0,0,274953556,98974887,81204767,0,0,17770120,175978669,140029246,7047222,51555,226123,1162895,1272323,0,0,86968500,43300628,24521705,320005,0,0,87989,232016,6143295,6136495,0,1800,5000,14000,93380,17743897,207128,0,11427718,0,0,0,7645000,7645000,0,0
61,2397,  ГЕОПОЛИС,Москва,24969030,0,0,0,0,0,24969030,612513,612513,0,0,0,24356517,23361889,5914268,0,0,0,0,0,0,13789831,3657790,994628,0,0,0,0,0,920788,920788,0,0,0,0,0,73840,0,0,0,0,0,0,0,0,0,0
62,448,  ГЕОПОЛИС,Москва,502944,0,371527,0,0,371527,131417,131417,116396,0,0,15021,0,0,0,0,0,0,0,0,0,0,0,0,0,0,0,0,0,0,0,0,0,0,0,0,0,0,0,0,0,0,0,0,0,0,0
63,2071,  ГОРОДСКАЯ СТРАХОВАЯ МЕДИЦИНСКАЯ КОМПАНИЯ,Санкт-Петербург,6083678,27950,0,0,0,0,6083678,6083678,0,0,0,6083678,0,0,0,0,0,0,0,0,0,0,0,0,0,0,0,0,0,0,0,0,0,0,0,0,0,0,0,0,0,0,0,0,0,0,0
64,3678,  ГРАЖДАНСКИЙ СТРАХОВОЙ ДОМ,Москва,7638644,0,0,0,0,0,7638644,55400,55400,0,0,0,7583244,7426107,142932,0,0,0,0,0,0,7209513,73662,157137,23637,0,0,0,23637,58000,58000,0,0,0,0,0,75500,0,0,0,0,0,0,0,0,0,0
65,2042,  ГРАНТА,Казань,8627622,0,0,0,0,0,8627622,341320,281851,0,0,59469,8286302,4466588,1935454,0,0,1000,0,0,0,1859475,670659,3777736,0,0,0,0,0,4300,2800,0,0,1500,5000,3591620,176816,0,0,41978,0,0,0,0,0,0,0
66,1284,  ГРУППА РЕНЕССАНС СТРАХОВАНИЕ,Москва,69876083474,1458852,0,0,0,0,3730019514,1633157000,297513305,0,0,1335643695,2096862514,1681439593,174097131,1163227,0,19913028,700395147,0,0,648319116,137551944,144978552,1162658,1162658,0,0,0,73605992,72827244,0,0,778748,834734,12310442,57034726,30000,0,270444369,0,0,0,66146063960,31975000,66114088960,0
67,1820,  ГУТА-СТРАХОВАНИЕ,Москва,81895630,0,0,0,0,0,81895630,9401423,9113223,0,0,288200,72494207,65595950,529961,0,0,102853,525487,1892517,1892517,58669232,3875900,4693912,0,0,0,0,0,76544,500,0,0,76044,2900,0,4030898,583570,0,2204345,0,0,0,0,0,0,0
68,2214,  ДАЛЬАКФЕС,Владивосток,11642149,0,0,0,0,0,11642149,739234,735301,0,0,3933,10902915,10614308,1097000,0,0,786464,247647,0,0,7194146,1289051,189348,42031,0,0,0,42031,0,0,0,0,0,0,4000,143317,0,99259,0,0,0,0,0,0,0,0
69,55,  ДАЛЬЖАСО,Хабаровск,19773438,0,0,0,0,0,19773438,11540980,10576962,0,0,964018,8232458,5182479,339123,0,0,46935,1985677,0,0,2274445,536299,3049979,8300,8300,0,0,0,9094,750,0,0,8344,0,0,671885,2360700,0,0,0,0,0,0,0,0,0
70,525,  ДАЛЬ-РОСМЕД,Хабаровск,101947,0,0,0,0,0,101947,101947,0,0,0,101947,0,0,0,0,0,0,0,0,0,0,0,0,0,0,0,0,0,0,0,0,0,0,0,0,0,0,0,0,0,0,0,0,0,0,0
71,2027,  ДВАДЦАТЬ ПЕРВЫЙ ВЕК,Санкт-Петербург,337935774,2938607,0,0,0,0,337935774,70010748,70010748,0,0,0,267925026,257849693,534344,0,0,29820,236957524,0,0,18369097,1958908,9608814,0,0,0,0,0,469530,468560,0,0,970,4006,4017051,5118227,0,0,466519,0,0,0,0,0,0,0
72,2842,  ДЕЛЬТА,Челябинск,0,0,0,0,0,0,0,0,0,0,0,0,0,0,0,0,0,0,0,0,0,0,0,0,0,0,0,0,0,0,0,0,0,0,0,0,0,0,0,0,0,0,0,0,0,0,0
73,1363,  ДИАМАНТ,Москва,4519680,0,0,0,0,0,4519680,66664,66664,0,0,0,4453016,1382268,701516,0,0,0,0,0,0,420004,260748,3070748,0,0,0,0,0,180000,180000,0,0,0,0,25200,105030,2760518,0,0,0,0,0,0,0,0,0
74,206,  ДИАНА,Ангарск,10483835,0,0,0,0,0,10483835,6282470,603192,0,0,5679278,4201365,3333699,67849,0,0,0,5501,0,0,1002237,2258112,867666,0,0,0,0,0,0,0,0,0,0,7400,4791,855475,0,0,0,0,0,0,0,0,0,0
75,1412,  Д2  СТРАХОВАНИЕ,Новосибирск,108665960,0,0,0,0,0,108665960,48847512,36835374,0,0,12012138,59818448,40046056,10570,0,0,0,188485,0,0,14386530,25460471,10616820,0,0,0,0,0,0,0,0,0,0,0,0,10616820,0,0,9155572,0,0,0,0,0,0,0
76,3954,  ЕВРОИНС,Смоленск,211458897,172886,0,0,0,0,211458897,5101267,3008403,0,0,2092864,206357630,14890951,483180,0,0,0,75501,71888,0,11554060,2706322,129022291,0,0,0,0,0,60900,60900,0,0,0,0,853127,121779452,6328812,29775,62414613,0,0,0,0,0,0,0
77,990,  ЕВРОПА,Лобня,24405222,0,0,0,0,0,24405222,324341,316743,0,0,7598,24080881,18917675,188958,0,0,0,211917,5642582,5262473,12506032,368186,3463054,0,0,0,0,0,37960,37960,0,0,0,10200,9844,3358151,46899,0,1700152,0,0,0,0,0,0,0
78,4009,  ЕРВ ТУРИСТИЧЕСКОЕ СТРАХОВАНИЕ,Москва,1010026150,0,0,0,0,0,1010026150,1008343180,1008343180,0,0,0,1682970,0,0,0,0,0,0,0,0,0,0,1679000,0,0,0,0,0,0,0,0,0,0,0,0,0,1679000,0,3970,0,0,0,0,0,0,0
79,4307,  ЕСЕЯ,Казань,460,0,0,0,0,0,460,0,0,0,0,0,460,460,0,0,0,0,0,0,0,460,0,0,0,0,0,0,0,0,0,0,0,0,0,0,0,0,0,0,0,0,0,0,0,0,0
80,1595,  ЖАСКО,Вологда,119947,0,0,0,0,0,119947,0,0,0,0,0,119947,57847,6190,0,0,0,51657,0,0,0,0,62100,0,0,0,0,0,0,0,0,0,0,0,0,0,62100,0,0,0,0,0,0,0,0,0
81,263,  ЖАСО,Москва,150733816620,614608,0,0,0,0,4890932732,1670954180,1042822484,0,0,628131696,3219978552,3198846403,7441668,1621122299,0,3748,3047653,744,0,1515466029,51764262,11541380,0,0,0,0,0,398850,398850,0,0,0,8393,6168825,4611312,354000,82775,9507994,0,0,0,145842883888,14110000,145828773888,0
82,4003,  ЖАСО-ЛАЙФ,Москва,21523173,0,20745396,20745396,18646104,0,777777,777777,777777,0,0,0,0,0,0,0,0,0,0,0,0,0,0,0,0,0,0,0,0,0,0,0,0,0,0,0,0,0,0,0,0,0,0,0,0,0,0
83,2447,  ЖЕЛЕЗНОДОРОЖНЫЙ СТРАХОВОЙ ФОНД,Нижний Новгород,61913236,0,0,0,0,0,61913236,58155127,57234493,0,0,920634,3758109,3726304,48964,283600,0,0,2147139,0,0,1020060,226541,31805,0,0,0,0,0,0,0,0,0,0,0,0,31805,0,0,0,0,0,0,0,0,0,0
84,2456,  ЗАБАЙКАЛМЕДСТРАХ,Чита,0,0,0,0,0,0,0,0,0,0,0,0,0,0,0,0,0,0,0,0,0,0,0,0,0,0,0,0,0,0,0,0,0,0,0,0,0,0,0,0,0,0,0,0,0,0,0
85,1947,  ЗАПОЛЯРЬЕ,Салехард,0,0,0,0,0,0,0,0,0,0,0,0,0,0,0,0,0,0,0,0,0,0,0,0,0,0,0,0,0,0,0,0,0,0,0,0,0,0,0,0,0,0,0,0,0,0,0
86,1083,  ЗЕТТА СТРАХОВАНИЕ,Москва,180398017332,23025508,0,0,0,0,856176196,355078973,73304003,0,0,281774970,501097223,423599444,56485688,35430,0,0,64483674,177876,0,138910384,163506392,63371234,0,0,0,0,0,2194752,2194752,0,0,0,500,2120736,58544896,510350,58566,14067979,0,0,0,179541841136,36470000,179505371136,0
87,3616,  ИНВЕСТ-ПОЛИС,Королев,4932077,0,0,0,0,0,4932077,0,0,0,0,0,4932077,3669450,0,0,0,0,0,0,0,3669450,0,0,0,0,0,0,0,0,0,0,0,0,0,0,0,0,1262627,0,0,0,0,0,0,0,0
88,2401,  ИНВЕСТСТРАХ,Москва,29446538,0,0,0,0,0,29446538,18016640,496123,0,0,17520517,11429898,1373672,2272,0,0,0,6341,35,0,823439,541585,9950554,0,0,0,0,0,0,0,0,0,0,0,661000,9038462,251092,0,105672,0,0,0,0,0,0,0
89,425,  ИНГВАР,Москва,13799423,0,0,0,0,0,13799423,7640,7640,0,0,0,13791783,13735008,0,0,0,0,10635521,0,0,2881395,218092,47775,0,0,0,0,0,0,0,0,0,0,0,0,47775,0,0,9000,0,0,0,0,0,0,0
90,928,  ИНГОССТРАХ,Москва,3173872219486,3948561672,0,0,0,0,28589553436,2702430530,280979244,0,0,2421451286,25887122906,14620567938,620838326,191380660,400179332,440246188,3156581651,7047129,0,9366874366,437420286,11179163036,9018250,9018250,0,0,0,10020895214,786368498,0,5053456085,4181070631,24144987,90914211,1033130545,1059829,32351326,55040606,0,0,0,3145282666050,321825000,3144960841050,0
91,4189,  ИНГОССТРАХ ОНДД КРЕДИТНОЕ СТРАХОВАНИЕ,Москва,84269997,9437454,0,0,0,0,84269997,0,0,0,0,0,84269997,0,0,0,0,0,0,0,0,0,0,0,0,0,0,0,0,0,0,0,0,0,0,0,0,0,84269997,0,0,0,0,0,0,0,0
92,3823,  ИНГОССТРАХ-ЖИЗНЬ,Москва,232154336,0,14300732,13588162,0,712570,217853604,217853604,217853604,0,0,0,0,0,0,0,0,0,0,0,0,0,0,0,0,0,0,0,0,0,0,0,0,0,0,0,0,0,0,0,0,0,0,0,0,0,0
93,3837,  ИНГОССТРАХ-М,Москва,0,0,0,0,0,0,0,0,0,0,0,0,0,0,0,0,0,0,0,0,0,0,0,0,0,0,0,0,0,0,0,0,0,0,0,0,0,0,0,0,0,0,0,0,0,0,0
94,2169,  ИНЕРТЕК,Санкт-Петербург,514211,0,0,0,0,0,514211,18666,18666,0,0,0,495545,439045,24465,0,0,0,311250,0,0,90322,13008,56500,0,0,0,0,0,0,0,0,0,0,0,23000,33500,0,0,0,0,0,0,0,0,0,0
95,2031,  ИНКО-МЕД,Воронеж,0,0,0,0,0,0,0,0,0,0,0,0,0,0,0,0,0,0,0,0,0,0,0,0,0,0,0,0,0,0,0,0,0,0,0,0,0,0,0,0,0,0,0,0,0,0,0
96,870,  ИНТАЧ СТРАХОВАНИЕ,Москва,86604147,3585121,0,0,0,0,86604147,39813913,31691759,0,0,8122154,46790234,27328011,22034103,0,0,0,0,0,0,0,5293908,17737817,0,0,0,0,0,15778300,15778300,0,0,0,0,0,1959517,0,0,1724406,0,0,0,0,0,0,0
97,1858,  ИТИЛЬ АРМЕЕЦ,Москва,31768415,484627,0,0,0,0,31768415,9650822,5122861,0,0,4527961,22117593,18922504,2908095,0,3000,4500,133146,0,0,7651893,8221870,3143242,15330,0,0,15330,0,14285,12600,0,1685,0,2629,1216450,1894548,0,0,51847,0,0,0,0,0,0,0
98,902,  КАЙРОС,Петропавловск-Камчатский,1441900,0,0,0,0,0,1441900,159300,159300,0,0,0,1282600,452426,0,0,0,452426,0,0,0,0,0,567000,0,0,0,0,0,567000,0,0,0,567000,0,0,0,0,0,263174,0,0,0,0,0,0,0
99,2179,  КАПИТАЛ МЕДИЦИНСКОЕ СТРАХОВАНИЕ,Москва,0,0,0,0,0,0,0,0,0,0,0,0,0,0,0,0,0,0,0,0,0,0,0,0,0,0,0,0,0,0,0,0,0,0,0,0,0,0,0,0,0,0,0,0,0,0,0
100,3175,  КАПИТАЛ ПЕРЕСТРАХОВАНИЕ,Москва,0,0,0,0,0,0,0,0,0,0,0,0,0,0,0,0,0,0,0,0,0,0,0,0,0,0,0,0,0,0,0,0,0,0,0,0,0,0,0,0,0,0,0,0,0,0,0
101,1298,  КАПИТАЛ СТРАХОВАНИЕ,Когалым,30686106750,0,0,0,0,0,4597261398,106510578,85310655,0,0,21199923,4490750820,3734171981,7811635,2952571,1086865,21970219,3338939,0,0,3689529435,7482317,228544695,0,0,0,0,0,18441769,2162923,0,949334,15329512,102841529,0,106538229,723168,522543583,5490561,0,0,0,26088845352,48875000,26039970352,0
102,1336,  КАПИТАЛ-ПОЛИС,Санкт-Петербург,190606873,0,0,0,0,0,190606873,135644915,2156494,0,0,133488421,54961958,13951402,4465507,0,0,0,6974269,0,0,1653702,857924,1560300,0,0,0,0,0,355900,355900,0,0,0,1000,765050,438350,0,0,39450256,0,0,0,0,0,0,0
103,2875,  КАПИТАЛ-ПОЛИС МЕДИЦИНА,Санкт-Петербург,0,0,0,0,0,0,0,0,0,0,0,0,0,0,0,0,0,0,0,0,0,0,0,0,0,0,0,0,0,0,0,0,0,0,0,0,0,0,0,0,0,0,0,0,0,0,0
104,614,  КАСКО-МЕДИЦИНСКОЕ СТРАХОВАНИЕ,Липецк,0,0,0,0,0,0,0,0,0,0,0,0,0,0,0,0,0,0,0,0,0,0,0,0,0,0,0,0,0,0,0,0,0,0,0,0,0,0,0,0,0,0,0,0,0,0,0
105,3629,  КЛУВЕР,Саратов,3883621,0,0,0,0,0,3883621,167480,145572,0,0,21908,3716141,2835941,1895836,0,0,0,0,0,0,908828,31277,880200,0,0,0,0,0,45200,45200,0,0,0,0,835000,0,0,0,0,0,0,0,0,0,0,0
106,507,  КОЛЫМСКАЯ,Хабаровск,17735294,46520,5007204,4999937,0,7267,12728090,12728090,2105757,0,0,10622333,0,0,0,0,0,0,0,0,0,0,0,0,0,0,0,0,0,0,0,0,0,0,0,0,0,0,0,0,0,0,0,0,0,0,0
107,1867,  КОМЕСТРА-ТОМЬ,Томск,114723889,0,0,0,0,0,114723889,101148934,1586228,0,0,99562706,13574955,13006647,7507355,0,0,0,28495,0,0,3453901,2016896,568308,0,0,0,0,0,34500,34500,0,0,0,0,304240,148568,81000,0,0,0,0,0,0,0,0,0
108,3993,  КОМПАНИЯ БАНКОВСКОГО СТРАХОВАН,Москва,2151938806,0,0,0,0,0,2151938806,1011878798,1011795298,0,0,83500,1140060008,1116684254,0,0,0,0,0,0,0,0,1116684254,2535625,0,0,0,0,0,0,0,0,0,0,0,0,2535625,0,0,20840129,0,0,0,0,0,0,0
109,3059,  КОМПАНИЯ ПРОМЫШЛЕННО-ТОРГОВОГО,Новокузнецк,45561,0,0,0,0,0,45561,45561,0,0,0,45561,0,0,0,0,0,0,0,0,0,0,0,0,0,0,0,0,0,0,0,0,0,0,0,0,0,0,0,0,0,0,0,0,0,0,0
110,4279,  КООПЕРАТИВНОЕ ЕДИНСТВО,Новосибирск,1323272,0,0,0,0,0,1323272,0,0,0,0,0,1323272,1323272,65926,0,0,0,0,0,0,1226236,31110,0,0,0,0,0,0,0,0,0,0,0,0,0,0,0,0,0,0,0,0,0,0,0,0
111,4296,  КООП-РЕСУРС,Вологда,747309,0,0,0,0,0,747309,0,0,0,0,0,747309,747309,9974,0,0,0,0,0,0,732399,4936,0,0,0,0,0,0,0,0,0,0,0,0,0,0,0,0,0,0,0,0,0,0,0,0
112,4209,  КОФАС РУС СТРАХОВАЯ КОМПАНИЯ,Москва,508281543,0,0,0,0,0,508281543,0,0,0,0,0,508281543,0,0,0,0,0,0,0,0,0,0,0,0,0,0,0,0,0,0,0,0,0,0,0,0,0,508281543,0,0,0,0,0,0,0,0
113,4117,  КРЕДИТ ЕВРОПА ЛАЙФ,Москва,35234031,21189,59985,59985,0,0,35174046,35174046,35174046,0,0,0,0,0,0,0,0,0,0,0,0,0,0,0,0,0,0,0,0,0,0,0,0,0,0,0,0,0,0,0,0,0,0,0,0,0,0
114,4246,  КРИСТАЛЛ,Краснодар,3403300,0,0,0,0,0,3403300,0,0,0,0,0,3403300,0,0,0,0,0,0,0,0,0,0,3403300,0,0,0,0,0,0,0,0,0,0,0,3403300,0,0,0,0,0,0,0,0,0,0,0
115,3781,  КРК-СТРАХОВАНИЕ,Москва,28262547,0,0,0,0,0,28262547,15426662,300674,0,0,15125988,12835885,10800786,4593615,0,1500,20490,19447,0,0,4839752,1325982,2035099,115130,0,0,115130,0,346833,342623,0,4210,0,3785,1105150,464201,0,0,0,0,0,0,0,0,0,0
116,4325,  КРЫММЕДСТРАХ,Симферополь,0,0,0,0,0,0,0,0,0,0,0,0,0,0,0,0,0,0,0,0,0,0,0,0,0,0,0,0,0,0,0,0,0,0,0,0,0,0,0,0,0,0,0,0,0,0,0
117,4326,  КРЫМСКАЯ ПЕРВАЯ СТРАХОВАЯ КОМПАНИЯ,Симферополь,278537575,0,0,0,0,0,278537575,2531332,221849,0,0,2309483,276006243,273196769,238063,0,1250,1892478,0,0,0,270908454,156524,2738174,0,0,0,0,0,2143027,0,0,0,2143027,5000,0,590147,0,71300,0,0,0,0,0,0,0,0
118,4337,  КРЫМСКИЙ СТРАХОВОЙ АЛЬЯНС,Красноперекопск,4077809,0,0,0,0,0,4077809,624622,601507,0,0,23115,3453187,2784137,477883,158134,0,2450,3883,0,0,1720784,421003,656019,0,0,0,0,0,0,0,0,0,0,0,0,643719,12300,1000,12031,0,0,0,0,0,0,0
119,4310,  КС СТРАХОВАНИЕ,Саранск,0,0,0,0,0,0,0,0,0,0,0,0,0,0,0,0,0,0,0,0,0,0,0,0,0,0,0,0,0,0,0,0,0,0,0,0,0,0,0,0,0,0,0,0,0,0,0
120,348,  ЛЕКСГАРАНТ,Москва,305177951,0,0,0,0,0,305177951,376620,356420,0,0,20200,304801331,9234279,191456,0,5303795,0,40370,0,0,3193305,505353,251710698,250756478,0,0,250756478,0,120000,120000,0,0,0,1500,6000,238820,587900,0,43856354,0,0,0,0,0,0,0
121,1675,  ЛИБЕРТИ СТРАХОВАНИЕ,Санкт-Петербург,4564285812,6700,0,0,0,0,723163112,505363098,59251569,0,0,446111529,217800014,183075080,26628749,63248,0,5675573,722446,0,0,63185674,86799390,29910106,0,0,0,0,0,16233961,9997700,0,0,6236261,1800,1661536,11680469,332340,4736825,78003,0,0,0,3841122700,3010000,3838112700,0
122,1427,  МАКС,Москва,1807517346101,0,0,0,0,0,9615041549,1739123577,1657775415,0,123915744,81348162,7875917972,7832318547,36773770,790646,4977,139384,1353062,16227906,11202243,7120112075,656916727,24944340,4435725,3817500,0,14901,603324,0,0,0,0,0,7329324,2908589,5145775,5124927,8065456,10589629,0,0,0,1797902304552,17045000,1797885259552,0
123,4013,  МАКС-ЖИЗНЬ,Москва,411494,0,409994,409994,0,0,1500,1500,1500,0,0,0,0,0,0,0,0,0,0,0,0,0,0,0,0,0,0,0,0,0,0,0,0,0,0,0,0,0,0,0,0,0,0,0,0,0,0
124,4278,  МАКСИМУС,Ростов-на-Дону,0,0,0,0,0,0,0,0,0,0,0,0,0,0,0,0,0,0,0,0,0,0,0,0,0,0,0,0,0,0,0,0,0,0,0,0,0,0,0,0,0,0,0,0,0,0,0
125,2226,  МАКС-М,Москва,0,0,0,0,0,0,0,0,0,0,0,0,0,0,0,0,0,0,0,0,0,0,0,0,0,0,0,0,0,0,0,0,0,0,0,0,0,0,0,0,0,0,0,0,0,0,0
126,195,  МАСКИ,Иркутск,0,0,0,0,0,0,0,0,0,0,0,0,0,0,0,0,0,0,0,0,0,0,0,0,0,0,0,0,0,0,0,0,0,0,0,0,0,0,0,0,0,0,0,0,0,0,0
127,2877,  МЕГАРУСС-Д,Москва,96496904,0,0,0,0,0,96496904,13600496,13565321,0,0,35175,82896408,80006173,10457920,0,175816,700,307460,0,0,61989526,7074751,345992,0,0,0,0,0,98820,68160,0,29560,1100,500,129071,100673,16928,0,2544243,0,0,0,0,0,0,0
128,797,  МЕД-ГАРАНТ,Балашиха,773141,0,0,0,0,0,773141,227983,177363,0,0,50620,545158,502455,57175,0,0,0,0,0,0,408980,36300,16200,0,0,0,0,0,0,0,0,0,0,0,0,16200,0,0,26503,0,0,0,0,0,0,0
129,660,  МЕДИКА-ВОСТОК,Красноярск,1432,0,0,0,0,0,1432,1432,0,0,0,1432,0,0,0,0,0,0,0,0,0,0,0,0,0,0,0,0,0,0,0,0,0,0,0,0,0,0,0,0,0,0,0,0,0,0,0
130,1660,  МЕДИКА-ТОМСК,Томск,0,0,0,0,0,0,0,0,0,0,0,0,0,0,0,0,0,0,0,0,0,0,0,0,0,0,0,0,0,0,0,0,0,0,0,0,0,0,0,0,0,0,0,0,0,0,0
131,1958,  МЕДИЦИНСКАЯ СТРАХОВАЯ КОМПАНИЯ СТРАЖ,Рязань,0,0,0,0,0,0,0,0,0,0,0,0,0,0,0,0,0,0,0,0,0,0,0,0,0,0,0,0,0,0,0,0,0,0,0,0,0,0,0,0,0,0,0,0,0,0,0
132,484,  МЕДСТРАХ,Москва,26592,0,0,0,0,0,26592,26592,0,0,0,26592,0,0,0,0,0,0,0,0,0,0,0,0,0,0,0,0,0,0,0,0,0,0,0,0,0,0,0,0,0,0,0,0,0,0,0
133,141,  МЕДЭКСПРЕСС,Санкт-Петербург,139402196,0,0,0,0,0,139402196,136143293,7499496,0,0,128643797,3258903,3027003,887561,0,0,0,28220,0,0,1183198,928024,231900,0,0,0,0,0,174000,174000,0,0,0,0,0,57900,0,0,0,0,0,0,0,0,0,0
134,3594,  МЕЖДУНАРОДНАЯ СТРАХОВАЯ ГРУППА,Москва,19120506,83750,0,0,0,0,19120506,18345890,17910945,0,0,434945,774616,230050,0,0,0,0,0,0,0,0,230050,20000,0,0,0,0,0,0,0,0,0,0,0,20000,0,0,0,524566,0,0,0,0,0,0,0
135,1461,  МЕСКО,Москва,108206206,0,0,0,0,0,108206206,366864,250119,0,0,116745,107839342,8185012,0,0,0,0,2149,0,0,5524016,2658847,97934933,0,0,0,0,0,0,0,0,0,0,0,0,774767,97160166,0,1719397,0,0,0,0,0,0,0
136,3256,  МЕТЛАЙФ,Москва,1691273139,0,377978345,376354426,205419009,1623919,1313294794,1313294794,851833477,0,0,461461317,0,0,0,0,0,0,0,0,0,0,0,0,0,0,0,0,0,0,0,0,0,0,0,0,0,0,0,0,0,0,0,0,0,0,0
137,166,  МИЛОСЕРДИЕ И БЛАГОПОЛУЧИЕ,Красногорск,0,0,0,0,0,0,0,0,0,0,0,0,0,0,0,0,0,0,0,0,0,0,0,0,0,0,0,0,0,0,0,0,0,0,0,0,0,0,0,0,0,0,0,0,0,0,0
138,2950,  МОСКВА-ВОЛГА,Красногорск,1021760,0,0,0,0,0,1021760,0,0,0,0,0,1021760,955260,0,0,0,0,0,0,0,955260,0,66500,0,0,0,0,0,0,0,0,0,0,0,0,66500,0,0,0,0,0,0,0,0,0,0
139,2290,  МОСКОВИЯ,Москва,9304414,28478,0,0,0,0,9304414,6923071,6815927,0,0,107144,2381343,1790582,389332,0,0,0,163130,0,0,513965,724155,230800,0,0,0,0,0,157900,157900,0,0,0,0,0,72900,0,0,359961,0,0,0,0,0,0,0
140,3128,  МСК АЙАЙСИ,Москва,13486687,0,0,0,0,0,13486687,0,0,0,0,0,13486687,666,0,0,0,0,0,0,0,0,666,13486021,0,0,0,0,0,0,0,0,0,0,0,0,8525,13477496,0,0,0,0,0,0,0,0,0
141,413,  МСК СТРАЖ,Рязань,62003003,1003168,0,0,0,0,62003003,39393430,28457150,0,0,10936280,22609573,21518343,1402400,0,0,4002,85343,19468,13360,5670404,14336726,1091230,0,0,0,0,0,55400,55400,0,0,0,0,0,1035830,0,0,0,0,0,0,0,0,0,0
142,2326,  МСК УРАЛСИБ,Климовск,108000,0,0,0,0,0,108000,108000,0,0,0,108000,0,0,0,0,0,0,0,0,0,0,0,0,0,0,0,0,0,0,0,0,0,0,0,0,0,0,0,0,0,0,0,0,0,0,0
143,3624,  МСК-МЕДИЦИНА,Краснодар,0,0,0,0,0,0,0,0,0,0,0,0,0,0,0,0,0,0,0,0,0,0,0,0,0,0,0,0,0,0,0,0,0,0,0,0,0,0,0,0,0,0,0,0,0,0,0
144,1447,  НАДЕЖДА,Красноярск,0,0,0,0,0,0,0,0,0,0,0,0,0,0,0,0,0,0,0,0,0,0,0,0,0,0,0,0,0,0,0,0,0,0,0,0,0,0,0,0,0,0,0,0,0,0,0
145,2182,  НАДЕЖДА,Красноярск,258411265,0,0,0,0,0,258411265,221533284,48455721,0,0,173077563,36877981,30788593,20392939,0,0,39721,9980,0,0,4768298,5577655,4479510,246972,5055,0,0,241917,2939880,2939880,0,0,0,16900,8140,1240118,27500,0,1609878,0,0,0,0,0,0,0
146,4192,  НАРОДНЫЕ КАССЫ,Москва,4387407,0,0,0,0,0,4387407,0,0,0,0,0,4387407,39346,0,0,0,0,0,0,0,31858,7488,1891565,0,0,0,0,0,0,0,0,0,0,0,0,0,1891565,0,2456496,0,0,0,0,0,0,0
147,1535,  НАСКО ЖИЗНЬ,Казань,44852,0,44852,44814,0,38,0,0,0,0,0,0,0,0,0,0,0,0,0,0,0,0,0,0,0,0,0,0,0,0,0,0,0,0,0,0,0,0,0,0,0,0,0,0,0,0,0
148,3116,  НАСКО ТАТАРСТАН,Казань,444620748889,0,0,0,0,0,399358937,91018136,72779464,0,0,18238672,308340801,273718284,9254019,131695,53728,431808,84714,2082528,0,160028341,101651451,30257716,730121,0,0,23430,706691,41060,33800,0,260,7000,131800,2782291,18258257,8314187,0,4364801,0,0,0,444221389952,17360000,444204029952,0
149,1826,  НАЦИОНАЛЬНАЯ СТРАХОВАЯ ГРУППА,Долгопрудный,15335578,0,8623,8623,0,0,15326955,74881,62691,0,0,12190,15252074,15252074,0,0,0,0,0,0,0,14932509,319565,0,0,0,0,0,0,0,0,0,0,0,0,0,0,0,0,0,0,0,0,0,0,0,0
150,3493,  НАЦИОНАЛЬНЫЕ СТРАХОВЫЕ ТРАДИЦИИ,Москва,5600,0,0,0,0,0,5600,300,300,0,0,0,5300,300,0,0,0,0,0,0,0,0,300,5000,0,0,0,0,0,5000,5000,0,0,0,0,0,0,0,0,0,0,0,0,0,0,0,0
151,3919,  НАША ГАРАНТИЯ,Москва,10278904,0,0,0,0,0,10278904,2988540,2253435,0,0,735105,7290364,4181431,2604156,0,0,0,84304,0,0,1312775,180196,3108933,0,0,0,0,0,4810,4810,0,0,0,0,0,3071640,32483,0,0,0,0,0,0,0,0,0
152,3847,  НЕЗАВИСИМАЯ СТРАХОВАЯ ГРУППА,Москва,242543563,39635,0,0,0,0,237498563,133064804,5356661,0,0,127708143,104433759,98311355,768905,0,25618371,3212,49108113,0,0,20956868,1855886,6122404,0,0,0,0,0,5777583,67270,0,5710313,0,0,0,344821,0,0,0,0,0,0,5045000,5045000,0,0
153,3693,  НЕЗАВИСИМОСТЬ,Москва,57871720,0,0,0,0,0,57871720,19059199,19059199,0,0,0,38812521,19851047,19410285,0,0,0,0,0,0,313357,127405,2185650,0,0,0,0,0,0,0,0,0,0,0,0,2185650,0,0,16775824,0,0,0,0,0,0,0
154,2917,  НИК,Ульяновск,127603195,0,0,0,0,0,127603195,2605639,2406650,0,0,198989,124997556,9085468,333825,0,6720964,0,469120,0,0,1303417,258142,112206833,112030190,5600,0,112024590,0,92000,92000,0,0,0,0,0,84643,0,0,3705255,0,0,0,0,0,0,0
155,401,  НИК-ЛАЙФ,Ульяновск,135105,0,135105,61278,0,73827,0,0,0,0,0,0,0,0,0,0,0,0,0,0,0,0,0,0,0,0,0,0,0,0,0,0,0,0,0,0,0,0,0,0,0,0,0,0,0,0,0
156,4323,  НКО ОВСС,Москва,508450,0,0,0,0,0,508450,0,0,0,0,0,508450,0,0,0,0,0,0,0,0,0,0,508450,0,0,0,0,0,0,0,0,0,0,0,0,0,508450,0,0,0,0,0,0,0,0,0
157,2099,  НОВОЛИПЕЦКАЯ,Липецк,0,0,0,0,0,0,0,0,0,0,0,0,0,0,0,0,0,0,0,0,0,0,0,0,0,0,0,0,0,0,0,0,0,0,0,0,0,0,0,0,0,0,0,0,0,0,0
158,1961,  НОВЫЙ УРЕНГОЙ,Новый Уренгой,0,0,0,0,0,0,0,0,0,0,0,0,0,0,0,0,0,0,0,0,0,0,0,0,0,0,0,0,0,0,0,0,0,0,0,0,0,0,0,0,0,0,0,0,0,0,0
159,3870,  НСГ СТРАХОВАНИЕ ЖИЗНИ,Москва,8196414,0,4225853,4225853,0,0,3970561,3970561,3970561,0,0,0,0,0,0,0,0,0,0,0,0,0,0,0,0,0,0,0,0,0,0,0,0,0,0,0,0,0,0,0,0,0,0,0,0,0,0
160,3295,  НСГ-РОСЭНЕРГО,Горно-Алтайск,49291494,0,0,0,0,0,49291494,34276660,19909704,0,0,14366956,15014834,14766913,11953800,0,0,38000,0,112027,0,2162742,500344,247921,0,0,0,0,0,0,0,0,0,0,0,1300,246621,0,0,0,0,0,0,0,0,0,0
161,3010,  ОБЛАСТНАЯ МЕД.СТРАХ. КОМПАНИЯ,Калининград обл.,0,0,0,0,0,0,0,0,0,0,0,0,0,0,0,0,0,0,0,0,0,0,0,0,0,0,0,0,0,0,0,0,0,0,0,0,0,0,0,0,0,0,0,0,0,0,0
162,2346,  ОБЪЕДИНЕННАЯ СТРАХОВАЯ КОМПАНИЯ,Самара,19439309176,0,0,0,0,0,68718768,8348180,5384736,0,0,2963444,60370588,55060495,23499603,0,3940,502077,1340032,500,0,22391873,7322470,5310093,187165,12575,0,0,174590,1683141,1677701,0,1440,4000,10500,2333038,1094749,1500,0,0,0,0,0,19370590408,10445000,19360145408,0
163,4314,  ОВС ЗАСТРОЙЩИКОВ,Москва,187981979,0,0,0,0,0,187981979,0,0,0,0,0,187981979,0,0,0,0,0,0,0,0,0,0,187981979,0,0,0,0,0,0,0,0,0,0,0,0,0,187981979,0,0,0,0,0,0,0,0,0
164,4348,  ОВС МЕД,Тюмень,0,0,0,0,0,0,0,0,0,0,0,0,0,0,0,0,0,0,0,0,0,0,0,0,0,0,0,0,0,0,0,0,0,0,0,0,0,0,0,0,0,0,0,0,0,0,0
165,4301,  ОВС НОВС,Камышин,1267961,0,0,0,0,0,1267961,0,0,0,0,0,1267961,0,0,0,0,0,0,0,0,0,0,741054,0,0,0,0,0,0,0,0,0,0,0,0,0,741054,0,526907,0,0,0,0,0,0,0
166,4293,  ОЙЛЕР ГЕРМЕС РУ,Москва,310067799,0,0,0,0,0,310067799,0,0,0,0,0,310067799,0,0,0,0,0,0,0,0,0,0,0,0,0,0,0,0,0,0,0,0,0,0,0,0,0,310067799,0,0,0,0,0,0,0,0
167,3099,  ОПОРА,Москва,92031223891,0,0,0,0,0,131394081,53226778,49668447,0,0,3558331,78167303,56924924,3006770,0,0,0,165748,675543,675543,34614408,18462455,14794634,0,0,0,0,0,216236,216236,0,0,0,158100,162492,14163001,94805,1270000,5177745,0,0,0,91899829810,1720000,91898109810,0
168,326,  ОРБИТА,Москва,64278958,0,0,0,0,0,64278958,54718,39330,0,0,15388,64224240,1463379,91950,0,0,0,0,0,0,1300131,71298,62756558,0,0,0,0,0,0,0,0,0,0,0,62403925,352633,0,0,4303,0,0,0,0,0,0,0
169,4008,  ОСЖ РЕСО-ГАРАНТИЯ,Москва,18205342,7768,1125699,1125699,0,0,17079643,17079643,17079643,0,0,0,0,0,0,0,0,0,0,0,0,0,0,0,0,0,0,0,0,0,0,0,0,0,0,0,0,0,0,0,0,0,0,0,0,0,0
170,3645,  ОТКРЫТИЕ СТРАХОВАНИЕ ЖИЗНИ,Москва,21895657,0,21895316,21841600,15831646,53716,341,341,333,0,0,8,0,0,0,0,0,0,0,0,0,0,0,0,0,0,0,0,0,0,0,0,0,0,0,0,0,0,0,0,0,0,0,0,0,0,0
171,173,  ПАНАЦЕЯ,Ростов-на-Дону,0,0,0,0,0,0,0,0,0,0,0,0,0,0,0,0,0,0,0,0,0,0,0,0,0,0,0,0,0,0,0,0,0,0,0,0,0,0,0,0,0,0,0,0,0,0,0
172,915,  ПАРИ,Москва,6489841380,0,0,0,0,0,791763369,88194221,86524283,0,0,1669938,703569148,602958967,11390819,6867,0,214275,35019080,0,0,421286822,135041104,55407698,0,0,0,0,0,8799946,6349083,0,5380,2445483,103600,14423032,31781019,300101,354696,44847787,0,0,0,5698078011,13955000,5684123011,0
173,3268,  ПАРИТЕТ-СК,Москва,4227534289,5120,0,0,0,0,46861769,6339925,6072606,0,0,267319,40521844,33482695,903082,0,0,7332,36200,0,0,32376422,159659,6349027,0,0,0,0,0,573460,349800,0,21660,202000,1100,187300,5587167,0,667370,22752,0,0,0,4180672520,2005000,4178667520,0
174,2284,  ПЛАТО,Москва,36515523,0,0,0,0,0,36515523,32631136,32624536,0,0,6600,3884387,3427117,760,0,0,0,28910,0,0,3360803,36644,457270,0,0,0,0,0,3000,3000,0,0,0,0,0,454270,0,0,0,0,0,0,0,0,0,0
175,3568,  ПОВОЛЖСКИЙ СТРАХОВОЙ АЛЬЯНС,Сызрань,22665286,0,0,0,0,0,22665286,14504219,14492062,0,0,12157,8161067,7701702,2971162,0,0,28000,2993,0,0,1314554,3384993,446399,8920,8920,0,0,0,69285,69285,0,0,0,0,222570,145624,0,0,12966,0,0,0,0,0,0,0
176,1111,  ПОДМОСКОВЬЕ,Подольск,16757473,0,0,0,0,0,16757473,2438547,2378826,0,0,59721,14318926,11773523,740939,0,0,1463535,101405,0,0,4126665,5340979,2545403,0,0,0,0,0,103800,103800,0,0,0,5000,3540,2433063,0,0,0,0,0,0,0,0,0,0
177,3390,  ПОЛИС-ГАРАНТ,Москва,43012115,0,0,0,0,0,43012115,10144626,417760,0,0,9726866,32867489,15587916,6249099,0,0,0,196788,0,0,5199029,3943000,10280149,0,0,0,0,0,4924637,4924637,0,0,0,0,434200,4921312,0,0,6999424,0,0,0,0,0,0,0
178,3609,  ППФ СТРАХОВАНИЕ ЖИЗНИ,Москва,158880673,0,79437023,72556414,0,6880609,79443650,79443650,79443650,0,0,0,0,0,0,0,0,0,0,0,0,0,0,0,0,0,0,0,0,0,0,0,0,0,0,0,0,0,0,0,0,0,0,0,0,0,0
179,3889,  ПРЕСТИЖ-ПОЛИС,Москва,4058459,0,0,0,0,0,4058459,27803,1235,0,0,26568,4030656,3936506,147385,0,0,0,43471,0,0,3513718,231932,94150,0,0,0,0,0,84650,84650,0,0,0,0,0,9500,0,0,0,0,0,0,0,0,0,0
180,3438,  ПРОМИНСТРАХ,Москва,72894159254,0,0,0,0,0,138451904,53072140,44724485,80000,0,8347655,85379764,69209083,1240626,0,57854,19950,296646,0,0,65060093,2533914,13718432,92873,0,0,47025,45848,257000,245000,0,6000,6000,807236,2315098,10184078,62147,1638781,813468,0,0,0,72755707350,4395000,72751312350,0
181,3914,  ПРОМЫШЛЕННАЯ ПЕРЕСТРАХОВОЧНАЯ КОМПАНИЯ,Москва,0,0,0,0,0,0,0,0,0,0,0,0,0,0,0,0,0,0,0,0,0,0,0,0,0,0,0,0,0,0,0,0,0,0,0,0,0,0,0,0,0,0,0,0,0,0,0
182,2682,  ПРОФСОДРУЖЕСТВО,Москва,52755,0,0,0,0,0,52755,4070,1900,0,0,2170,48685,48685,3074,0,0,0,0,0,0,44611,1000,0,0,0,0,0,0,0,0,0,0,0,0,0,0,0,0,0,0,0,0,0,0,0,0
183,4179,  РАЙФФАЙЗЕН ЛАЙФ,Москва,629584446,0,110328190,110328190,0,0,519256256,519256256,44381922,0,0,474874334,0,0,0,0,0,0,0,0,0,0,0,0,0,0,0,0,0,0,0,0,0,0,0,0,0,0,0,0,0,0,0,0,0,0,0
184,72,  РЕГИОНАЛЬНАЯ СТРАХОВАЯ КОМПАНИЯ,Москва,197695408,0,0,0,0,0,197695408,0,0,0,0,0,197695408,2662295,0,0,0,0,0,0,0,0,2662295,195033113,0,0,0,0,0,0,0,0,0,0,0,0,0,195033113,0,0,0,0,0,0,0,0,0
185,3621,  РЕГИОНАЛЬНЫЙ СТРАХОВОЙ ЦЕНТР,Москва,102632709,0,0,0,0,0,102632709,401752,399128,0,0,2624,102230957,1533064,118632,0,150000,0,0,0,0,700618,563814,100685413,3556376,0,0,3556376,0,2000,2000,0,0,0,10500,0,88158984,8957553,0,12480,0,0,0,0,0,0,0
186,1908,  РЕГИОНГАРАНТ,Москва,29713033737,0,5600,0,0,5600,177586825,13159738,8507793,0,0,4651945,164427087,157532456,5971049,28425017,6245155,319637,23236942,44256,0,84100830,9189570,6894631,829581,303280,0,501257,25044,726988,701700,0,25288,0,0,41000,5118780,178282,0,0,0,0,0,29535441312,3715000,29531726312,0
187,2733,  РЕЗЕРВ,Хабаровск,118207563,0,0,0,0,0,118207563,94340558,94340558,0,0,0,23867005,15653309,0,0,0,0,0,0,0,6490574,9162735,3047645,0,0,0,0,0,0,0,0,0,0,0,0,3047645,0,0,5166051,0,0,0,0,0,0,0
188,3972,  РЕНЕССАНС ЖИЗНЬ,Москва,964029265,315212,256666623,256666623,213601364,0,707362642,707362642,356691882,0,0,350670760,0,0,0,0,0,0,0,0,0,0,0,0,0,0,0,0,0,0,0,0,0,0,0,0,0,0,0,0,0,0,0,0,0,0,0
189,1209,  РЕСО-ГАРАНТИЯ,Москва,293937791237,311870250,1266616,1248778,0,17838,7592951821,1793821399,455839706,4996000,0,1337981693,5799130422,3708516752,474559884,30981613,0,172450,243849951,259966,0,1608729652,1349963236,657234705,5653527,5650727,0,2800,0,336003327,331807599,0,0,4195728,12053618,79556721,222974240,993272,1371862308,61516657,0,0,0,286343572800,262200000,286081372800,0
190,879,  РЕСО-МЕД,Павловский Посад,0,0,0,0,0,0,0,0,0,0,0,0,0,0,0,0,0,0,0,0,0,0,0,0,0,0,0,0,0,0,0,0,0,0,0,0,0,0,0,0,0,0,0,0,0,0,0
191,3492,  РЕСПЕКТ,Рязань,466900838,0,0,0,0,0,466900838,61941879,61914470,0,0,27409,404958959,44825510,0,0,0,0,4110869,0,0,40714641,0,360133449,0,0,0,0,0,0,0,0,0,0,0,0,9098162,351035287,0,0,0,0,0,0,0,0,0
192,3348,  РОМЕД,Москва,0,0,0,0,0,0,0,0,0,0,0,0,0,0,0,0,0,0,0,0,0,0,0,0,0,0,0,0,0,0,0,0,0,0,0,0,0,0,0,0,0,0,0,0,0,0,0
193,1,  РОСГОССТРАХ,Москва,1718754944535,654831706,0,0,0,0,17809389364,4915999868,1946890021,0,0,2969109847,12893389496,12096940502,473634544,324433631,38459427,98215946,5463387989,71431402,52170960,3248331919,2379045644,699925798,252845158,4470987,0,42587166,205787005,69649332,69649332,0,0,0,38814690,18501898,308031274,12083446,86583513,9939683,0,0,0,1700945555171,584850000,1700360705171,0
194,3984,  РОСГОССТРАХ-ЖИЗНЬ,Москва,1765353205,1795117,317442732,317344233,0,98499,1447910473,1447910473,1447910473,0,0,0,0,0,0,0,0,0,0,0,0,0,0,0,0,0,0,0,0,0,0,0,0,0,0,0,0,0,0,0,0,0,0,0,0,0,0
195,3676,  РОСГОССТРАХ-МЕДИЦИНА,Москва,0,0,0,0,0,0,0,0,0,0,0,0,0,0,0,0,0,0,0,0,0,0,0,0,0,0,0,0,0,0,0,0,0,0,0,0,0,0,0,0,0,0,0,0,0,0,0
196,3535,  РОСИНКОР РЕЗЕРВ,Дмитров,68143789,0,0,0,0,0,68143789,6777270,6777270,0,0,0,61366519,54854427,1364647,0,0,549718,2263194,0,0,50401182,275686,6512092,0,0,0,0,0,430920,430920,0,0,0,0,3543600,940270,1597302,0,0,0,0,0,0,0,0,0
197,60,  РОСЛЕС,Ростов-на-Дону,2347541,0,0,0,0,0,2167541,373446,359156,0,0,14290,1794095,1579195,104065,0,0,0,184560,0,0,1147850,142720,194750,0,0,0,0,0,0,0,0,0,0,0,191750,3000,0,0,20150,0,0,0,180000,180000,0,0
198,3451,  РОСМЕД,Москва,13330376,0,0,0,0,0,13330376,3434351,203377,0,0,3230974,9896025,6055959,117101,0,0,0,1426399,0,0,4480136,32323,3337236,0,0,0,0,0,20700,20700,0,0,0,0,2652881,23410,640245,0,502830,0,0,0,0,0,0,0
199,2191,  РОСМЕДСТРАХ - К,Курск,0,0,0,0,0,0,0,0,0,0,0,0,0,0,0,0,0,0,0,0,0,0,0,0,0,0,0,0,0,0,0,0,0,0,0,0,0,0,0,0,0,0,0,0,0,0,0
200,2890,  РОСНО-МС,Москва,3512753,85332,0,0,0,0,3512753,3512753,0,0,0,3512753,0,0,0,0,0,0,0,0,0,0,0,0,0,0,0,0,0,0,0,0,0,0,0,0,0,0,0,0,0,0,0,0,0,0,0
201,3720,  РОСТ-СТРАХОВАНИЕ,Химки,1466367,0,0,0,0,0,1466367,0,0,0,0,0,1466367,1319170,1076868,0,0,0,2731,0,0,239571,0,147197,0,0,0,0,0,0,0,0,0,0,0,0,147197,0,0,0,0,0,0,0,0,0,0
202,975,  РОСЭНЕРГО,Горно-Алтайск,160950,0,0,0,0,0,160950,0,0,0,0,0,160950,160950,160950,0,0,0,0,0,0,0,0,0,0,0,0,0,0,0,0,0,0,0,0,0,0,0,0,0,0,0,0,0,0,0,0
203,2947,  РСХБ-СТРАХОВАНИЕ,Москва,1361357517,0,0,0,0,0,1155599507,327443151,277343151,0,0,50100000,828156356,785753928,9594552,85956,0,317059,83063,115446529,50914761,596959851,63266918,9939735,0,0,0,0,0,938000,938000,0,0,0,0,674900,7527423,799412,5328911,27133782,25982010,25982010,0,179776000,1600000,178176000,0
204,1999,  РУССКАЯ КОРОНА,Рязань,355778,0,0,0,0,0,355778,392,392,0,0,0,355386,29985,0,0,0,0,1040,0,0,28945,0,325401,0,0,0,0,0,0,0,0,0,0,0,0,325401,0,0,0,0,0,0,0,0,0,0
205,3748,  РУССКИЙ СТАНДАРТ СТРАХОВАНИЕ,Москва,187227550,0,36616480,36616480,0,0,150611070,150611070,133445566,0,0,17165504,0,0,0,0,0,0,0,0,0,0,0,0,0,0,0,0,0,0,0,0,0,0,0,0,0,0,0,0,0,0,0,0,0,0,0
206,235,  РУССКОЕ ПЕРЕСТРАХОВОЧНОЕ ОБ-ВО,Москва,0,0,0,0,0,0,0,0,0,0,0,0,0,0,0,0,0,0,0,0,0,0,0,0,0,0,0,0,0,0,0,0,0,0,0,0,0,0,0,0,0,0,0,0,0,0,0
207,4202,  САКЛАУ,Казань,1307110,0,0,0,0,0,1307110,0,0,0,0,0,1307110,0,0,0,0,0,0,0,0,0,0,1307110,0,0,0,0,0,0,0,0,0,0,0,0,1307110,0,0,0,0,0,0,0,0,0,0
208,2873,  САХАМЕДСТРАХ,Якутск,66211,11914,0,0,0,0,66211,66211,0,0,0,66211,0,0,0,0,0,0,0,0,0,0,0,0,0,0,0,0,0,0,0,0,0,0,0,0,0,0,0,0,0,0,0,0,0,0,0
209,4331,  СБЕРБАНК СТРАХОВАНИЕ,Москва,6870875722,0,0,0,0,0,6870875722,3723100442,19581425,0,0,3703519017,3147775280,1209617983,0,0,0,0,516755,0,0,125289359,1083811869,566932477,0,0,0,0,0,0,0,0,0,0,0,0,566932477,0,3413460,1367811360,0,0,0,0,0,0,0
210,3692,  СБЕРБАНК СТРАХОВАНИЕ ЖИЗНИ,Москва,1636940863,0,1512273353,1512273353,1305117801,0,124667510,124667510,124384288,0,0,283222,0,0,0,0,0,0,0,0,0,0,0,0,0,0,0,0,0,0,0,0,0,0,0,0,0,0,0,0,0,0,0,0,0,0,0
211,3498,  СВИСС-ГАРАНТ,Москва,60403793,0,0,0,0,0,60403793,51978193,6027688,0,0,45950505,8425600,6614091,2572992,0,0,0,277322,0,0,2075497,1688280,1510482,0,0,0,0,0,273560,270810,0,0,2750,0,753383,403539,80000,0,301027,0,0,0,0,0,0,0
212,667,  СВЯЗНОЙ СТРАХОВАНИЕ,Москва,4496813,0,0,0,0,0,4496813,4393800,4393800,0,0,0,103013,103013,0,0,0,0,0,0,0,0,103013,0,0,0,0,0,0,0,0,0,0,0,0,0,0,0,0,0,0,0,0,0,0,0,0
213,3959,  СЕЛЕНА,Санкт-Петербург,0,0,0,0,0,0,0,0,0,0,0,0,0,0,0,0,0,0,0,0,0,0,0,0,0,0,0,0,0,0,0,0,0,0,0,0,0,0,0,0,0,0,0,0,0,0,0
214,632,  СЕРВИСРЕЗЕРВ,Ковров,8814848,0,0,0,0,0,8814848,2684613,2684107,0,0,506,6130235,5623225,2421559,0,0,0,0,0,0,715912,2485754,507010,0,0,0,0,0,0,0,0,0,0,29000,105400,372610,0,0,0,0,0,0,0,0,0,0
215,2353,  СИБИРСКИЙ ДОМ СТРАХОВАНИЯ,Кемерово,79723432631,0,0,0,0,0,81703576,72969752,56650894,0,0,16318858,8733824,4090652,277364,0,0,0,76069,0,0,2871476,865743,3460345,20000,20000,0,0,0,2758041,2758041,0,0,0,1400,0,404104,276800,1156027,26800,0,0,0,79641729055,4250000,79637479055,0
216,3467,  СИБИРСКИЙ СПАС,Новокузнецк,37353593,0,0,0,0,0,37353593,27030450,11804714,0,0,15225736,10323143,10140170,9672509,0,0,0,0,0,0,43370,424291,182973,0,0,0,0,0,0,0,0,0,0,0,38350,144623,0,0,0,0,0,0,0,0,0,0
217,3270,  СИБИРСКИЙ СПАС-МЕД,Новокузнецк,0,0,0,0,0,0,0,0,0,0,0,0,0,0,0,0,0,0,0,0,0,0,0,0,0,0,0,0,0,0,0,0,0,0,0,0,0,0,0,0,0,0,0,0,0,0,0
218,4105,  СИВ ЛАЙФ,Москва,142437450,0,90309828,90309828,30471761,0,52127622,52127622,52127622,0,0,0,0,0,0,0,0,0,0,0,0,0,0,0,0,0,0,0,0,0,0,0,0,0,0,0,0,0,0,0,0,0,0,0,0,0,0
219,2444,  СИМАЗ-МЕД,Новосибирск,183218,0,0,0,0,0,183218,183218,0,0,0,183218,0,0,0,0,0,0,0,0,0,0,0,0,0,0,0,0,0,0,0,0,0,0,0,0,0,0,0,0,0,0,0,0,0,0,0
220,3803,  СК ДОМИНАНТА,Москва,53506261,0,0,0,0,0,53506261,3540,3540,0,0,0,53502721,41310227,0,0,0,0,0,0,0,41310227,0,4842029,0,0,0,0,0,0,0,0,0,0,0,1229500,3612529,0,0,7350465,0,0,0,0,0,0,0
221,3225,  СК ЕВРОПЛАН,Москва,24221050,0,0,0,0,0,24221050,0,0,0,0,0,24221050,17177442,17177442,0,0,0,0,0,0,0,0,7043608,0,0,0,0,0,7043608,7043608,0,0,0,0,0,0,0,0,0,0,0,0,0,0,0,0
222,3825,  СК СОГАЗ-ЖИЗНЬ,Москва,46039115,838434,23830447,12888337,70246,10942110,22208668,22208668,22015896,429400,0,192772,0,0,0,0,0,0,0,0,0,0,0,0,0,0,0,0,0,0,0,0,0,0,0,0,0,0,0,0,0,0,0,0,0,0,0
223,4174,  СКОР П.О.,Москва,0,0,0,0,0,0,0,0,0,0,0,0,0,0,0,0,0,0,0,0,0,0,0,0,0,0,0,0,0,0,0,0,0,0,0,0,0,0,0,0,0,0,0,0,0,0,0
224,3941,  СМП-СТРАХОВАНИЕ,Москва,22965615,0,0,0,0,0,22965615,6053904,1265263,0,0,4788641,16911711,16741232,623513,0,0,0,29740,0,0,13680553,2407426,170433,0,0,0,0,0,44100,44100,0,0,0,0,0,126333,0,0,46,0,0,0,0,0,0,0
225,3834,  СО ПОМОЩЬ,Санкт-Петербург,11464936349,320995,0,0,0,0,419415189,10524320,4951048,4748000,0,5573272,408890869,214517827,758352,0,0,176559,444080,500515,500420,210719274,1919047,95831393,0,0,0,0,0,2374063,2366939,0,0,7124,1300,86800,88760704,4608526,5237,98536412,0,0,0,11045521160,705000,11044816160,0
226,1208,  СОГАЗ,Москва,17468631449125,0,0,0,0,0,112342379851,34971117584,7517339436,0,0,27453778148,77371262267,54369548854,417000915,768592030,619488140,522827915,2880551856,9865807,3588281,48092516428,1058705763,15724358331,12190544421,0,0,10577432811,1613111610,143056882,111160902,0,825860,31070120,311641400,590774401,2481316151,7025076,6900502812,376852270,10916871546,10916871546,0,17345372197728,687860000,17344684337728,0
227,3230,  СОГАЗ-МЕД,Москва,20076000,0,0,0,0,0,20076000,20076000,0,0,0,20076000,0,0,0,0,0,0,0,0,0,0,0,0,0,0,0,0,0,0,0,0,0,0,0,0,0,0,0,0,0,0,0,0,0,0,0
228,1307,  СОГЛАСИЕ,Москва,760455009623,75831775,0,0,0,0,4535770983,1134323681,693886721,0,0,440436960,3401447302,2922954002,346834207,32597328,890805,56341002,60690114,12062937,7726947,2287866281,125671328,423330255,54720432,0,1393656,53234505,92271,270519362,64537783,0,95982,205885597,16347576,1230200,78097262,2415423,52042078,3120967,0,0,0,755919238640,139630000,755779608640,0
229,1741,  СОГЛАСИЕ - М,Москва,0,0,0,0,0,0,0,0,0,0,0,0,0,0,0,0,0,0,0,0,0,0,0,0,0,0,0,0,0,0,0,0,0,0,0,0,0,0,0,0,0,0,0,0,0,0,0
230,3511,  СОГЛАСИЕ-ВИТА,Москва,29332349,68445,26939447,26939447,0,0,2392902,2392902,2392902,0,0,0,0,0,0,0,0,0,0,0,0,0,0,0,0,0,0,0,0,0,0,0,0,0,0,0,0,0,0,0,0,0,0,0,0,0,0
231,1580,  СОСЬЕТЕ ЖЕНЕРАЛЬ СТРАХОВАНИЕ,Москва,102227999,0,0,0,0,0,102227999,30603500,275444,0,0,30328056,71624499,17066775,1981798,0,0,0,0,0,0,0,15084977,301867,0,0,0,0,0,0,0,0,0,0,0,0,301867,0,0,54255857,0,0,0,0,0,0,0
232,4079,  СОСЬЕТЕ ЖЕНЕРАЛЬ СТРАХОВАНИЕ ЖИЗНИ,Москва,208350572,0,125976002,125976002,125976002,0,82374570,82374570,82374570,0,0,0,0,0,0,0,0,0,0,0,0,0,0,0,0,0,0,0,0,0,0,0,0,0,0,0,0,0,0,0,0,0,0,0,0,0,0
233,3528,  СПАСЕНИЕ,Казань,9095653,0,0,0,0,0,9095653,9095653,0,0,0,9095653,0,0,0,0,0,0,0,0,0,0,0,0,0,0,0,0,0,0,0,0,0,0,0,0,0,0,0,0,0,0,0,0,0,0,0
234,3300,  СПАССКИЕ ВОРОТА,Салехард,650628233,2741870,0,0,0,0,418388833,23979805,3854091,0,0,20125714,394409028,38432156,481052,0,1079507,2307874,23727006,0,0,8128764,2707953,355976872,2000,0,0,0,2000,353362036,189326,0,9525060,343647650,2000,1541859,1068977,0,0,0,0,0,0,232239400,1225000,231014400,0
235,2354,  СПАССКИЕ ВОРОТА-М,Москва,83809,0,0,0,0,0,83809,83809,0,0,0,83809,0,0,0,0,0,0,0,0,0,0,0,0,0,0,0,0,0,0,0,0,0,0,0,0,0,0,0,0,0,0,0,0,0,0,0
236,3541,  СПУТНИК,Москва,353279829,0,0,0,0,0,353279829,20415954,15495281,0,0,4920673,332863875,33050212,415679,0,73859,19620796,1600316,0,0,10940538,399024,172564721,0,0,0,0,0,133548194,54500,0,9933578,123560116,70500,33854911,5089616,1500,0,127248942,0,0,0,0,0,0,0
237,3983,  СТЕРХ,Якутск,125688870411,0,0,0,0,0,493885046,6574725,6554659,0,0,20066,487310321,100222832,889955,0,12960335,3824907,7682988,190580,188825,70642915,4031152,381300755,374907110,6000,0,358567465,16333645,3953,0,0,3953,0,1410198,1302442,2308098,1368954,5678033,108701,0,0,0,125194985365,12190500,125182794865,0
238,3229,  СТРАХОВАЯ БИЗНЕС ГРУППА,Воронеж,1157465191554,18634,0,0,0,0,280897018,18436007,10739503,0,0,7696504,262461011,232424785,54470,8518743,8750,0,706765,0,0,222653505,482552,25813713,157192,0,0,0,157192,40168,0,0,40168,0,1100,2211450,23035454,368349,1338059,2884454,0,0,0,1157184294536,8165000,1157176129536,0
239,461,  СТРАХОВАЯ ГРУППА МСК,Москва,767184146,535235,0,0,0,0,762956962,142453977,104039261,0,0,38414716,620502985,433843873,30520838,304193,21000,733360,108582,828,0,381979955,20175117,27423699,46952,34000,0,12952,0,2831714,2805250,0,300,26164,21500,502136,23672855,348542,136054332,23181081,0,0,0,4227184,2470000,1757184,0
240,574,  СТРАХОВАЯ КОМПАНИЯ ЕКАТЕРИНБУРГ,Екатеринбург,23092360,0,0,0,0,0,23092360,5604989,2154325,0,0,3450664,17487371,15820389,7635196,5000,0,0,116291,0,0,5351928,2711974,1507708,0,0,0,0,0,1329151,1329151,0,0,0,1000,4400,156157,17000,0,159274,0,0,0,0,0,0,0
241,4104,  СТРАХОВАЯ КОМПАНИЯ КАРДИФ,Москва,543191631,34850,0,0,0,0,543191631,429035790,429035790,0,0,0,114155841,84055788,69572000,0,0,0,0,0,0,0,14483788,10618110,0,0,0,0,0,0,0,0,0,0,0,0,10618110,0,0,19481943,0,0,0,0,0,0,0
242,2359,  СТРАХОВАЯ КОМПАНИЯ УСПЕХ,Москва,6614116,0,0,0,0,0,6614116,458359,0,0,0,458359,6155757,6006257,24985,0,0,0,60884,0,0,5670608,249780,149500,0,0,0,0,0,4000,4000,0,0,0,0,0,145500,0,0,0,0,0,0,0,0,0,0
243,3969,  СТРАХОВАЯ КОМПАНИЯ ЭЙС,Москва,1349450068,134021596,0,0,0,0,1349450068,172450770,172450770,9174000,0,0,1176999298,750043930,0,0,0,0,46493834,0,0,702621405,928691,155460102,0,0,0,0,0,0,0,0,0,0,0,53848569,101611533,0,270065266,1430000,0,0,0,0,0,0,0
244,3928,  СТРАХОВЫЕ ИНВЕСТИЦИИ,Уфа,939194,0,0,0,0,0,939194,589839,580438,0,0,9401,349355,126315,7718,0,0,0,0,0,0,16266,102331,222260,0,0,0,0,0,0,0,0,0,0,0,42700,179560,0,0,780,0,0,0,0,0,0,0
245,1149,  СТРИЖ,Ижевск,2107213,0,0,0,0,0,2107213,2072804,1993244,0,0,79560,34409,34409,0,0,0,0,0,0,0,0,34409,0,0,0,0,0,0,0,0,0,0,0,0,0,0,0,0,0,0,0,0,0,0,0,0
246,3857,  СТРОИТЕЛЬНАЯ СТРАХОВАЯ ГРУППА,Москва,55643920,0,0,0,0,0,55643920,319319,194364,0,0,124955,55324601,5775454,120647,0,0,0,0,0,0,5354837,299970,49298071,0,0,0,0,0,1750,1750,0,0,0,0,12460,38117885,11165976,0,251076,0,0,0,0,0,0,0
247,3127,  СУРГУТНЕФТЕГАЗ,Сургут,3384918510,0,0,0,0,0,1594270830,108191922,87760743,0,0,20431179,1486078908,757172284,8643652,0,249659612,963852,6434716,0,0,455098698,36371754,719710521,702035599,0,0,702035599,0,386341,20150,0,2200,363991,2194220,4333270,10598092,162999,15550,9180553,0,0,0,1790647680,17470000,1773177680,0
248,1587,  ТАЛИСМАН,Казань,13784972,0,0,0,0,0,13784972,2122050,2122050,0,0,0,11662922,11353041,1794084,0,16458,0,0,2915100,2290505,4979186,1648213,288999,0,0,0,0,0,3000,0,0,3000,0,0,17200,268799,0,0,20882,0,0,0,0,0,0,0
249,191,  ТИНЬКОФФ СТРАХОВАНИЕ,Москва,259954234,0,0,0,0,0,259954234,246779741,246779741,0,0,0,13174493,11078547,4901363,0,0,0,0,0,0,0,6177184,1829313,0,0,0,0,0,1284000,1284000,0,0,0,0,0,545313,0,0,266633,0,0,0,0,0,0,0
250,1182,  ТИТ,Москва,576223717,0,0,0,0,0,576223717,45352057,39375067,0,0,5976990,530871660,26908350,514025,0,7021887,0,9814833,0,0,9168360,389245,489013574,487795226,0,0,487795226,0,96800,96800,0,0,0,0,1078448,600,42500,0,14949736,0,0,0,0,0,0,0
251,1688,  ТРАНСНАЦИОНАЛЬНАЯ СК,Королев,233069404,0,0,0,0,0,233069404,7685689,7647707,0,0,37982,225383715,223404261,1582549,0,0,0,208576858,0,0,12790307,454547,1979454,5000,5000,0,0,0,969500,969500,0,0,0,0,854711,150243,0,0,0,0,0,0,0,0,0,0
252,1864,  ТРАНСНЕФТЬ,Москва,1048630900,0,0,0,0,0,1048630900,216589713,216586913,0,0,2800,832041187,810475197,3988431,0,0,0,212128,0,0,802587224,3687414,21267444,0,0,0,0,0,2198500,2198500,0,0,0,7289311,0,11778081,1552,0,298546,0,0,0,0,0,0,0
253,1522,  ТРАНССИБ РЕ,Красноярск,0,0,0,0,0,0,0,0,0,0,0,0,0,0,0,0,0,0,0,0,0,0,0,0,0,0,0,0,0,0,0,0,0,0,0,0,0,0,0,0,0,0,0,0,0,0,0
254,1623,  ТЮМЕНЬ-ПОЛИС,Тюмень,49231176,0,0,0,0,0,49231176,13915002,13915002,0,0,0,35316174,27994722,2100620,0,0,0,0,0,0,11623538,14270564,6450,0,0,0,0,0,0,0,0,0,0,0,0,6450,0,0,7315002,0,0,0,0,0,0,0
255,3313,  УГМК-МЕДИЦИНА,Екатеринбург,484307,0,0,0,0,0,484307,484307,0,0,0,484307,0,0,0,0,0,0,0,0,0,0,0,0,0,0,0,0,0,0,0,0,0,0,0,0,0,0,0,0,0,0,0,0,0,0,0
256,1457,  УРАЛ-РЕЦЕПТ М,Екатеринбург,10770,0,0,0,0,0,10770,10770,0,0,0,10770,0,0,0,0,0,0,0,0,0,0,0,0,0,0,0,0,0,0,0,0,0,0,0,0,0,0,0,0,0,0,0,0,0,0,0
257,983,  УРАЛСИБ,Москва,1084990918211,12056685,0,0,0,0,2482753699,1825253421,617692875,0,0,1207560546,657500278,502276379,59338713,10326967,1393144,0,3764878,745,0,230921678,196530254,87275988,218,0,0,218,0,6011880,6011880,0,0,0,291955,616306,79506440,849189,87400,67860511,0,0,0,1082508164512,47300000,1082460864512,0
258,3987,  УРАЛСИБ ЖИЗНЬ,Москва,101922470,0,53396992,53378081,48840652,18911,48525478,48525478,48525478,0,0,0,0,0,0,0,0,0,0,0,0,0,0,0,0,0,0,0,0,0,0,0,0,0,0,0,0,0,0,0,0,0,0,0,0,0,0
259,161,  ФЕДЕРАЛЬНАЯ СТРАХОВАЯ КОМПАНИЯ,Москва,561700,0,0,0,0,0,561700,561700,7500,0,0,554200,0,0,0,0,0,0,0,0,0,0,0,0,0,0,0,0,0,0,0,0,0,0,0,0,0,0,0,0,0,0,0,0,0,0,0
260,79,  ФИНРОС,Тула,378446,0,0,0,0,0,378446,3075,3075,0,0,0,375371,182543,0,0,0,0,0,0,0,182508,35,60844,0,0,0,0,0,0,0,0,0,0,0,0,60844,0,0,131984,0,0,0,0,0,0,0
261,3598,  ФЬОРД,Самара,8360776,0,0,0,0,0,8360776,2868959,2394085,0,0,474874,5491817,4449764,1727469,0,0,0,0,0,0,1880984,841311,804713,0,0,0,0,0,83490,83490,0,0,0,0,254000,467223,0,0,237340,0,0,0,0,0,0,0
262,319,  ХОСКА,Хабаровск,52280744,698843,0,0,0,0,52280744,23217037,4215770,0,0,19001267,29063707,22815485,1515496,0,1000,2657103,1825848,0,0,14895902,1920136,4776263,0,0,0,0,0,843069,85150,0,0,757919,0,67913,3765281,100000,0,1471959,0,0,0,0,0,0,0
263,3507,  ХОУМ КРЕДИТ СТРАХОВАНИЕ,Москва,238054230,0,0,0,0,0,238054230,163267604,163267604,0,0,0,74786626,48647008,0,0,0,0,71210,0,0,2850328,45725470,25650935,0,0,0,0,0,0,0,0,0,0,0,8652272,16998663,0,0,488683,0,0,0,0,0,0,0
264,3517,  ЦЕНТРАЛЬНОЕ СО,Мытищи,49317873519,0,0,0,0,0,54720519,24968857,17284883,0,0,7683974,29751662,5951335,400212,0,0,3392256,261742,80,0,1292189,604856,23273353,14997124,6000,0,0,14991124,0,0,0,0,0,44700,196600,7313367,721562,80644,446330,0,0,0,49263153000,6705000,49256448000,0
265,212,  ЦЮРИХ НАДЕЖНОЕ СТРАХОВАНИЕ,Москва,2883568064,226105687,0,0,0,0,2883568064,1015457,1015457,0,0,0,2882552607,1880554040,829580,0,0,0,485836131,0,0,1393437768,450561,362424664,0,0,0,0,0,10904065,10904065,0,0,0,0,127334259,224186340,0,560639494,78934409,0,0,0,0,0,0,0
266,2708,  ЧРЕЗВЫЧАЙНАЯ СТРАХОВАЯ КОМПАНИЯ,Москва,97352032958,0,0,0,0,0,146587080,136096438,72779304,0,0,63317134,10490642,3115920,12886,0,0,8000,21146,0,0,2990595,83293,5674221,61200,11200,0,0,50000,438690,12500,0,363190,63000,883118,1000,4290213,0,0,1700501,694060173,694060173,0,96511385705,39740000,96471645705,0
267,552,  ЧУВАШИЯ-МЕД,Чебоксары,126443,0,0,0,0,0,126443,126443,0,0,0,126443,0,0,0,0,0,0,0,0,0,0,0,0,0,0,0,0,0,0,0,0,0,0,0,0,0,0,0,0,0,0,0,0,0,0,0
268,2136,  ЧУВАШСКАЯ МСК,Новочебоксарск,24072,0,0,0,0,0,24072,24072,0,0,0,24072,0,0,0,0,0,0,0,0,0,0,0,0,0,0,0,0,0,0,0,0,0,0,0,0,0,0,0,0,0,0,0,0,0,0,0
269,1216,  ЧУЛПАН,Альметьевск,7668381717,0,0,0,0,0,454506081,26179373,24851610,0,0,1327763,428326708,368045492,5045302,0,2990486,7998,1000000,18119,0,350133607,8849980,60281216,0,0,0,0,0,55125780,113400,0,54907090,105290,88938,14688,5051810,0,0,0,0,0,0,7213875636,22940000,7190935636,0
270,4001,  ЧУЛПАН-ЖИЗНЬ,Альметьевск,2516420,0,2146232,2132234,0,13998,370188,370188,370188,0,0,0,0,0,0,0,0,0,0,0,0,0,0,0,0,0,0,0,0,0,0,0,0,0,0,0,0,0,0,0,0,0,0,0,0,0,0
271,3957,  ЧУЛПАН-МЕД,Альметьевск,58848,0,0,0,0,0,58848,58848,0,0,0,58848,0,0,0,0,0,0,0,0,0,0,0,0,0,0,0,0,0,0,0,0,0,0,0,0,0,0,0,0,0,0,0,0,0,0,0
272,13,  ШАНС,Липецк,0,0,0,0,0,0,0,0,0,0,0,0,0,0,0,0,0,0,0,0,0,0,0,0,0,0,0,0,0,0,0,0,0,0,0,0,0,0,0,0,0,0,0,0,0,0,0
273,3998,  ЭЙС ЖИЗНЬ СТРАХОВАНИЕ,Москва,2620159,0,0,0,0,0,2620159,2620159,2620159,0,0,0,0,0,0,0,0,0,0,0,0,0,0,0,0,0,0,0,0,0,0,0,0,0,0,0,0,0,0,0,0,0,0,0,0,0,0
274,3543,  ЭКИП,Москва,5340422,0,0,0,0,0,5340422,126614,40215,0,0,86399,5213808,4690881,1486681,0,0,24835,0,0,0,1998952,1180413,460954,0,0,0,0,0,352964,337500,0,0,15464,0,20919,87071,0,0,61973,0,0,0,0,0,0,0
275,2621,  ЭКОНОМСТРАХОВАНИЕ,Саратов,114883,0,72437,72437,0,0,42446,42446,42446,0,0,0,0,0,0,0,0,0,0,0,0,0,0,0,0,0,0,0,0,0,0,0,0,0,0,0,0,0,0,0,0,0,0,0,0,0,0
276,3815,  ЭКСПРЕСС-СТРАХОВАНИЕ,Санкт-Петербург,1324850,0,0,0,0,0,1324850,0,0,0,0,0,1324850,0,0,0,0,0,0,0,0,0,0,1324850,0,0,0,0,0,0,0,0,0,0,0,0,1324850,0,0,0,0,0,0,0,0,0,0
277,1834,  ЭНЕРГОГАРАНТ,Москва,544085475674,111437323,0,0,0,0,2659931899,1153609625,158299118,6576000,0,995310507,1506322274,1339780756,87536141,2520493,28884,558576,38286148,8203729,3367356,1089194242,113452543,144481738,373100,323100,0,0,50000,44500282,42470124,30000,0,2000158,3049567,2628767,93693822,236200,8922979,13136801,0,0,0,541425543775,103210000,541322333775,0
278,1551,  ЭНИ,Ростов-на-Дону,20328558,0,0,0,0,0,20328558,14706835,14689913,0,0,16922,5621723,4317159,451794,0,0,104106,0,298267,297167,1551694,1911298,1304564,0,0,0,0,0,774351,774351,0,0,0,10000,400483,95530,24200,0,0,0,0,0,0,0,0,0
279,177,  ЭРГО,Санкт-Петербург,2519967632,0,0,0,0,0,2514037632,1526008865,1523263581,0,0,2745284,988028767,617582696,85003750,55316,0,107124,18872590,0,0,448555890,64988026,216032590,0,0,0,0,0,3642202,3642202,0,0,0,100000,20183394,192106994,0,141433489,12979992,0,0,0,5930000,5930000,0,0
280,3879,  ЭРГО ЖИЗНЬ,Москва,101151639,10374976,7721862,7721862,4061,0,93429777,93429777,93429777,0,0,0,0,0,0,0,0,0,0,0,0,0,0,0,0,0,0,0,0,0,0,0,0,0,0,0,0,0,0,0,0,0,0,0,0,0,0
281,4133,  ЭЧДИАЙ СТРАХОВАНИЕ,Москва,662878070,0,0,0,0,0,662878070,4029508,4029508,0,0,0,658848562,546786763,0,0,0,0,197544478,0,0,349242285,0,41347866,0,0,0,0,0,40000,40000,0,0,0,0,40112134,1160732,35000,65244413,5469520,0,0,0,0,0,0,0
282,3211,  ЮГОРИЯ,Ханты-Мансийск,442484820,0,0,0,0,0,428869820,124200261,80696401,7100000,0,43503860,304669559,282854707,41705643,0,0,283591,10422,324950,0,165261534,75268567,21684319,1143904,0,0,0,1143904,343344,151451,0,0,191893,2500,443959,18403938,1346674,51946,78587,0,0,0,13615000,13615000,0,0
283,4014,  ЮГОРИЯ-ЖИЗНЬ,Ханты-Мансийск,1130154,0,515903,515903,0,0,614251,614251,614251,0,0,0,0,0,0,0,0,0,0,0,0,0,0,0,0,0,0,0,0,0,0,0,0,0,0,0,0,0,0,0,0,0,0,0,0,0,0
284,3204,  ЮГОРИЯ-МЕД,Ханты-Мансийск,0,0,0,0,0,0,0,0,0,0,0,0,0,0,0,0,0,0,0,0,0,0,0,0,0,0,0,0,0,0,0,0,0,0,0,0,0,0,0,0,0,0,0,0,0,0,0
285,2243,  ЮЖУРАЛ-АСКО,Челябинск,396283235,0,0,0,0,0,396283235,297479746,4200143,0,0,293279603,98803489,97646618,70187834,0,0,0,1463417,0,0,10619188,15376179,1156871,115700,115700,0,0,0,1000,1000,0,0,0,0,11000,1029171,0,0,0,0,0,0,0,0,0,0
286,92,  ЮЖУРАЛЖАСО,Челябинск,160398336,0,0,0,0,0,160398336,140513518,79786457,0,0,60727061,19884818,17399753,1393000,150806,0,0,6291269,0,0,7211623,2353055,2402457,0,0,0,0,0,18300,18300,0,0,0,0,0,2384157,0,0,82608,0,0,0,0,0,0,0
287,1643,  ЮНИТИ РЕ,Москва,2023020,0,0,0,0,0,2023020,2023020,0,0,0,2023020,0,0,0,0,0,0,0,0,0,0,0,0,0,0,0,0,0,0,0,0,0,0,0,0,0,0,0,0,0,0,0,0,0,0,0
288,1621,  ЯКОРЬ,Москва,78346178,0,0,0,0,0,78346178,25552322,10902948,0,0,14649374,52793856,31989221,1563440,0,0,189277,2565744,0,0,26465754,1205006,20770084,0,0,0,0,0,1942872,1499230,0,0,443642,0,0,16462212,2365000,0,34551,0,0,0,0,0,0,0
